app_id,app_url,trino_app_name,trino_description,conversation_summary,bo_link,msid,payment_provider,overall_verdict,overall_color,confidence,top_category,top_subcategory,matched_keywords
69e1c737178028b6172f74ac,https://maison-royale-bet.base44.app,Maison Royale,,,,0d6f5475-7b5a-4833-bad8-d68b2a29ff07,,Likely Supportable,green,40,,,
69da7630855ef5a28238a7e5,https://island-street-soul.base44.app,Cajmoya Island Streetwear,,,,36c17959-da7b-47e0-b711-b77577f1feaf,,Likely Supportable,green,40,,,
69e1c1fbb834cfec8e5f9309,https://thoughtful-scan-dash-go.base44.app,ScanDash,,,,fb7f1308-0f81-445d-b66e-8f492cde3bbf,,Likely Supportable,green,40,,,
69e1a82b38061aeb74eeb6f0,https://techno-trading-74eeb6f0.base44.app,TechnoTrading,,,,838764f0-8f11-4891-a872-f65d217f0584,,Likely Supportable,green,40,,,
69ddc31e74133767c523d82b,https://fluffy-vital-pulse-fit.base44.app,VitalPulse,,,,74a425a1-7d84-4418-9df1-a4da1fa03352,,Likely Supportable,green,40,,,
69d5b5e8f0c6fd102ac5245e,https://district-exotics.base44.app,District Exotics,,"The project has undergone structural updates to improve reservation flow and brand identity. A new dedicated `Reserve.jsx` page was created, and the primary ""Reserve Now"" buttons in the navigation and mobile menu were updated to route users directly to this page instead of the fleet listing. Additio",,9a19779d-97eb-45a6-b0f2-f1f561ecf4c6,,Likely Supportable,green,40,,,
69deecfd1887569add981753,https://laundro-pick-flow.base44.app,LaundroPick,,,,0937bd88-51d0-413a-8cab-6d0f8b5d7548,,Likely Supportable,green,40,,,
69e1b8c9519da83ec0683d7d,https://aquatic-pure-peptide-path.base44.app,Peptide Tracker,,,,b8b439b3-d493-464d-8bdd-c1e6806b6598,,Likely Supportable,green,40,,,
69e19965de3c76f68fa36b66,https://spry-zen-space-flow.base44.app,ZenClean,,,,528fbbb6-84ed-4b69-92e1-54661c302b2d,,Likely Supportable,green,40,,,
69b37ee11931f80741cf19cf,https://poseidon-shop.base44.app,Poseidon,,,,259b0f53-1dad-4f51-b446-769752dfb550,,Likely Supportable,green,40,,,
69e1a35aa7c510cc0f9782f2,https://spiritual-daily-grit-path.base44.app,Daily Discipline,,,,ee1fe5d5-4ad5-48d6-b5df-4faae036e693,,Likely Supportable,green,40,,,
69e19b394aff61dbeee346db,https://daily-kinetic-pulse.base44.app,Kinetic Daily,,,,285089fd-bb2b-47be-ba57-a9e2402cb7bf,,Likely Supportable,green,40,,,
69e194bfae3cb6942b982f1f,https://crown-craft-shop.base44.app,CrownCraft Merch,,,,0dda5a9c-00fa-4dca-b0c2-5a158e7616e2,,Likely Supportable,green,40,,,
69e17867b226f7c593438075,https://hustle-sync-grid.base44.app,HustleSync,,,,5dd2d87b-6a2a-498d-b525-854157d8b959,,Likely Supportable,green,40,,,
69e1917a997f65bd9adba149,https://missive-reply-flow.base44.app,Missive,,,,4d8f0ca0-c1e2-4e79-87df-61978fec7781,,Likely Supportable,green,40,,,
69e19210f3ebfcbb62c26239,https://cooperative-snap-clip-flow.base44.app,ClipFlow,,,,e1f311de-7d85-4c0e-b9fc-509c10d43bb5,,Likely Supportable,green,40,,,
69e006be42702cca3d2a1354,https://fresh-fork-find.base44.app,ForkUP,,,,0475d5ba-10d0-4a94-9823-dd1085fecc69,,Likely Supportable,green,40,,,
69e18f51786b790948ce86b5,https://kinetic-hearth-global.base44.app,Kinetic Hearth,,,,032e7952-6428-47f7-b1ae-4210f30422ba,,Likely Supportable,green,40,,,
69bc1e36e01cd05f3ce08554,https://bird-watch-safe.base44.app,Feathered Threats,,"The user is developing ""Feathered Threats,"" a location-based application for tracking and avoiding mockingbird attacks. The project utilizes a Base44 backend with an `Attack` entity and a Leaflet-powered map interface. Recent development has focused on integrating an AI-powered `RoutePlanner` that c",,2a85d4e2-1218-4c26-bc95-ae70f1366d57,,Likely Supportable,green,40,,,
69ded9f0d0ab02e752f8d7a0,https://lurking-wealth-way-path.base44.app,WealthWay Coaching,,,,f320eb2e-b8a6-4319-99a7-1b486654b984,,Likely Supportable,green,40,,,
69cc3046d9fdc2812b4f06aa,https://kinetic-current-guide.base44.app,Kinetic Current,,"The ""Aspen Angling Co."" project has recently focused on implementing a ""Coming Soon"" banner and improving the website's SEO. A sticky banner was added to both the main home page and the calendar page to announce the upcoming launch. Concurrently, significant SEO enhancements were made to the `index.",,ba5db798-e763-4152-b93e-9665e3dd2a81,,Likely Supportable,green,40,,,
69e18805da6e18f352340d47,https://nova-hub-pro.base44.app,NovaHub,,,,c75ab8ea-d1e1-41c8-bbba-9e8827b23f05,,Likely Supportable,green,40,,,
6994e0a0c4f2726ea790d558,https://readyfam.base44.app,ReadyFam,,"The project has finalized the ""Staging Area"" workflow for catalog management. Administrators can now selectively toggle `is_staged` status on `CatalogItems` both when editing existing items and when manually adding new ones via the `AddItemForm`. This allows items to be held back from the user-facin",,c778d428-8730-4468-8113-a7741543e8d0,,Likely Supportable,green,40,,,
69e183c269b27f8c1c104b70,https://sceptical-lead-pulse-grow.base44.app,LeaderPulse,,,,2ed50de3-63fa-4654-9972-95f56ba543c2,,Likely Supportable,green,40,,,
69e18168e7aaeff36370307e,https://strict-nova-vault-hub.base44.app,NovaHub,,,,2e6316c9-877e-402d-81ff-0f5d2528f138,,Likely Supportable,green,40,,,
69ded607b216a25f5c7a50ad,https://kinetic-performance-labs-app.base44.app,Kinetic Archive,,,,83633f13-1d4d-4aee-9f9c-799b52dfcab1,,Likely Supportable,green,40,,,
69de7221a3944cba03908966,https://watch-alert-path.base44.app,SpotWatch,,,,e0a0c90b-c7c8-4b4d-9a1b-5d10d827226e,,Likely Supportable,green,40,,,
69e17c3e6620afa88f720d76,https://opal-braelyn-blox-verse.base44.app,BraelynBlox,,,,0ee7aa56-e58a-4876-8249-b31384d5643b,,Likely Supportable,green,40,,,
69b0510c3c93b26ce465cb7a,https://my-chronos1.base44.app,Chronos,,"The project ""Chronos"" is a time-tracking and retrospective logging application. Recent development has shifted to refining the `EntryForm` UI, ensuring that shortcut suggestions remain fixed to a predefined list (e.g., ""Sleep,"" ""Morning Routine,"" ""Class"") rather than being influenced by dynamic rece",,e6e2e541-af89-4354-9e04-fe0102db42c6,,Likely Supportable,green,40,,,
69e01bfda43ba82acc4c68e5,https://grab-gold-rush.base44.app,Gold Rush Arcade,,,,b0a8b4dc-d758-4235-830f-7d67359e0585,,Likely Supportable,green,40,,,
69e1777b901a409e0d02e763,https://costa-surf-book.base44.app,CostaVerde Bookings,,,,17d1af0b-508e-4b93-8da8-4dc66f5f0726,,Likely Supportable,green,40,,,
69dee54428d99f4c91259b8d,https://invisible-synergy-flow-app.base44.app,SynergyFlow,,,,99b437cb-6519-4c92-9ce9-eee2ce0f557e,,Likely Supportable,green,40,,,
69e17829e7218cb7a603a92e,https://neo-crash-vault.base44.app,NEO-CRASH TERMINAL,,,,b20d731e-7dc9-4502-88b7-efc4bf0ba43b,,Likely Supportable,green,40,,,
69e17228da6e18f352340418,https://kinetic1.base44.app,Kinetic Atelier,,,,010d032e-0969-4a57-9bcc-f3d9485b7941,,Likely Supportable,green,40,,,
699a95f27c634ada8742681d,https://perky-construct-pro-hub.base44.app,ConstructPro ERP,,"The project has evolved into a comprehensive Gmail-integrated automation suite for business and construction project management. Building upon previous foundations like CRM contact linking and vendor invoice parsing, the system now features a centralized ""Email Workflow Router."" This function classi",,bed9fdf9-c5b3-4a9a-8f51-417607dea72f,,Likely Supportable,green,40,,,
69e053a14a02c3f24588b6b7,https://amped-build-lab.base44.app,Amped Customs,,,,d62fed8b-0945-4892-a094-fbe6d0952434,,Likely Supportable,green,40,,,
69e163e4c12359bbb2bfbaa2,https://smoke-signal-spot.base44.app,Smoke Signal,,,,0ccd8a23-e93b-405d-ac92-c45d52cfaa7a,,Likely Supportable,green,40,,,
69e16f95dfb90d9ccf1ae540,https://pitch-ultra-gear.base44.app,PitchUltra,,,,4cad1264-ea8d-4190-8c4d-2fdee9889dac,,Likely Supportable,green,40,,,
69e0445fc3432105ea84ab33,https://style-closr-flow.base44.app,Closr,,,,75d3581f-a1ee-4d64-9800-14e9e5d8df50,,Likely Supportable,green,40,,,
69e16e476f821a33facd5e99,https://purring-kinetic-loom-wear.base44.app,Kinetic Textiles,,,,9822b883-d712-4092-a4d8-eec15be8e011,,Likely Supportable,green,40,,,
69e170107ec33cf6b6e56ac7,https://defiant-gentle-grief-space.base44.app,GriefSpace,,,,0eb4ad98-e40b-4fb8-b614-d3f5b1074536,,Likely Supportable,green,40,,,
6972c54035063824a53d7959,https://family-helper-a53d7959.base44.app,FamilyHelper,,"The user is building a community help platform named ""KindCare"" (now ""מילואים אישי""). This platform aims to connect busy parents with community helpers. Parents can post requests for help (e.g., babysitting, school pickups, tutoring) and pay a monthly subscription fee. Helpers can fulfill these requ",,1a9dd202-b2c4-490b-9634-12c24fe80ff5,,Likely Supportable,green,40,,,
69e167ea289ba8a84c596bd7,https://own-your-equity.base44.app,Equitas MLS,,,,8c45163d-6b4a-4f83-abdf-d6ff1b9ef958,,Likely Supportable,green,40,,,
69e14a4727c577e567718de7,https://masked-crew-sync-flow.base44.app,CrewSync,,,,c4c743e3-0ab4-4bad-9725-da93d538845e,,Likely Supportable,green,40,,,
69e16438365d4c9105ac46cc,https://defiant-wealth-folio-pro.base44.app,WealthFolio,,,,72713c63-ad15-41ce-83e8-b0c744ed276d,,Likely Supportable,green,40,,,
69d86922021ca3a62f97edb9,https://tap-hell-rush.base44.app,Button From Hell,,"The ""Button From Hell"" application has been updated to support data persistence, ensuring that player progress is maintained across browser sessions. The codebase, specifically within `pages/Game.jsx` and `pages/Challenges.jsx`, was refactored to replace `sessionStorage` with `localStorage`.

This c",,d2a270bf-da97-4aac-b242-a223d83282dc,,Likely Supportable,green,40,,,
69d47ee20746aca5c0da6d9b,https://praxis-office-flow.base44.app,Praxis,,"The user is building ""Praxis,"" a premium virtual executive office platform that aims to combine the functionalities of Evernote (notes, organization) and Zoom (meetings). The platform is envisioned as a ""Digital Headquarters"" for professionals. Key features include an interactive virtual office with",,3ea7dec3-5c45-4155-87c6-19cca62cd89a,,Likely Supportable,green,40,,,
69e1602571860d382ba05c17,https://book-meet-bridge.base44.app,LitConnect,,,,6753b102-527f-49a9-ab63-deebd0eb603c,,Likely Supportable,green,40,,,
69e14955dfb90d9ccf1ad54a,https://nexus-elite-wealth.base44.app,Clout Crown ,,,,625ccbca-02ea-41b6-a016-6a373249030b,,Likely Supportable,green,40,,,
69e15995c3db42ebcb5e5efa,https://little-blessing-plush.base44.app,Positive Jesus Plushies,,,,a62b1e96-1667-4a5d-a4bd-9c276f99ebe4,,Likely Supportable,green,40,,,
69e157fb3b7135f847c1b71d,https://greek-coffee-club.base44.app,Greek Coffee Membership,,,,645bbe81-5cac-4c7d-9098-fca344085df1,,Likely Supportable,green,40,,,
69e153bf234cab19c9914135,https://delightful-swing-sync-pro.base44.app,SwingSync Pro,,,,b07e4b7a-ac5f-4af3-88d0-8ffaae8302cf,,Likely Supportable,green,40,,,
69e1531f8c07192f3542184d,https://pure-motion-aether.base44.app,Aether Motion,,,,2924c6ca-0f1f-4fb4-bac3-80646791c70d,,Likely Supportable,green,40,,,
69e14863786b790948ce5d70,https://find-hidden-gaps.base44.app,GapSense,,,,93b991ee-a2a7-4ccb-a4eb-3841a02ca68f,,Likely Supportable,green,40,,,
69d900cd1e271a406d707127,https://cyan-fit-cycle-flow.base44.app,FitCycle,,"The user has initiated a project to build a bi-weekly budget and weekly meal planner application tailored for beginners interested in fitness. The application features a 2-week budget cycle to track income and expenses, alongside a weekly meal planning interface that provides workout-friendly meal s",,030847a2-05b4-493d-a2cc-2faf7c5f711e,,Likely Supportable,green,40,,,
69e08712bfaeee2b30ffbd74,https://loan-fit-ready.base44.app,LoanFit,,,,37a92f01-2454-4666-b0a4-2fee7b839a45,,Likely Supportable,green,40,,,
69e13626c050835cd25b0599,https://glow-cincy-club.base44.app,Cincinnati Skin Center Portal,,,,c3177af4-7b7a-49b8-b87c-83815543bff7,,Likely Supportable,green,40,,,
69e145a1f3ebfcbb62c2487b,https://kinetic-vault-keys.base44.app,Kinetic Virtuality,,,,36a095b9-73a3-4aef-b026-860b7b0b01c4,,Likely Supportable,green,40,,,
69e145a5624e9de9a652b94f,https://wolf-capital-core.base44.app,Wolf Investing Co.,,,,cf94debe-6195-45cc-817a-44e0ebfecd66,,Likely Supportable,green,40,,,
69e13eaa650758d5fcce3be5,https://graham-clan-gifts.base44.app,Graham Clan Gift Shop,,,,c062d120-1dee-4af4-b85f-9626da45926f,,Likely Supportable,green,40,,,
69e13d057d99dc9d478eb4fe,https://seal-vault-shield.base44.app,SealVault,,,,87d84266-27e6-4492-aff2-be8defd99206,,Likely Supportable,green,40,,,
69e139d677b7f6024d4bf4e1,https://neural-strike-keys.base44.app,NeuralStrike,,,,1a90bfe3-4835-4395-88ec-8b5413b3bb42,,Likely Supportable,green,40,,,
69dc31d3bc8a382269354511,https://precise-chronos-path-learn.base44.app,ChronosPath,,,,77961d40-7650-46a7-84c4-1690d99829bb,,Likely Supportable,green,40,,,
69e12ff1e4e597eaf8278308,https://smart-evasive-study-path.base44.app,StudyBoost AI,,,,3cee2da0-2c4a-4ad2-8481-e2263aca1332,,Likely Supportable,green,40,,,
69e132aec1c09e7f46941c3f,https://belize-trip-flow.base44.app,Belizely,,,,e91bfb64-555d-48ee-9fce-9ef8a3cc3dcd,,Likely Supportable,green,40,,,
69e133417aef601e75eba807,https://chirpy-nebula-chat-flow.base44.app,NebulaChat,,,,cbe61419-9e47-4beb-aee8-1a23a7d8808f,,Likely Supportable,green,40,,,
69db61d3230713b01b3c9db6,https://soul-freedom-lab.base44.app,Operation Freedom,,"Operation Freedom is a comprehensive, cinematic neo-soul production platform designed with a ""Vintage Velvet Tech"" aesthetic (obsidian, copper, and parchment). The application provides 22 specialized studio tools organized in a collapsible sidebar rack, including a 14-channel mixing board with VU me",,d7a9b116-19dc-4d23-8485-ac627895e2a1,,Likely Supportable,green,40,,,
69e13093b5095b16aa4e47b7,https://find-vintage-gold.base44.app,CuratorAI,,,,cb8d5c02-f5ae-4904-b9ad-9107c8275f7c,,Likely Supportable,green,40,,,
69d430342d9da0c0f37ca3d7,https://sip-link-brew.base44.app,Joined at the Sip,,"The ""Joined at the Sip"" drink shop application has undergone a significant expansion and UI/business logic simplification. The menu was broadened with the addition of eight new energy drink variations, each accompanied by AI-generated imagery. To ensure visual uniformity, the product photography for",,eb56376c-bb96-4e0a-9044-3213c35d9893,,Likely Supportable,green,40,,,
69dfe08a0c8e9839adb9f1ba,https://shemar-custom-craft.base44.app,Shemar Customs Order Portal,,,,126fd2e2-04b7-4228-a5b2-6d03ef3a766e,,Likely Supportable,green,40,,,
69e120a039effb6cf66983cf,https://mindful-momentum-hub.base44.app,Mindful Momentum,,,,2bd7607b-8862-4d5e-98a7-ee7adc47a75a,,Likely Supportable,green,40,,,
69dc6dc85d89cc9ca50cf29b,https://fridge-snap-feast.base44.app,FridgeChef AI,,"The user has developed ""FridgeChef,"" a web application that utilizes AI image recognition to identify ingredients from user-provided photos and generate recipe recommendations. The project is built using a clean, modern UI with Tailwind CSS and integrated with the Base44 backend for file uploads and",,f62fe777-ed54-4753-87bd-9daa877a0157,,Likely Supportable,green,40,,,
69e104347afb50b1637690ad,https://provocative-help-others-now.base44.app,76767,,,,2ac55e23-0eb2-433d-ac15-d09dce49fda8,,Likely Supportable,green,40,,,
69b7d62b93ab740930878df4,https://widmanuniversity.base44.app,Widman University Everywhere,,"The user is building ""Everywhere Financial Management,"" a faith-based personal finance app designed for subscribers. The application features a comprehensive suite of tools, including a dashboard with daily scriptures, budget planning, subscription tracking, an investment hub (stocks, real estate, p",,6496e2e4-8347-410c-b85e-d3fdc2e27268,,Not Enabled for Wix,orange,70,Financial Services,Digital Banking / Money Services / P2P Payments,['financial management']
69e110b06b979bdcbe80b630,https://prime-pixel-drop.base44.app,Wallpapr,,,,c268b085-90fb-49a7-8ac1-60b6ba94646f,,Likely Supportable,green,40,,,
69e10e65d20dcff20a3e78d1,https://miniature-find-your-finds.base44.app,Found,,,,a1d71636-3f1a-4195-b1bc-ad61bac97f00,,Likely Supportable,green,40,,,
69e10d94037d3f4eed50db76,https://verity-ed50db76.base44.app,Verity,,,,a3ef09b5-f1d0-4751-b256-4bb609feb9d4,,Likely Supportable,green,40,,,
69b40808d1e866e44452ad7c,https://vault-armor.base44.app,VaultArmor,,"The ""VaultArmor"" project has undergone significant navigation and feature updates. The Settings link was moved from the `BottomNav` to a gear icon within the `VaultHeader`, and a new export functionality was implemented via `lib/exportVault.js`. This allows users to decrypt their stored vault items ",,baa0c572-3714-403f-83e7-d1f14f3fae9c,,Likely Supportable,green,40,,,
69e1011716cabd47fd183ac4,https://juicy-live-stage-flow.base44.app,StageFlow,,,,59004c4f-fcee-4225-810b-89c6e60b8cad,,Likely Supportable,green,40,,,
69e0fe867ef029fd79f97f07,https://merciful-pure-text-flow.base44.app,HumanizeAI,,,,033c18c2-3977-4ed1-a03d-a353b4ec7f5f,,Likely Supportable,green,40,,,
6907b40abac43b6381c86e43,https://luxe-nails-studio-81c86e43.base44.app,Luxe Nails Studio,,"The user is building a beauty salon website for ""Luxe Nails Studio"" owned by Sapir Barda. The project has evolved through several stages, focusing on core features, aesthetic refinement, and administrative functionalities.

Initially, the focus was on fixing existing pages and integrating social med",,39da1b05-d6dd-4d5c-89f0-2378b5f417e9,,Likely Supportable,green,40,,,
69e0f3383c5ff9d850177faa,https://trademaster-courses-pro.base44.app,TradeMaster Academy,,,,dead3f27-c275-4921-9d18-a61f5edc7505,,Likely Supportable,green,40,,,
69e0f3943c054bc924481c31,https://hospitable-vibe-cart-shop.base44.app,VibeCart,,,,480c752d-c3fb-421c-a484-3eeff6c1d662,,Likely Supportable,green,40,,,
69e0ec4e32d76dc68120de00,https://magnetic-local-connect-now.base44.app,LocalConnect,,,,efabd4f7-9ed3-440e-9893-bae84a8367c3,,Likely Supportable,green,40,,,
69892860791db6cfc7c7692e,https://christ-fellowship-international-c7c7692e.base44.app,Christ Fellowship International,,"The ""Christ Fellowship International"" platform has been significantly expanded to include a tiered subscription model and advanced community features. The platform now utilizes a new `Subscription` entity to manage access levels: a ""Free"" tier (limited access), a ""Silver"" tier (access to all feature",,d9502b75-f054-4946-9b8a-a75e6b506456,,Likely Supportable,green,40,,,
69e08fe1c13ed1dace05c5a9,https://codes-of-justice.base44.app,Codes of Justice,,,,27e2cc31-4ccc-48d6-979c-1cf8baf30b66,,Likely Supportable,green,40,,,
69ad075ccdf44738ff4a478f,https://carolinalasercraft.base44.app,SaberBros,,"The project focus has shifted to establishing a comprehensive `Product` catalog for a lightsaber storefront. After initially resolving display issues for the ""E02-A"" model by switching to a stable hosted image, the user requested the import of the full TXQ lightsaber catalog. 

The agent successfull",,31b0472d-fdee-4bd6-bd6f-4e935898f53a,,Likely Supportable,green,40,,,
69e09e307739ffa2f315da49,https://grumpy-craft-course-flow.base44.app,CourseFlow AI,,,,e1ea2b73-c9dc-454d-805d-b6d6f8ea7a42,,Likely Supportable,green,40,,,
69e098a606eca51f47982e37,https://vocal-canvas-live.base44.app,Vocal Canvas,,,,036358cf-94e0-4991-be36-ba75533e5af3,,Likely Supportable,green,40,,,
69e091c8feb5df8a5adb7743,https://astute-calm-core-flow.base44.app,SerenityAI,,,,b99c9bed-afba-413e-a6c1-beaf78d3d907,,Likely Supportable,green,40,,,
69e0802a3409e7988d85f9da,https://east-pay-flow.base44.app,PaymentEast,,,,18dfe158-d0e2-43ad-8092-dcf1aad6420f,,Likely Supportable,green,40,,,
69e074227fba948c45f0d94d,https://spry-market-hub-find.base44.app,Marketplace Hub,,,,607ce504-f2e6-4961-8ca9-1f2f01265ba6,,Restricted — Review,orange,70,Marketplaces and Aggregators,Marketplace / Multi-Vendor Platform,['marketplace']
69e078c1608433ea3c057795,https://smart-budget-flow-frisky.base44.app,Financify,,,,883f40af-c1ea-4666-b531-0ab6de088e41,,Likely Supportable,green,40,,,
69e079a012a75626a88d5839,https://lafontaine-market-hub.base44.app,La Fontaine Market Hub,,,,86aad9f7-063c-4ca4-bc04-4117ce643025,,Likely Supportable,green,40,,,
69d3f10b9155fc574bdbb842,https://find-ucloud-living.base44.app,UCloud LA,,"The ""UCloud"" platform has expanded its administrative and frontend capabilities, notably with the implementation of a weekly automated email system for subscriber data. Recent efforts focused on enlarging the rental property database by adding two new Malibu listings: ""Malibu Coastline Apartments"" a",,59e6ae7f-9a7c-4b06-b688-720a01405cb8,,Likely Supportable,green,40,,,
69dee0a2ef2b29546cf2f41f,https://omniscient-flow-logic-logistics.base44.app,FlowLogic AI,,,,7e6c2ebb-f956-4643-936b-a01a3767617e,,Likely Supportable,green,40,,,
69cf01d6eb1a631fac37e305,https://jd-ac37e305.base44.app,JD,,,,4ab9cd68-38d5-4a7c-a084-8363e30f7a72,,Likely Supportable,green,40,,,
69e0566972890e0c721cb8b7,https://learn-craft-flow.base44.app,CourseCraft AI,,,,e5495e14-8396-4039-a542-aa31af7b7120,,Likely Supportable,green,40,,,
69daef7d99babcbd12161b2b,https://jack-pot-app-copy-12161b2b.base44.app,Jack pot — App (Copy),,,,4a25d6ca-0353-4270-94ea-51380d397c33,,Likely Supportable,green,40,,,
69e05a81e61756844c34c497,https://clause-guard-scan.base44.app,ClauseGuard,,,,a7b0a9b5-c356-4723-87ac-5f3831b4d61c,,Likely Supportable,green,40,,,
69df67354eb7bd0969ccd0fc,https://seek-wisdom-open.base44.app,OpenMind,,,,f4d18ef4-b8f5-477e-978d-9e74faccf2f9,,Likely Supportable,green,40,,,
69d1a0433ae75734884072ad,https://apush-cat-academy.base44.app,Apush Cats,,"The project work has focused on two primary areas: content standardization for `MCQQuestion` entities and UI updates for the application. Following a successful audit and correction of improper punctuation—specifically replacing incorrectly used colons and em dashes—across Units 6 through 9, the con",,c4d7ae99-c054-4044-bc15-052f5b953758,,Likely Supportable,green,40,,,
69d7456819869d3b11406ce9,https://live-well-daily-reset-flow.base44.app,Daily Reset AI,,"The ""Daily Reset AI"" project has finalized its mobile-optimization phase, focusing on achieving a native app-like experience. Key infrastructure updates include the implementation of `useScrollPreservation` to maintain scroll positions across main navigation tabs and the integration of React `lazy` ",,e27975fb-8952-4e4a-8f9f-05a2d9c512d9,,Likely Supportable,green,40,,,
69e04be3f69680853109a5e1,https://barnett-vault-drop.base44.app,Barnett Vault,,,,3411fdc6-392b-46e0-9034-28bc393686a8,,Likely Supportable,green,40,,,
69d86ebf75fd33bd98e7f0fd,https://amethyst-vault-secure.base44.app,Amethyst Vault,,"The Amethyst Vault platform is now fully optimized for mobile devices while maintaining its existing feature set for desktop users. The primary architectural changes involved implementing responsive layout logic, including the introduction of a `BottomNav` component that appears only on mobile, and ",,127c6d77-31b0-4595-867d-616f6f45a604,,Likely Supportable,green,40,,,
69e048b637bb927f0b84a385,https://merry-smart-ledger-flow.base44.app,Ledgerflow,,,,38b9eefc-e817-4034-9ece-a49180b301df,,Likely Supportable,green,40,,,
69def809d8801d3ba047a9cf,https://mama-move-flow.base44.app,MamaMove,,,,3bced1e2-6dd3-4e86-8596-30dd9ac27f4e,,Likely Supportable,green,40,,,
69ded4c1a3a3b9e2a478c48a,https://hypnotic-morning-anchor-app.base44.app,Morning Anchor,,,,53679834-7915-4bd7-9df7-d5e18da8041d,,Likely Supportable,green,40,,,
69d5c9fd3df3c43ff193dd31,https://roots-volleyball-hub.base44.app,Roots,,"The project, ""Roots,"" is a volleyball club management platform currently focused on refining its branding and data integrity. Key visual updates include the integration of customized, AI-generated shield-style logos for the club's seven distinct teams (12 Sprout through 18 Thornstorm). Following the",,189d8e36-f0a7-4683-a41f-b8ac83e3b515,,Likely Supportable,green,40,,,
69def85e8eb424c8b7adc361,https://goal-achiever.base44.app,QuestLevel,,,,1dc9244a-25e7-4885-9841-67fe43a74422,,Likely Supportable,green,40,,,
69e039285efc2139a8a323de,https://novagen-lab-core.base44.app,NovaGen Research,,,,d4a4d6eb-79ee-4c27-8558-e1aa84a8daf6,,Likely Supportable,green,40,,,
69e036976123ea525f164a99,https://yardbroswork.base44.app,YardBros Pro,,,,e02c9236-3ae4-4e69-bb87-3cb3bbe00fb3,,Likely Supportable,green,40,,,
69e03dc5f49cfde3dd251666,https://hasty-echo-mind-flow.base44.app,EchoMind,,,,8d2e5363-938b-4844-b346-c90ac17d7b63,,Likely Supportable,green,40,,,
69dfee083b2804ee056d9d43,https://sovereign-seal-notary.base44.app,Sovereign Seal,,,,83007f1a-5da6-4b74-8f98-9cbb4064d375,,Likely Supportable,green,40,,,
69e031465c7bb4cecf8027b7,https://superagent-cf8027b7.base44.app,Superagent,,,,6679d282-de25-47c7-a0fd-121f92d04f5b,,Likely Supportable,green,40,,,
69293527e70b5e8af0649c65,https://techez.base44.app,TechEZ,,"The user is building a web application and has recently focused on enhancing the homepage with new sections and improving lead generation. Following the successful implementation of a ""Get a Quote"" feature and its mobile responsiveness, the user requested to add a ""Tech Stack"" section to the homepag",,df9512cc-c2c7-4972-ae64-061855a6dca3,,Likely Supportable,green,40,,,
69e02c5dec18f8a82bd1b324,https://serious-quest-daily-flow.base44.app,HabitQuest,,,,c0f6aa2f-b765-455e-a6a0-21833d16a5bf,,Likely Supportable,green,40,,,
69e01cfadf125367b331f6a1,https://tempo-eats-now.base44.app,On Tap,,,,5e7c2535-ef5e-4b72-a7fa-4fe4f0228fbf,,Likely Supportable,green,40,,,
69e02a2fc9f636f114fff3e2,https://paper-mommy-help.base44.app,Paper Mommy,,,,4dae445f-4faa-45c0-8dd3-7f3455c7f8b3,,Likely Supportable,green,40,,,
69e028d7e34e45fec7b1ca7a,https://solid-terra-flow-pro.base44.app,TerraFlow,,,,5dfc1fe7-5915-4063-9e7d-9e1052d5a789,,Likely Supportable,green,40,,,
69e027e1fb321df31bdd90a4,https://just-call-now.base44.app,Just Call,,,,1197d619-bb84-4dd4-9c42-c662c57b5e76,,Likely Supportable,green,40,,,
69e01fa4f696808531098e9f,https://seven-tool-peak.base44.app,7 Tool Athlete Training,,,,9695ad96-6d91-4204-909b-f8b106e772ca,,Likely Supportable,green,40,,,
69c00d3be3bbc9483caf3511,https://trust-trade-sync.base44.app,ClientBlacklist,,"The project has undergone significant functional enhancements centered on administrative communication, moderation, and data management. Key developments include:

**Administrative Communication and Workflow:**
*   **Centralized Messaging:** A shared `ComposeMessageDialog` component was created to u",,7208e55a-886d-4f97-a931-8eebae61edd2,,Likely Supportable,green,40,,,
69e004a4e34e45fec7b1bf62,https://affable-swift-mail-craft.base44.app,SwiftMail AI,,,,04f249d1-9b91-44a7-9938-dbed01c14c56,,Likely Supportable,green,40,,,
69dc0c5e9d227b137ebd8d1e,https://sterling-market-sense.base44.app,SterlingSentient,,,,6078d68a-1dc5-49a9-a624-6ef8f51222a4,,Likely Supportable,green,40,,,
69dfe08b986888d6246d0635,https://click-crate-pro.base44.app,CS Case Clicker,,,,57931d16-a15c-4556-8cbf-bb3ea0f43f5c,,Likely Supportable,green,40,,,
69be2869d2d3e89243880933,https://obedient-glow-daily-notes.base44.app,Dose of Life,,"The ""Dose of Life"" application has been enhanced with advanced filtering capabilities on the `History` page, including a collapsible panel for mood multi-select, date range, and tag-based filtering. The `Journal` page now features an interactive `DailyAffirmation` component with a persistent ""favori",,b4337bcb-b7de-4c61-ae8f-73dc4956e911,,Likely Supportable,green,40,,,
69dfe1031d84a1010cb28387,https://elite-nil-deal-pro.base44.app,NIL Offer Engine,,,,24e0506c-8d6f-4118-b4a8-0b82a2404fbe,,Likely Supportable,green,40,,,
69e012917a669048659631d9,https://cherry-print-bow.base44.app,3D_Triplets,,,,2e7b181d-90d0-4b28-a7dd-c439bc1e08b4,,Likely Supportable,green,40,,,
6993339f0df5908a0d35cd91,https://media-life-stream.base44.app,Media for Life,,"The project is a subscription-based video streaming platform where access to premium content is gated by an `is_paid` boolean on the user entity. The current focus is on automating the subscription process by integrating Stripe, with the goal of automatically flipping the `is_paid` flag upon payment",,63ead058-885a-4b75-8e0c-44438a20d90b,,Likely Supportable,green,40,,,
69e009a812cbe1fe2a5c6052,https://heart-tale-sync.base44.app,Heartstrings: Romantic Tales,,,,24c487e4-9ade-4139-80e0-bed2231adc37,,Likely Supportable,green,40,,,
69e005ce56fcc73390e4cef5,https://hallowed-pure-matcha-flow.base44.app,Matcha Harmony,,,,27357dfb-8f0f-4c0b-96e5-bc1ebcf6c16c,,Likely Supportable,green,40,,,
69e0064db2e6db19a26dda31,https://colorful-craft-flow-scale.base44.app,EtsyFlow,,,,50dfcb38-fd5b-4238-b84b-8a6b3f4922a3,,Likely Supportable,green,40,,,
69e005b7efe3d73c441bb7d1,https://prime-home-revive.base44.app,RestoExterior,,,,df64f5a4-492b-4ee8-a33e-64e5c6df9291,,Likely Supportable,green,40,,,
69e00184d2b3b94ae0cc3c66,https://screeching-tee-mate-link.base44.app,FairwayFind,,,,b91465e8-19e5-416f-bc08-c6f92cbd392a,,Likely Supportable,green,40,,,
69deae40ef2b29546cf2e3a1,https://thetradersacademy.base44.app,The Trading Academy ,,,,d61e4170-226b-4d44-b6cb-749fa35d6772,,Restricted — Review,orange,30,Financial Services,Trading Signals / Investment Advice,['trading academy']
69dbbf31bacf7eef954c19ae,https://vibelabnj.base44.app,Vibe Lab NJ,,"The user is converting an existing HTML website for ""Vibe Lab NJ,"" a boutique film photography lab, into a modern React application. The project focuses on recreating the original site's distinctive visual identity, which uses a ""warm"" design system (warm beige backgrounds, teal, amber, and pink acc",,14953cf7-6694-4bf1-ac04-4f8dd504daed,,Likely Supportable,green,40,,,
69dffbb2f49cfde3dd250414,https://puppy-match-home.base44.app,PuppyMatch,,,,59954cf8-1415-46ca-a82a-85b623f2928b,,Likely Supportable,green,40,,,
69dff559e724ff64cf8d07e1,https://helpful-wealth-flow-pro.base44.app,WealthFlow Advisor,,,,0d1548f1-918f-49b9-88cf-447bbf044bf5,,Likely Supportable,green,40,,,
69dff287f49cfde3dd250048,https://bug-haul-fix.base44.app,BugHaul,,,,5decda6f-ea22-4747-964e-cc59dc15747e,,Likely Supportable,green,40,,,
69dd23d0da9ffc53a5e75049,https://retrogroove.base44.app,RetroGroove,,"The project has transitioned into a more stable state following several critical fixes to the UI/UX and backend communication. Key improvements include resolving API rate-limiting issues in `ProjectStudio.jsx` by batching requests and removing premature auto-saving of FX settings, shifting instead t",,a2ec2459-b6d9-45b1-88dd-e71ab3f0d412,,Likely Supportable,green,40,,,
69dbfc1061acac0d689a9b63,https://velocity-local-link.base44.app,Velocity Logistics,,"Hope Schiesser is building a delivery service platform on Base44, designed to manage local courier operations. The project focuses on integrating various third-party operational tools into a unified client-facing experience. Key components include a marketing site and a merchant onboarding flow that",,8b4c0a29-5834-46a8-8f03-0f046d471207,,Likely Supportable,green,40,,,
69857afa9bcba644d5a48fb3,https://let-s-work.base44.app,LessWork,,"The project is a job management platform for the film industry, featuring a backend built on Base44 entities (`UserReport`, `BlockedUser`, `PrivacySettings`) and a frontend with integrated reporting, privacy controls, and community guidelines. Recent development successfully resolved a build conflic",,9b799785-a77d-43e1-bcc2-e0902fe2e116,,Likely Supportable,green,40,,,
69dfe17bb86f643c61ebd515,https://auspicious-velocity-flow-go.base44.app,VelocityFlow,,,,39f07aa0-0e9f-4085-a75c-639602576924,,Likely Supportable,green,40,,,
69dfe174f698e7830aa61b56,https://equi-vet-vault.base44.app,EquiVet Data,,,,fc69a844-f477-4c5d-ba0c-f320cb2dd4b4,,Likely Supportable,green,40,,,
69dfab8cd92444a2536dd091,https://scape-home-flow.base44.app,SCAPE,,,,5a0071f8-5b05-4a0d-9168-f60d7f8f248b,,Likely Supportable,green,40,,,
69dfc8da9955133cfa04ae3e,https://alter-behavior-behavior-intervention-fa04ae3e.base44.app,Teacher Version: AlterBehavior Behavior Intervention Plan Creator,,,,b090617e-3bd5-4fc1-ae57-bc2177281927,,Likely Supportable,green,40,,,
69dfda9c1d84a1010cb281aa,https://ancient-skill-bridge-go.base44.app,SkillBridge,,,,6f5f440b-c94c-45bc-8e52-95a220bbbe2a,,Likely Supportable,green,40,,,
69dfcbd93a52ab8749b94e50,https://message-gears-price.base44.app,MessageGears Pricing Engine,,,,1b15da6e-fc78-4783-8f19-b33aef70135b,,Likely Supportable,green,40,,,
69d71c6fe5482d0f59e445a7,https://vivacious-sole-source-find.base44.app,Soleoist,,"The project **SOLEOIST** is a sneaker commerce and negotiation platform. The application structure centers on the `NegotiationThread` and `NegotiationMessage` entities, with UI support provided by `NegotiationThreadModal` and `MakeOfferModal`. Branding efforts have focused on a red-themed color pale",,2565de86-409e-4705-b4a6-e8e44851a2d4,,Likely Supportable,green,40,,,
69962111adb459fb38e4bec3,https://oxbowmillworksdoors.base44.app,Doors and Drawers,,"The project successfully resolved the React dependency conflict in `AuthContext.jsx` that was causing the `useState` runtime error. The root cause was identified as a problematic deep import of `@base44/sdk/dist/utils/axios-client`, which was inadvertently bundling a second instance of React into th",,9408b490-d022-42fe-8de1-8bd74c46f144,,Likely Supportable,green,40,,,
69df6a49018b5c836c4bd8e6,https://horned-pure-scan-wise.base44.app,PriceLense AI,,,,fe17f573-0c7e-499c-90b7-a2a548f696fc,,Likely Supportable,green,40,,,
69dbc40a09cb9db00a477cab,https://spectral-idea-forge-flow.base44.app,IdeaForge,,"The project is ""IdeaForge,"" an educational platform designed to guide users—particularly children and beginners—through the process of developing ideas into real projects. The application utilizes a 5-stage pipeline (Spark, Research, Planning, Prototype, and Launch) where a mascot named ""Owlie"" serv",,b51b3c29-99b7-4ccb-aa7b-03934b95d97b,,Likely Supportable,green,40,,,
69dfc1e44f6338666823d9f1,https://cute-fresh-pantry-pick.base44.app,FridgeFlow,,,,da32e217-9dd2-498c-99f4-cca636724072,,Likely Supportable,green,40,,,
69dfc48f47c52349487d7575,https://city-tax-link.base44.app,CityTax Connect,,,,5295e6b8-c4ef-4001-a803-b88bb87e76e3,,Likely Supportable,green,40,,,
69dfba31733722bc2394611f,https://liberal-fit-flow-pulse.base44.app,FitFlow,,,,2f6b3d5d-891f-4dcb-ae6e-500001bac873,,Likely Supportable,green,40,,,
69b2e9ea1516b2bd7d71f730,https://carfindr.base44.app,CARFINDR,,"The **CARFINDR** platform's booking functionality has been updated to accommodate specific business hours. Previously, the platform used a standard set of time slots for bookings. Now, the `BookingForm` component has been modified to dynamically display available time slots based on the selected dat",,77cd4bf4-e91d-4df8-8ea8-a7d9545efa25,,Likely Supportable,green,40,,,
69dfbc0ef81d6d3352941144,https://courageous-savory-batch-bites.base44.app,SavoryBatch,,,,311f0e54-ace1-496d-b7fb-011f550ecd51,,Likely Supportable,green,40,,,
69dd3c5d36e1ffd6e50006ad,https://glam-archive-noir.base44.app,HollywoodBest Archive,,"The user is building a ""cinematic"" e-commerce store for **hollywoodbest.com**, designed with an Obsidian Noir aesthetic, custom branding, and a high-end film industry feel. To achieve this, the agent scraped existing product data from the site and is building a custom React application on the Base44",,07f627ad-363c-4df2-9cc9-c8bc70156432,,Likely Supportable,green,40,,,
69dfaf8839c40e47dad91124,https://digi-press-direct.base44.app,DigiPress,,,,2e640f6e-691d-48ca-9684-46127cc1592a,,Likely Supportable,green,40,,,
69c0e4f56eb3fd6ea4d49950,https://reaction-royale.base44.app,Champions Hub (Copy),,"The ""Reaction Royale"" engagement platform continues to evolve its automated notification infrastructure. Building on the `UserStreak` and `DailyChallenge` entities, the project now features a `dailyChallengeReminder` backend function triggered by a 9am ET scheduled automation.

To address security c",,225396d3-ed40-4328-bcc1-173cb985075a,,Likely Supportable,green,40,,,
69dfa69d5443aa5d0c7b2c6e,https://custom-beat-flow.base44.app,BeatSync,,,,c882eae3-d0fd-4675-95a6-479efe3fb24d,,Likely Supportable,green,40,,,
69df9cf9eb4820ecb4cea653,https://thehairplace.base44.app,Velour,,,,527b856f-79b5-48f6-9516-9d2bf1eb1a42,,Likely Supportable,green,40,,,
69dfa3cf30b40e42fdccacb3,https://slim-swift-move-now.base44.app,SwiftMove,,,,b20faf1b-9575-4794-a54d-8056e812920b,,Likely Supportable,green,40,,,
69df96f34e2cdc35745043e3,https://summer-chaos-club.base44.app,Summer Chaos,,,,2fdc5190-3fb1-4cda-9cd9-70bb90780797,,Likely Supportable,green,40,,,
69df9d5c27fdc463508a4e50,https://tempo-snap-play.base44.app,TempoSnap,,,,8d8430c8-8bcd-4661-bbb4-c2c285389b3f,,Likely Supportable,green,40,,,
69df953097ceac467da8c1cd,https://study-burger-prep.base44.app,Burger Helper,,,,ef1c7f7f-4b42-44dd-b549-cc75da20de70,,Likely Supportable,green,40,,,
69df8f90ddbf4fe15ebf8441,https://nippy-hard-grit-path.base44.app,Hard75 Pro,,,,0e04584d-8c29-4fcd-b799-a0f5705178ef,,Likely Supportable,green,40,,,
69d4258de120c10be46f2e87,https://luxshutter.base44.app,LuxShutter,,"The user is building a ""Photography Settings Calculator"" web application, which now allows for both authenticated user profiles and unauthenticated public use. Key functional updates include the addition of a ""Gear Locker"" entity, enabling users to store and select specific camera and lens combinati",,e98eae46-75d4-4937-9b88-77377f6f3a6e,,Likely Supportable,green,40,,,
69df67daf5d83a335eda4641,https://terrestrial-retro-pong-pulse.base44.app,Neon Pong Arcade,,,,fca2eb23-10d2-4054-8eff-0970b6085e68,,Likely Supportable,green,40,,,
69df69e9064052eb3022eefb,https://gay-cloud-nine-smoke.base44.app,CloudNine,,,,5c2e0a93-29ef-48a2-bd6d-e21c0d67cc71,,Likely Supportable,green,40,,,
69df6a1137c128799fe7dd33,https://precious-stream-line-pro.base44.app,StreamLine IPTV,,,,d5889d30-97d0-4610-b33c-9c0b28f23d85,,Not Supportable,red,80,IP Infringement,IPTV Piracy / Illegal Streaming,['iptv']
69df645ceb91e69861bd0cc3,https://pigeon-pals-fund.base44.app,Pigeon Pals,,,,661d104b-55fe-4435-bb43-36a72d4af550,,Likely Supportable,green,40,,,
69df483760b9709ad790222a,https://swift-seal-pro.base44.app,SwiftNotary,,,,e66a3781-7baf-4104-ac22-c8256cb63f28,,Likely Supportable,green,40,,,
69df3f152646bdb13b6640d6,https://ubiquitous-fluent-learn-flow.base44.app,Fluentify,,,,c62529a7-8c43-4cdc-9721-4e57f0f8bc73,,Likely Supportable,green,40,,,
69df30ad9d172c448e83bef4,https://echo-scale-growth.base44.app,EchoScale,,,,e1818c58-acfe-4b57-bedf-2834eb9396cd,,Likely Supportable,green,40,,,
69df2972b79de6c7ff18f326,https://vivacious-nexora-pay-flow.base44.app,Nexora Pay,,,,81cb6ac1-70e5-4d04-b636-93eaae6f394a,,Likely Supportable,green,40,,,
69def231ef2b29546cf2fb5f,https://bob-the-builder-6cf2fb5f.base44.app,Bob the Builder,,,,9dcbdc6e-3191-4e6b-bc75-a6b0b5d7fbdf,,Likely Supportable,green,40,,,
69deccba7a29f49a785f896f,https://mike-785f896f.base44.app,Mike,,,,c0d52793-b19a-44c1-807e-5646b96aff8b,,Likely Supportable,green,40,,,
69df1a36112d6123afa50102,https://nexhelloconnect.base44.app,NexHello,,,,931657f3-8a43-42d9-8b50-b22c3408eb45,,Likely Supportable,green,40,,,
69df24e1f960d44014053bb8,https://cash-agent-14053bb8.base44.app,Cash Agent,,,,e2a31ff9-4786-4429-a8c1-cc2892fffc7d,,Likely Supportable,green,40,,,
69df2015ebc4f02595c5e838,https://ascend-texas-license.base44.app,Accredited Ascension,,,,20c0c4ea-d6ca-4fab-874b-f62920ce38ae,,Likely Supportable,green,40,,,
699f318857f4f8c79e36ea28,https://ai-fintech-startup-copy-9e36ea28.base44.app,AI Fintech Startup (Copy),,,,862f379b-90da-4c40-b2b9-8d314713bb4a,,Not Enabled for Wix,orange,50,Financial Services,Digital Banking / Money Services / P2P Payments,['fintech']
69de0471dfaf487a44c53fc6,https://pixel-map-club.base44.app,PixelPlay,,,,9cfbff46-d0ab-4099-bc91-666640c03573,,Likely Supportable,green,40,,,
69df0cb88f845f9a072c5eac,https://unspoken-poet-verse.base44.app,Unspoken,,,,6a65dbf8-d696-4528-bf37-2ae699c79bd0,,Likely Supportable,green,40,,,
69dd82e77173a6aff96283fc,https://brilliant-food-flow-hub.base44.app,FoodFlow,,,,3a8a2c27-052f-4532-9144-849cdc9d2392,,Likely Supportable,green,40,,,
69dbc0920639e8004ec6b05b,https://aaedge.base44.app,AA EDGE,,"The user is developing a ""Prop Firm Trading Journal"" application, transitioning from a static HTML prototype to a functional React-based platform. The project is designed with a dark, professional ""trading terminal"" aesthetic and incorporates a navigation structure supporting five core modules: Rule",,a59ddb2c-1f14-4705-8002-02a07159417c,,Not Enabled for Wix,orange,70,Financial Services,Loans / BNPL / Brokerage / Neobank / P2P,['prop firm']
69ddbcc349edb8e68e054d3e,https://None.base44.app,untitled,,,,25f7f1c8-9c01-4739-bbc0-987658deb8c4,,Likely Supportable,green,40,,,
69500f3521205281b1a0e3ee,https://fernandez-crm-pro-b1a0e3ee.base44.app,CHATO CRM PRO,,"The ""Fernandez Home Solutions"" contract management system has been refined to ensure visual consistency and high readability across all generated PDFs. Building on the previous work to standardize document structure, the user requested a unified ""pure black"" (`[0, 0, 0]`) aesthetic for all major doc",,fe5e647a-3626-40ba-943b-b28e1374393e,,Likely Supportable,green,40,,,
69dac625849d2efe5a27e2dc,https://best-tee-battle.base44.app,BTSE (BestTShirtEver),,"The project for BestTShirtEver.com has moved into a validation phase regarding its backend automation and data visibility. It was confirmed that while the system uses a scheduled automation to calculate designer payouts weekly on Mondays, the actual transfer of funds remains a manual process. The pl",,d909c10e-fdf8-41e7-8fff-c40f1fc0e10f,,Likely Supportable,green,40,,,
69defb28185cc269ae026fc6,https://auto-pilot-local.base44.app,AutoPilot Local,,,,aac49caf-0328-44c5-9e14-eae4d336dfa1,,Likely Supportable,green,40,,,
69d87d1e284b90ed617b345f,https://safe-travel-brief.base44.app,LARA by Aviana,,"The project has been fully rebranded to **LARA by Aviana** (Local Area Risk Assessment). Following the initial site-wide terminology update, the user initiated a final sweep to remove legacy branding references. All remaining instances of ""TravelBrief,"" ""brief,"" and ""briefing"" have been systematical",,d168c089-b536-4dbc-aa11-05f31becd0e0,,Likely Supportable,green,40,,,
69cc846b51630065a8609337,https://st-pete-shopping-co.base44.app,St. Pete Concierge,,"The user is building **""St. Pete Shopping Company,""** a luxury concierge service app featuring a mobile-first design with a coral and sand aesthetic. The project provides services for local errands, grocery delivery, and a specialized ""Traveler"" section for visitors (e.g., Airbnb guests). Key infras",,d136a165-f79e-43be-b465-4c358acd3bfb,,Likely Supportable,green,40,,,
69d61f47444837d744b6fe5e,https://esoteric-curated-atelier-home.base44.app,Atelier,,,,7f465c55-b645-4c9c-9204-a93b5e76fb99,,Likely Supportable,green,40,,,
69de5664a1453121cbe21160,https://atlas-explore-log.base44.app,Travel Tracker,,,,cf56e686-5f8a-461c-9df0-0b73fc2a85da,,Likely Supportable,green,40,,,
69d96e59eeaba1edcdb940d0,https://peak-wrestle-give.base44.app,Peak Ascent,,"The project has successfully transitioned into a multi-tenant SaaS platform tailored for school districts and wrestling programs to manage independent fundraisers. Key architectural components include the `Organization` entity for data isolation, an `OrgBrandShell` for dynamic white-labeling, and a ",,65ec0421-aef0-4e59-9442-964404679ad5,,Likely Supportable,green,40,,,
69d97568533fec321a30f0c4,https://breathe-tree-wear.base44.app,Under The Tree,,,,20d8d492-8529-4802-b572-8941b64633f4,,Likely Supportable,green,40,,,
69d728ae2fb9946d98837195,https://clockedursht.base44.app,Clocked,,"The project has evolved into a comprehensive social and productivity app with a distinct 90s-inspired aesthetic. Key functional additions include a modular ""Games"" hub featuring four interactive experiences (Block Stack, Doodle, Birthday Compatibility, and a pink-themed car racing game with persiste",,c9cea161-f797-462a-bb5d-7480446f6762,,Likely Supportable,green,40,,,
69dedfbcb1dad322985f3461,https://libris-book-stack.base44.app,Libris,,,,da1e085e-4de3-449e-b2dd-ce6a9214e5f5,,Likely Supportable,green,40,,,
69deb9c14cd3a2565d198901,https://jaro-5d198901.base44.app,Jaro,,,,5ee68896-0cb3-4ad2-bcf7-278591bf41f2,,Likely Supportable,green,40,,,
69dd8f634194e9cacae20293,https://kryptos22.base44.app,Kryptos 2.0,,"The user is building **Kryptos**, a secure local-first file vault on Base44. The project features local storage management, session-based access, and a custom code redemption system for expanding storage. Recent development focused on enhancing user controls, including a new vault-level ""Region Lock",,db485e92-4484-4ec6-ac76-010fc0a605b8,,Likely Supportable,green,40,,,
69dd177230be6c7f2c7e179f,https://beat1.base44.app,Beat Studio,,"The user has transformed the ""Beat Studio"" application into a highly interactive, modern music production platform inspired by Chrome Music Lab. The architecture now features a modular ""Studio"" dashboard that supports a multi-tabbed interface, allowing users to toggle between a core sequence-based w",,8ad4c350-8a75-4f42-a918-90d55e6500cb,,Not Supportable,red,50,Illegal Products and Services,Counterfeit / Fake IDs / Human Trafficking,['inspired by']
69ded8da302e800b1143ce56,https://horned-route-master-flow.base44.app,RouteMaster,,,,9a909674-1aaf-4480-ae0d-0e1a7381ba67,,Likely Supportable,green,40,,,
69dc7b5bb104b5babbe40ef4,https://ascend-daily-shift.base44.app,Ascend,,,,36e418b2-38f7-4223-8c0e-d2d81370d456,,Likely Supportable,green,40,,,
69dd952350782124d69d1444,https://pure-yacht-shield.base44.app,Maritime Sanctuary,,"The user is building a professional, high-end landing page for ""Chitown Marine Pest Control,"" a service specializing in spider-free boat maintenance. The site is a single-page application built with React and Tailwind CSS, featuring a nautical luxury aesthetic with a deep navy and red color palette.",,afde3134-d146-4d0a-bf92-108ac3a499e4,,Likely Supportable,green,40,,,
69ded387ae2d3455b05b3865,https://thunder-fan-clash.base44.app,ThunderFan Clash,,,,395926a6-c842-444c-baef-e933fcde763a,,Likely Supportable,green,40,,,
69de9d32775a06c65dbbc5cc,https://straight-drive-share-go.base44.app,DriveShare,,,,01b947a3-ee52-4afb-bfc6-389376c41286,,Likely Supportable,green,40,,,
69dec51f4be4058f03c180c5,https://quant-arch-lab.base44.app,QuantArch,,,,3e7d737f-5c08-444a-a8b3-8b33b90d798b,,Likely Supportable,green,40,,,
69dec9ec7cf2e57d52c3f32a,https://gig-sync-connect.base44.app,GigSync,,,,e5513edf-be9f-40fa-bbc0-c9fb5b5855e3,,Likely Supportable,green,40,,,
6980226464330dfe9624f81c,https://manipulative-ascend-goal-path.base44.app,Ascend,,"The user is building a productivity app titled ""Fix ur Life,"" which provides tools for managing goals, taking notes, setting reminders/alarms, and tracking screen time. The application is built using a React-based frontend with a clean, card-based interface and utilizes the Base44 backend for data m",,44c8f238-2ed7-4112-b976-659070a866b9,,Likely Supportable,green,40,,,
69dea017e94207c0ad1d2047,https://ancora-watch-studio.base44.app,Áncora,,,,18476a08-3be5-417e-be71-127b9ed073ff,,Likely Supportable,green,40,,,
69dda1eea9b54d8200b5539c,https://health-fair-care.base44.app,HealthFair,,"The project has expanded to include advanced administrative and discovery features. A new `InsuranceReview` dashboard was implemented for providers, featuring status filtering (pending/verified) and one-tap insurance verification tools. This dashboard is accessible via a new shortcut in the `Appoint",,97f9f6c7-d891-419c-95e6-6a65c0b80e52,,Likely Supportable,green,40,,,
69deca937414ecfe57f9bde6,https://classic-sound-vault-stream.base44.app,SoundVault,,,,a7aad1e4-eb02-4f94-9ceb-bbef0e26ca01,,Likely Supportable,green,40,,,
69dec68d2179b2b389d55c55,https://read-data-verse.base44.app,FileExplorer Comic,,,,2dc0d0d3-80fa-407f-8c93-13c3ea8ca3b3,,Likely Supportable,green,40,,,
69cef9c9f406c9d40e7c4008,https://sky-strike-simulator.base44.app,Sky Strike Simulator,,"The project is a 3D flight simulator built on the Base44 platform, currently refining its multiplayer connectivity and UI presentation. Recent updates have focused on finalizing the `JetSelector.jsx` component by replacing placeholder color swatches with actual jet imagery and ensuring the session s",,b89a1b37-ee9a-481b-bc86-19888fe965c3,,Likely Supportable,green,40,,,
69dec417342a204b27bdcef8,https://honest-pulse-fit-go.base44.app,PulseFit,,,,bcbdf33e-41b8-478b-ad44-3c3552f61dc1,,Likely Supportable,green,40,,,
69debf01155d1544de8cce98,https://scope-gap-fix.base44.app,ScopeGap,,,,dfff6458-e64f-40eb-bc94-bed666bcf5be,,Likely Supportable,green,40,,,
69dc6a77e1df755ce63a8bf0,https://pawlix-care-track.base44.app,Pawlix,,,,e416d9d4-f088-46ae-b82d-50cd3580cecc,,Likely Supportable,green,40,,,
699cec669bc6741838ae63e7,https://axiomatic-stock-ai-pro.base44.app,PortfolioAI,,,,408f14a4-e529-4e56-8492-1af6dd8be456,,Likely Supportable,green,40,,,
69debf64ae2d3455b05b30d3,https://silicon-monolith-store.base44.app,Silicon Monolith,,,,8756b748-d328-4518-bd1b-d7c07cf1fdb4,,Likely Supportable,green,40,,,
69debc504af23d3f77e0c1ba,https://hinas-home-kitchen.base44.app,Hina’s Veg Kitchen,,,,3e3480b8-2089-4070-b5ee-a4227f63d96b,,Likely Supportable,green,40,,,
69debc2f8f387bd52217e1de,https://scan-value-view.base44.app,ValuLens,,,,c9bcef3e-379a-4469-a140-798295e1ef9f,,Likely Supportable,green,40,,,
69cbedf81008d7cfe92eafe9,https://hare-nest-stay.base44.app,HareBnB,,"The HareBnB application has undergone significant UX and functional enhancements. Key UI/UX improvements include the implementation of a `DarkModeSync` utility, global `overscroll-behavior` and touch-screen optimization, Framer Motion page transitions, and a ""Delete Account"" feature across navigatio",,fefa1270-aba6-411d-b031-184a646a9873,,Likely Supportable,green,40,,,
69deb6977c95a7aa721e0260,https://whisper-spark-glow.base44.app,WhisperSparks,,,,fa62366a-f145-4c0e-9679-f834f63f9b42,,Likely Supportable,green,40,,,
69deb2468fe74ad041ca2e3f,https://aqua-viz-pro.base44.app,Aquaviz,,,,b5808a6b-5ded-4a4c-9ad1-192264282f00,,Likely Supportable,green,40,,,
69deb24a121f519d8baac97f,https://zelda-relic-vault.base44.app,Z.D.C,,,,a597a4a1-1527-4d34-8da2-614d8101693e,,Likely Supportable,green,40,,,
69dc75de799d0ce900232de2,https://sentinel-travel-path.base44.app,Sentinel Path,,"The project has moved from initial design system setup into the rapid implementation phase. The user has established a consistent ""tactical"" UI across the entire application using custom Tailwind CSS variables and Framer Motion for animations. A unified `Layout` component with a sidebar navigation n",,5b6d3d4f-6277-4484-b4f4-200e5daacac5,,Likely Supportable,green,40,,,
68e59aba599cc4e55639911e,https://checkridepro.base44.app,Checkride Pro,,"The user is building a flight checkride management application, with a focus on enhancing both student and DPE (Designated Pilot Examiner) experiences.

Recent updates have significantly improved administrative and DPE functionalities. Administrators now have full user management capabilities and a ",,abc077b6-9bf1-4177-af49-e28390973b94,,Likely Supportable,green,40,,,
69dea9a62baf9e7ff61ff61a,https://daily-contrast-press.base44.app,The Daily Contrast,,,,f37b74de-0379-4885-b236-6d96c08fe4c8,,Likely Supportable,green,40,,,
69deab1e8e978f658528d285,https://gerald-8528d285.base44.app,Gerald,,,,255b946e-a7ac-48a9-a760-89d0048761ee,,Likely Supportable,green,40,,,
69deabe0777fd2751eeb8ffa,https://prism-iq-flow.base44.app,PrismIQ,,,,6fb6c796-2560-4347-b216-95c42ec6cc9c,,Likely Supportable,green,40,,,
69deaa98ef2b29546cf2e279,https://smart-spend-flow-dexterous.base44.app,FlowSpend,,,,a8e3c57e-1b26-4eb2-8003-9bb3b2b3604e,,Likely Supportable,green,40,,,
69dea7f6898c63655d44e3f3,https://elastic-fit-focus-flow.base44.app,FitFocus AI,,,,c9fb6668-da23-4443-8a09-954686807a9d,,Likely Supportable,green,40,,,
69d8085c652c0ac473aae773,https://synq-clarity-hub.base44.app,Synq,,The user is developing a gamified productivity dashboard and has been troubleshooting persistent navigation bar visibility issues across different device viewports. While initial fixes were applied to the `Tasks` page by updating the `pb-40` padding within the layout to ensure the navbar remains vis,,5bd41793-c2ae-4ff0-a763-f2165cecce0d,,Likely Supportable,green,40,,,
69dea54fd93d6432b9ba289a,https://accurate-volt-route-pro.base44.app,VoltRoute,,,,65ff9430-512f-4d21-81db-de1ff8b86b2d,,Likely Supportable,green,40,,,
69dea26d676c053215fd4761,https://blox-market-go.base44.app,BloxMarket,,,,55bb10f4-fd4e-4b59-95e4-cac289926057,,Likely Supportable,green,40,,,
69de9c11e4bba8e73861ec26,https://return-play-track.base44.app,Return2Play Pro,,,,b1221afe-d56d-410f-bc12-1f2b42e10221,,Likely Supportable,green,40,,,
69de9e3a3dac67933856ea68,https://zen-listing-flow.base44.app,ListingZen,,,,f1819957-ffe0-4bfa-83a1-8c82055f3539,,Likely Supportable,green,40,,,
69c196c8046b5ba46f246aea,https://bestbets.base44.app,BestBets.bet,,"The user is iterating on the ""Landing"" page and ""BetHistoryTable"" component of their sports betting application. Key refinements include adjusting the UI for pick history to support grouping by date, implementing default-open behavior for the most recent date using dynamic date formatting, and remov",,0fd35e4c-afc0-43ad-b296-1b4ad2a4ff99,,Not Supportable,red,100,Gambling and Games of Skill,Betting / Casino / Lottery,"['sports betting', 'betting', 'bet']"
69de97f6186ad9f4d0818724,https://shrewd-kinetic-vault-base.base44.app,RainTech,,,,2dfbf6f3-ccdd-4498-a09c-6421ea2f1d51,,Likely Supportable,green,40,,,
69d7c2752b9cdcd56a99d124,https://command-content-hub.base44.app,Command Center,,,,6e6bb106-103f-4634-92bd-822f9e9ae96b,,Likely Supportable,green,40,,,
69b8c23bdfc3702d4f81d575,https://fogtv.base44.app,FOG TV,,,,1eb9d4cd-e21f-4c4e-b5ab-4871533679dd,,Likely Supportable,green,40,,,
69de632a060a81ae8344459f,https://dream-8344459f.base44.app,Dream,,,,53cc83bf-17df-4412-aeb1-19a7b24e3681,,Likely Supportable,green,40,,,
69dd474fe73f63d55d47d2e2,https://g-5d47d2e2.base44.app,G,,,,57a8a0bf-1d2f-4e88-9a35-cdc4a462b08d,,Likely Supportable,green,40,,,
69de707974e433ce1a87b3e1,https://lixer-opt-lab.base44.app,LIXER,,,,84b6bf0a-a6b8-4bb5-a29f-7e4e47639448,,Likely Supportable,green,40,,,
69de713c6c97fc1f8f18a84e,https://organic-monolith-curated-goods.base44.app,Monolith Retail,,,,2db364bb-1139-43f2-bfc5-219036490c08,,Likely Supportable,green,40,,,
69b091d763a18121005a769f,https://tellaprompt.base44.app,Tellaprompt,,"The user is developing ""Tellaprompt,"" a prompt-generation web application with a distinct 1950s operator aesthetic. Development has focused on resolving rendering and CSS configuration issues to ensure the intended ""retro glow"" animations and typography are consistently applied across the applicatio",,937542cb-d607-44d8-b332-a85d1e83604f,,Likely Supportable,green,40,,,
69de68800fd30ea33fa56a93,https://goon-master-labs.base44.app,GoonMaster,,,,01f8cfcf-ac0f-475c-a131-f3d510316ade,,Likely Supportable,green,40,,,
69de6e7e94545368e3579a1e,https://comunitate-sigura-alert.base44.app,Siguranța Comunității,,,,d930f7da-f8e0-4aff-bcd3-ff9c049c93d5,,Likely Supportable,green,40,,,
69de635350a296e5b0ed254a,https://funky-threadz-club.base44.app,FunkyThreadz,,,,7a0ee2e3-2d46-478f-8ad4-62c13163a7ee,,Likely Supportable,green,40,,,
69cd8db366f2193a991241b1,https://fluorescent-pay-slip-flow.base44.app,PaySlip,,"The user is developing an invoice generation and management application that allows users to create payment slips based on bank details and invoice amounts. The app is designed to support multiple currencies and provides flexible delivery options, allowing users to send invoices via email or phone/W",,9090274a-5e1d-4345-92fe-7e74495f944c,,Likely Supportable,green,40,,,
69dd98215ba2dcca0c198661,https://thome-digital-flow.base44.app,Thome Digital,,"Eli Thome is refining his freelance web design site, ""Thome Digital,"" to achieve a more premium, spacious, and polished aesthetic. The project has moved beyond initial setup to a comprehensive UI/UX overhaul, focusing on increasing white space, improving section rhythm, and scaling up interactive el",,d2535c16-7298-4fde-ad53-909dcb91f7fe,,Likely Supportable,green,40,,,
69d3ea0cbec27825f5622a6b,https://dba-veterans-master-copy.base44.app,DBA VETERANS MASTER (copy),,"The ""DBA Veterans™"" platform has been consolidated into a unified administrative control center within the Admin panel. Key updates include the transformation of the **Partners** management system into a robust, centralized dashboard where administrators can add, edit, toggle (active/inactive), and ",,6157b91a-d7a9-4b91-9256-d43561b509e9,,Likely Supportable,green,40,,,
69de61f7e1c620f2a2733ed6,https://kid-biz-boss.base44.app,Kid-preneur,,,,f70fbdb4-22f1-497f-a2f1-0a4b2fbadc7c,,Likely Supportable,green,40,,,
69de5974d752d705d5ecc441,https://victorious-smart-pack-path.base44.app,PackSmart,,,,c25a84ed-6dcd-4d79-9ea4-033bd9c07b50,,Likely Supportable,green,40,,,
69de61051154d6abac5bf020,https://smart-budget-dexterous-flow.base44.app,BudgetWise,,,,a68ea084-0976-44f3-bed4-0c48dda03fc0,,Likely Supportable,green,40,,,
69de5470959fb3171830d4cb,https://aureon-tennis-pro.base44.app,Aureon Tennis,,,,b84a9eef-e01b-4ff4-bdf3-d71481d95482,,Likely Supportable,green,40,,,
69de5bf607914b6f707f8739,https://gold-claim-quest.base44.app,ClaimFinder,,,,8a247479-32cc-4ae0-abf0-c9fa74bfb953,,Likely Supportable,green,40,,,
69de4573fcf0663b70b21e05,https://literate-fit-flow-pro.base44.app,FitFlow,,,,9b52c342-a16a-4935-aea1-8a82cd19df4b,,Likely Supportable,green,40,,,
69d79dd171701d0e6a5e27af,https://chaotic-baby-productions-6a5e27af.base44.app,Chaotic Baby Productions,,,,5d4d4b2c-d65d-426f-b960-2e01753be275,,Likely Supportable,green,40,,,
69de5392d3a4e048e07eb848,https://coastal-cart-co.base44.app,Cape Charles Cart Co.,,,,88d1ffb9-5ece-48c5-984d-4156c9a16bfb,,Likely Supportable,green,40,,,
69cadd1cb8ad06e3b53b6c9c,https://kinetic-floor-pulse.base44.app,KineticFlow,,"The user is actively scaling the ""CyberShop"" manufacturing SaaS platform by enhancing data management, administrative oversight, and workflow automation. Key developments include the implementation of SheetJS for robust Excel/CSV import parsing to resolve job creation failures, and the integration o",,10385482-7b63-4d0e-9fa3-c0a3383708a6,,Likely Supportable,green,40,,,
69c6e6defabfd13f6e778b61,https://jaden-signal-hub.base44.app,Jaden Studio Inc. Hub,,"The user is developing the ""Glamrock Freddy and Friends Show"" website, maintaining a dark, cinematic aesthetic. Recent structural changes included the removal of the previously added `ArtSection.jsx` and its corresponding navigation link, streamlining the `Home.jsx` layout to focus primarily on the ",,e819ea0b-c880-4993-aea8-d4e52ce236bd,,Likely Supportable,green,40,,,
69bd9372ecce7456c349c8e0,https://petite-pure-flow-home.base44.app,Aqua Match,,"The AquaMatch project is a water softener recommendation app that recently expanded its business model to include a lead generation system for installers. The platform now features a tiered subscription model where installers can sign up via a dedicated flow, choose between Free, Basic, Featured, an",,3b7e2e1c-0207-46ad-87f2-9f22d2fd8670,,Likely Supportable,green,40,,,
69de3fb6b26cf613529b0332,https://kinetic-strike-lab.base44.app,Kinetic Strike,,,,ce1298f9-5a05-4087-9955-2f1deca73edb,,Likely Supportable,green,40,,,
69de3fed0f8aab1479062025,https://frost-grip-pro.base44.app,Frostbite Hockey,,,,146c2221-fe8b-4454-8a3d-7bb2ddfb1b28,,Likely Supportable,green,40,,,
69daba12243bb47d0be50c9a,https://fantasy-star-homepage-fantasystar-com.base44.app,"Fantasy Star, Homepage (Fantasystar.com)",,"The project, ""Fantasy Star: The Growth of the Reala,"" continues its expansion as a comprehensive author-centric platform. Recent developments have focused on building out a new ""Figurines"" section, which includes a dedicated entity schema, a frontend display page, and integration into the site’s mai",,a7226f27-1c54-4b41-8019-2fa48468a331,,Likely Supportable,green,40,,,
69db9afd7b7e40816d341005,https://brave-safe-elder-link.base44.app,Guardian,,,,71b37c48-2566-4766-b292-985dfba04cd0,,Likely Supportable,green,40,,,
69de2a9cbc72e7fcba74dd1b,https://great-shop-swift-deals.base44.app,ShopSwift,,,,3803f9d5-743f-41be-9cf3-dccede4c9edd,,Likely Supportable,green,40,,,
69de1eaeb3d938c17aea1ff6,https://synapse-flow-core.docker-pr-6653.velino.org,Synapse,,,,0dffa77d-3baa-45ac-86b7-d7186729e1fd,,Likely Supportable,green,40,,,
69ddece4f769ff658b303d88,https://the-sweep-spot-co-copy-8b303d88.base44.app,The Sweep Spot Co. (Copy),,,,8967fa1f-cc8c-49b4-acc8-5d3466ec0fb5,,Likely Supportable,green,40,,,
69dd9674f1763f9fb9ce4a41,https://healing-village-connect.base44.app,The Healing Village,,"The project has transitioned into a ""Self-Healing Guides Network"" architecture, focusing on a tiered 1-on-1 coaching model within the ""Healing Village"" ecosystem. The platform now distinguishes between high-leverage 1-to-many services (free content, group circles) and premium 1-on-1 sessions. A spec",,7045a242-25ae-4b0b-b2c7-ba5b71e3018f,,Likely Supportable,green,40,,,
69de02f3b2ad67a3f67c1a67,https://maker-vault-base.base44.app,Digital Creator Hub,,,,0761413d-1231-4add-852e-4c6391c24edd,,Likely Supportable,green,40,,,
69ddf0a7157316c008fe18ea,https://north-harbor-care.base44.app,North Harbor Lawns,,,,fcf6af5f-6d2c-49ed-b00a-19899fb50260,,Likely Supportable,green,40,,,
69dddc51a7c920f142a07c49,https://volt-van-path.base44.app,VoltVan Guide,,,,0c6bc3c9-a975-4aaf-834e-088ef9110fd3,,Likely Supportable,green,40,,,
69dde32ca118ed7af6e35ced,https://unselfish-pulse-gym-flow.base44.app,PulseGym,,,,9971f4e3-c2fb-4b89-98e2-9b75c050d4e4,,Likely Supportable,green,40,,,
69ddb5c5ef3d8a5fb0019da2,https://vigorous-pixel-perfect-flow.base44.app,Pixel Perfect Studios,,,,a406f204-76ed-4858-bd63-56476023073b,,Likely Supportable,green,40,,,
69ddce0cc436a559ddbd7037,https://iron-wild-wear.base44.app,Frontier Armor,,,,8b1bcbbe-ea91-4e8e-806e-75c5ad025174,,Likely Supportable,green,40,,,
69ddcc7e30cac73745217877,https://pay-pragmatic-stream-flow.base44.app,PayStream,,,,75e0e778-1a13-4503-92d1-67d6109013d9,,Likely Supportable,green,40,,,
69ddc9fa5a599e0b4a1b3cc3,https://apex-haven-home.base44.app,ApexHaven,,,,ff3e9051-e151-4f28-aed2-ac982dfe02f9,,Likely Supportable,green,40,,,
69ddc69c160823a7806dbabd,https://neon-strike-solid-arena.base44.app,NeonStrike,,,,faa3dc1c-21e3-420d-87a8-571084e3e85a,,Likely Supportable,green,40,,,
69d8064603eb4d282b415d98,https://sophisticated-flip-sense-pro.base44.app,ReSold,,,,ebe48dbe-a061-4201-bb86-611f96103688,,Likely Supportable,green,40,,,
69dc78e2fa624510f723e27c,https://jayscollectibles.base44.app,Kinetic Archive,,"The project has undergone a complete visual rebrand to align with the ""Jays Collectibles"" identity. Key refinements include the implementation of a consistent red, white, and black color scheme across the application, replacing previous references to ""CardVault."" 

Specific updates were applied to t",,f442957a-73c4-4f39-9d80-cc908c209373,,Likely Supportable,green,40,,,
69c3f7d4afb34f5e10a9a5f4,https://life-buffer-ai.base44.app,Life Buffer,,"The user has finalized ""Life Buffer"" by expanding it into a comprehensive lifestyle and productivity hub. Key recent additions include a robust theme system for global UI customization (colors, fonts, sizes), time-based dynamic color switching for Premium users, and a ""Smart Greeting"" engine that pr",,2792e492-47a1-448e-97d9-f6ab0fe1a196,,Likely Supportable,green,40,,,
69dd89a530cac73745216308,https://swinging-story-seed-sprout.base44.app,StorySeed,,,,2d99b63a-b46e-429c-987b-3dcfbf0c1598,,Likely Supportable,green,40,,,
69dd9c9b86a20317a3b68b62,https://zenith-spry-focus-flow.base44.app,Zenith,,"The Zenith productivity application has successfully integrated Base44 Payments (Wix Payments) to manage subscription upgrades. The implementation includes a `create-checkout` backend function for handling API requests, an updated `Pricing.jsx` component with integrated checkout logic, and a new `Th",,8749959c-8254-40e9-98c1-0a41cdd75716,,Likely Supportable,green,40,,,
69dd35d86cfb4258deba2acb,https://uppish-coin-rush-play.base44.app,CoinRush,,"The user is developing ""CoinRush,"" a social sweepstakes sportsbook and casino platform. The project has evolved from a static landing page into a fully functional application featuring a user dashboard, a real-time sportsbook, a coin store, and playable demo versions of classic casino games like Pli",,c6813733-e99a-4373-8cda-abc49425a914,,Not Supportable,red,100,Gambling and Games of Skill,Betting / Casino / Lottery,"['casino', 'sportsbook']"
69dda9e5e6ff74e8faf039e7,https://seamless-table-flow.base44.app,HostFlow,,,,5ae4d23a-93c5-4923-9191-c57e15c61ea9,,Likely Supportable,green,40,,,
69d8f8448e1d06b4ee7e5b4f,https://cologne-spot-ee7e5b4f.base44.app,Cologne spot,,"The user is developing a mobile-first e-commerce store titled ""Cologne Spot."" The platform includes product management, real-time chat, and secure checkout, all optimized for mobile via features like custom splash screens, native-style drawers, and Framer Motion transitions.

Recent development focu",,fe7d6261-92b6-423d-888a-d92bb0c43b56,,Likely Supportable,green,40,,,
69ddac655ba2dcca0c1989be,https://pink-care-flow-book.base44.app,CareFlow,,"The user is building **CareFlow**, a healthcare consultation scheduling application. Key entities include `ConsultationType` and `Appointment`. The app features a multi-step booking flow, Base44 Payments integration, and an appointments management dashboard. Recent development has focused on optimiz",,65e9990d-6c09-4acd-8d17-e6562440249d,,Likely Supportable,green,40,,,
69ddaa7b8d672b8565a1a65c,https://steady-velox-market-go.base44.app,VeloxMarket,,,,de65e377-2908-4c49-9142-8e3d6b3d06ff,,Likely Supportable,green,40,,,
69dd29d8e8ac66ddfdbe3b8c,https://content-generator-ai-copy-fdbe3b8c.base44.app,Content Generator Ai (Copy),,"The user is extending a ""Content Generator AI"" application to include a subscription-based membership model, an administrative portal, and social media integration. Key project changes include the introduction of subscription tiers (monthly at $9.99 and annual at $69.99) and the creation of data ent",,75951919-f5a7-450b-801c-66f4d1857905,,Likely Supportable,green,40,,,
69dda2cd50782124d69d16d4,https://home-wise-path.base44.app,HomeWise,,"The user is building a real estate app called ""HomeWise"" with features like mortgage rate tracking, a payment calculator, and market analysis. The initial setup included defining the app's structure, styling with Tailwind CSS, and creating basic components for navigation and layout.

The project has",,16861949-e1c2-4958-977c-079f1a19a0f4,,Likely Supportable,green,40,,,
69dda04822e0f58dd24049e7,https://lovely-pure-thread-form.base44.app,PQthreads,,"PQthreads is a premium e-commerce platform built on Base44, focusing on minimalist, high-quality cotton t-shirts. The project features an architectural design aesthetic with a ""void"" and ""marble"" brand identity, supported by custom-generated product imagery, a responsive React-based front end, and a",,106f422f-4061-4fc7-8dfb-f5bf192db0cb,,Likely Supportable,green,40,,,
69dd0d9d9e7c3de1a0582152,https://stremiosetup.base44.app,Stremio Setup,,"The user is enhancing the Stremio configuration service platform with payment processing, improved admin oversight, and a refined checkout flow. The project has transitioned from a manual order submission process to a professional e-commerce flow integrated with Wix Payments.

**Key developments inc",,f2e08fa2-8b6b-4632-ad82-7a6406e5d4b9,,Likely Supportable,green,40,,,
69dd9d551860b4d66ae11e07,https://blazing-squad-link-up.base44.app,SquadUp,,"The ""GameSync"" social gaming platform has expanded its feature set to include a dedicated Connections management system, marking the completion of the third phase of its social roadmap. This update introduces a new `Connections.jsx` page, allowing users to view, accept, and reject incoming friend re",,f8753cd8-589d-48c1-9f42-297ba3b258ec,,Likely Supportable,green,40,,,
69dd44536c6371a41742d4cf,https://arche-1742d4cf.base44.app,Arche,,,,32d3dcbe-45ed-460f-8208-8b30ed0d203f,,Likely Supportable,green,40,,,
69dd6ae5d9f2d20fc8408ac6,https://velvet-tarot-glow.base44.app,Velvet Tarot,,"The ""Velvet Tarot"" application has undergone a major monetization update, transitioning from a free-access model to a tiered subscription system using Wix Payments. The implementation includes a `SubscriptionProvider` context to manage user plans (Free, Pro, and Lifetime), a new `Upgrade` page for c",,6d24882f-1f36-441e-9d20-100f075f7d7d,,Restricted — Review,orange,25,"Unfair, Deceptive, or Abusive Practices",Psychic / Spiritual / Occult Services,['tarot']
692116d9341f9265289b4bca,https://math-whiz-kids-289b4bca.base44.app,Collegiate wrestling ,,"The user is refining the wrestler roster management system in their wrestling dynasty game, specifically regarding the ""Starter"" status functionality. The key objective is to allow multiple wrestlers to be marked as starters while ensuring that newly generated wrestlers default to the highest-rated ",,c28fd7e1-4310-4bfd-9280-d89cee5ffa7a,,Likely Supportable,green,40,,,
69dd9b9c6c6b88aef5e074cc,https://trade-pulse-mastery.base44.app,TradePulse Academy,,"The user has refined the ""TradeEdge Pro"" mobile experience with several navigation and UI improvements. Key infrastructure changes include the addition of a `ModuleNavContext` to persist the user's last visited module path, ensuring the ""Modules"" tab in the `MobileNav` preserves the specific submodu",,92c36ba5-cc92-452d-ba70-b6b7555fd2e7,,Likely Supportable,green,40,,,
699a3109be2053f1f1379286,https://sketch-ai-master.base44.app,SketchMaster AI,,"The project is shifting away from the animated video tutorial format for the drawing application. The user has decided to pivot to a static, image-based step-by-step tutorial experience, where users can scroll through full-sized, sequential images to learn to draw.

Following the fix of a previous J",,5072e35b-e3ad-4961-9aab-0aab34487e60,,Likely Supportable,green,40,,,
69dd91cf935f504493a57fa9,https://blazing-hoop-flow-pro.base44.app,HoopFlow,,,,cb3beed2-69ab-4e7a-ab8e-6be3f812240f,,Likely Supportable,green,40,,,
69d8371f6a49c79c6059d754,https://smart-deal-social.base44.app,SocialSave,,"SocialSave has transitioned from a basic contact-based business inquiry system to a fully functional automated platform. Key technical milestones include the implementation of ""Base44 Payments"" (Wix Payments) for one-time transactions, enabling the platform to process payments for ""Basic"" and ""Premi",,3e4d58f6-e60c-42f4-b56a-6aa673ca52cf,,Likely Supportable,green,40,,,
69dd892c786ec9628d0afc87,https://koba-game-feed.base44.app,KOBA.GAMES,,"The **KOBA.GAMES** platform has undergone a major expansion to integrate secure payments, user-to-user social features, and a monetization-focused boost system.

*   **Wix Payments Integration:** Implemented a secure checkout flow (""Base44 Payments"") enabling users to purchase KOBA Coins (KC) via a ",,dbe46eea-3c62-443e-8ea4-a7e6b3754119,,Likely Supportable,green,40,,,
69dd9151b34c8d848f8760e7,https://cerebra-study-sync.base44.app,Cerebra,,"The user has implemented a subscription-based monetization model for the ""Second Brain for Students"" platform using Wix Payments. The implementation includes a `Subscription` entity to track user plan status (`free` vs. `pro`) and a corresponding `useSubscription` React hook to manage access logic a",,f5795113-d01f-40b0-a0f4-4fccb37e0039,,Likely Supportable,green,40,,,
69dd90b09686230cfa6aa9fc,https://sensible-social-boost-flow.base44.app,SocialBoost,,,,2f4992a5-6cc3-4705-a0eb-01a1d647959b,,Likely Supportable,green,40,,,
69dbb1a908459edfedb022a6,https://lockxlabs1.base44.app,LockX Labs,,"The LockX Labs project is a landing page for PC optimization services, currently featuring service transparency, trust-building sections, and a `ContactSubmission` entity for lead management. Recent development has focused on integrating Base44 Payments (via Wix Payments) to enable direct service pu",,5f90f1a0-2ea3-4f18-bde9-389c402b1f23,,Likely Supportable,green,40,,,
69dd0bde91bbc64b273187cd,https://invent-build-scale.base44.app,IdeaForge,,"The ""Glam & Glow Beauty"" platform has finalized its core user-centric features. Key developments include a comprehensive `Account` dashboard for order history, profile management, and payment method settings, alongside a `ProductReviews` component integrated into the Product Details page, which uses",,78fecba0-b978-4c3c-86a6-36b310799562,,Likely Supportable,green,40,,,
69dd851ecfcf229762ac0b1b,https://smoky-pulse-check-flow.base44.app,PulseCheck,,,,7222ee61-83bd-4432-b3c2-1a4c485f4d4e,,Likely Supportable,green,40,,,
69dd870ab82b460d79826a68,https://aura-curated-art.base44.app,Aura Curated,,,,6a2e4206-e0be-41f9-ad0c-56d2778b33bc,,Likely Supportable,green,40,,,
69dd7511c58468013ab71575,https://killeen-hustle-hub.base44.app,Killeen Hustle Network,,"The ""Killeen Hustle Network"" project has transitioned into a fully functional, revenue-ready platform. Building on the previous trust-and-safety foundation (age verification, content moderation, and background checks), the latest updates focus on monetization and deployment. Key additions include a ",,3335b765-a03a-48c3-b583-7cffa427e241,,Likely Supportable,green,40,,,
69dd295e9dcb7bd5fbe0fb39,https://voidsmp.base44.app,Optic Chronicle,,"The user is building an e-commerce platform for a Minecraft server, designed with a dark, gaming-themed aesthetic. The application currently includes a homepage with categorized sections (Ranks, Kits, Keys, Currency, Cosmetics, Boosters), a filterable shop interface, a shopping cart, and a product m",,81158fbd-1595-419b-97a4-32c2a0059638,,Likely Supportable,green,40,,,
69dd7e88d8b8f28d5b002462,https://elated-fresh-flavor-plan.base44.app,FlavorFlow,,"The project is a Recipe Generator & Meal Planner application currently being extended with user engagement features and payment integration. Key UI updates include the implementation of a `ReviewModal` in `Subscriptions.jsx` and the integration of dynamic star ratings, which aggregate review data to",,e1dd49e3-b3b7-424f-bf24-79c87d87cfd9,,Likely Supportable,green,40,,,
69dd7f28be41fe360b697c4e,https://rate-every-street.base44.app,Street Score,,"The project has been rebranded as **""DealNotice Pro,""** a membership-based platform designed to aggregate and display public opportunity listings—such as foreclosures, auctions, and evictions—across Alabama, Mississippi, and Louisiana. The architecture relies on six core entities: `User`, `SavedSear",,dd133936-31a6-4a05-96c5-f1f60a01ad14,,Likely Supportable,green,40,,,
69dd245a108d58149ff45ab5,https://big-time-fix.base44.app,Big Time Handyman,,,,73047f99-8c64-469f-8c57-64289ec36eab,,Likely Supportable,green,40,,,
69dd71d1da13979d3d1b216d,https://bipedal-grow-wealth-pulse.base44.app,WealthPulse AI,,"The user is building ""WealthAI,"" an AI-powered financial investment platform with a modern fintech aesthetic. Key features include a dashboard for portfolio tracking (with performance and asset allocation visualization), a portfolio management interface, an AI-powered advisor for personalized invest",,63116bb7-480b-4364-a355-649b030ef4bc,,Not Enabled for Wix,orange,60,Financial Services,Loans / BNPL / Brokerage / Neobank / P2P,"['investment platform', 'invest', 'portfolio']"
69dd6cf37f0a89e84a6f6b23,https://real-money-mind.base44.app,RealityCheck,,"The user has enhanced ""BluntBudget"" for better mobile usability and platform integration. Key CSS improvements were applied, including `safe-area-inset` handling for headers and navbars, `overscroll-behavior: none` for better touch interactions, and the prevention of default text selection on intera",,a4b324ee-272f-40ca-9867-ff2f3f58c8a2,,Likely Supportable,green,40,,,
69d7c8ed4ceafc36441d205c,https://vanguard-moto-link.base44.app,Vanguard Motors,,"The project has evolved into a professional-grade marketplace with advanced 3D visualization and robust commerce features. The `Bike3DCustomizer` now supports high-fidelity rendering for specific brand models, including the Sur-Ron Light Bee X, Talaria MX, Stark Varg, and Honda CRF, each featuring d",,5175f14f-8720-4bb8-b7d3-0077af0b7c83,,Restricted — Review,orange,70,Marketplaces and Aggregators,Marketplace / Multi-Vendor Platform,['marketplace']
69dd6f4f1d5fa1170cd7e414,https://master-income-flows.base44.app,IncomeEngine25,,"""IncomeEngine25.com"" is a completed gated learning platform featuring a premium dark-themed interface and Base44 Payments integration. The app manages user access via custom backend functions (`create-checkout` and `wix-payments-webhook`) and organizes educational content across 25 income-generating",,6c971293-180c-49f3-b52b-57f603ea5347,,Likely Supportable,green,40,,,
69cfc4a507ac2fcc1f281a2a,https://bully-nation-copy-1f281a2a.base44.app,BullyNation (Copy),,"The user is developing a community platform for American Bully enthusiasts, featuring a social showcase and a competitive leaderboard based on kennel engagement. Recent developments focused on stabilizing the `Register` page, specifically resolving an infinite loading bug by decoupling the authentic",,ce3cfecd-fee6-4731-a720-918a085b9980,,Likely Supportable,green,40,,,
69dd5f66cfd3aaa4ee2f98b2,https://spark-plug-ee2f98b2.base44.app,SparkPlug,,,,6762150a-3755-466e-841c-c76130003b86,,Likely Supportable,green,40,,,
69aef3b03e2d1c4fa167726e,https://dare-dice-dash.base44.app,DareDice,,"The user is building a ""DareDice"" game application designed for mobile devices, featuring a dark-themed, card-based interface with smooth animations (framer-motion). The core game loop involves drawing dares, with an option to reroll, which results in a penalty of two mandatory dares.

Key developme",,fef8db06-fd5c-4725-9ba6-b556c87217c2,,Likely Supportable,green,40,,,
69ab229a5e67efe0daf95ed1,https://track-every-catch.base44.app,HOOK SET,,"The ""FISH ON"" e-commerce platform has undergone significant expansion and functional upgrades. The product catalog was populated with a wide variety of fishing gear, and all inventory levels were set to a default of 9,999 to simulate infinite stock. The UI was also updated to a dark-mode theme.

To ",,ef50b95a-247e-4c76-9feb-6ee04ceed336,,Likely Supportable,green,40,,,
69dd588bd9f2d20fc8408301,https://elevate-kit-flow.base44.app,ElevateKit Digital,,"The user is building a standalone product catalog website for their ""Elevate Kit"" digital product store, intended to operate independently of their existing Etsy shop. The project involves scraping product information from the provided Etsy URL to populate the new site.

The primary objective is to ",,44010f8b-cad4-41f0-bca4-e6f048ef0470,,Likely Supportable,green,40,,,
69dd557e8e2d7e6310fb0b52,https://print-craft-grid.base44.app,G3DMODELING,,,,0ea136b3-f389-4cfd-9e14-07890a2b53ab,,Likely Supportable,green,40,,,
69dd5758891219f90923d90c,https://echo-suite-pro.base44.app,EchoSuite,,,,74de0916-b324-47e7-8315-a7f31afc8b76,,Likely Supportable,green,40,,,
69dd4d30e204ae4b99c7fee1,https://rule-bound-bot.base44.app,RuleBound,,"The RuleAI application, which provides AI-driven rule queries for various games, has evolved to include an admin-controlled content system. The platform now supports manual entry of rules via an `rules_content` field in the `RuleBook` entity, which the `QuestionChat` module automatically prioritizes",,e1c17d4f-fd60-4053-8f95-1d55ff9a029b,,Likely Supportable,green,40,,,
69dd47b317fa2beef6b98520,https://nexus-network-now.base44.app,Nexus,,,,406353b1-41a5-41ee-822e-feec0b98d053,,Likely Supportable,green,40,,,
69dd44271d5fa1170cd7d810,https://fanatic-human-flow-text.base44.app,HumanizeAI,,,,8207dc43-e2d0-4e00-94ea-c500a4bd35bd,,Likely Supportable,green,40,,,
69dd336ec7cfad127e38e79b,https://casa-theodoro.base44.app,CASA THEODORO,,"The user is building ""Latitude 23°,"" a dark-themed, immersive interactive restaurant menu application. The project features a responsive, mobile-first design using a moody color palette (obsidian background, gold/terracotta/amazonite accents) and curated culinary photography generated for key menu i",,0061cc65-02f6-49a0-9d01-c81216aceb7e,,Likely Supportable,green,40,,,
69c5706c8589b47d9a73b028,https://nume-star-born.base44.app,NumeStar Baby,,The user has significantly enhanced the numerology-based baby name application by integrating visual data representation and comprehensive export/sharing features. The project now utilizes a custom `CompatibilityRadar` component to display trait profiles and comparative compatibility scores across t,,4476d764-0dee-4ffc-819a-a2a635fc66e3,,Restricted — Review,orange,25,"Unfair, Deceptive, or Abusive Practices",Psychic / Spiritual / Occult Services,['numerology']
69dd3caa7d9e6d4ca3597fa9,https://subtle-local-pulse-link.base44.app,LocalPulse,,"The user is building **Classifio**, a modern, mobile-responsive classifieds platform with a premium indigo-and-amber design. The project is built using a custom backend-as-a-service, featuring core marketplace functionality including user authentication, ad posting with media uploads, category brows",,14588437-c527-4a8a-a793-513813fd3641,,Restricted — Review,orange,70,Marketplaces and Aggregators,Marketplace / Multi-Vendor Platform,['marketplace']
69dd3e61e6a52b73609844bb,https://kryptos-copy-609844bb.base44.app,Kryptos (Copy),,"The user has significantly expanded the Kryptos vault application by implementing a suite of new utility and management features to improve usability and security. The core storage management system remains centered on the redemption code mechanism, which is now supported by a new shop page for purc",,0e602921-cee8-40ee-af8a-24ec2daaa35c,,Likely Supportable,green,40,,,
69dd1ec8a27f8a009b02d990,https://derma-lift-glow.base44.app,DermaLift,,"The project for ""DermaLift Pro"" has focused on stabilizing the application build and refining the product media assets. Technical efforts resolved a critical build failure in `index.html` by relocating the Meta Pixel `<noscript>` tag from the `<head>` to the `<body>` to comply with HTML parsing stan",,ad3daa33-347c-4a92-92ff-5bf421b5370e,,Likely Supportable,green,40,,,
69dd3a83e6a52b736098427e,https://busy-secure-pay-flow.base44.app,PayFlow,,,,db89e602-3120-426c-b3d5-9f33efb11fc0,,Likely Supportable,green,40,,,
69d7ef084f226d567a9d00a6,https://pack-go-plan.base44.app,Pack & Go,,"The user is enhancing ""Pack & Go,"" a travel itinerary platform, by expanding its destination library with AI-generated imagery and implementing a $25/year ""Pro"" membership. The membership tier offers priority AI planning, supported by a newly integrated ""Base44 Payments"" flow, custom backend handler",,5159dbe7-5c17-4b06-b723-819e8214eeb0,,Likely Supportable,green,40,,,
69dd33c436e1ffd6e5000255,https://smart-budget-flow-fluffy.base44.app,BudgetFlow,,,,aff0f01b-9032-41cd-b68b-5a617408000e,,Likely Supportable,green,40,,,
69d96373b0b4dd2b810d53ee,https://seniorcareconnect.base44.app,CareCompanion,,"The user is building a safety and health tracking app for seniors. The app allows seniors to track their health, trigger SOS alerts, and manage medications, while also providing a `FamilyDashboard` for family members to monitor the senior's well-being. Key entities include `EmergencyContact`, `Medic",,d06fb950-8434-49bb-a792-aa00fb209525,,Likely Supportable,green,40,,,
69dd2a4cdca01a12e22fb691,https://poot-store-vip.base44.app,PootStore,,,,48da003e-5205-4d6a-ac68-ede0a2b56d2c,,Likely Supportable,green,40,,,
69c884b5f3936f63eaf9d0a8,https://apex-level-fit.base44.app,ApexFit,,"The ""GRINDXP"" project is a gamified fitness application currently focusing on its achievement system and social UI. Recent updates to `lib/xpUtils.js` formalized high-threshold 1000-day streak achievements (""IMMORTAL"" for gym and ""TRANSCENDED"" for calisthenics) to reward long-term user consistency.
",,f4b57845-93e8-40ec-ad6a-b19938a7e734,,Likely Supportable,green,40,,,
69dd26125fc0cde58da617d8,https://gay-swift-cart-express.base44.app,SwiftCart,,"The user has built a mobile-first grocery delivery application inspired by Spark, featuring product categorization, search, cart management, and order tracking. The app leverages Base44’s backend capabilities to manage entities like `Product`, `Order`, and `CartItem`, with a UI designed using Tailwi",,62cb3464-cf50-4bd5-9c5c-413da3fe0add,,Not Supportable,red,50,Illegal Products and Services,Counterfeit / Fake IDs / Human Trafficking,['inspired by']
69dd21f34943132be5394621,https://poke-scout-gold.base44.app,PokéScout,,,,aea6e613-69ae-46b5-b5a2-23c63f287335,,Likely Supportable,green,40,,,
69dd24a67b399f0765a4f594,https://mat-dominance-hq.base44.app,Mat Dominance,,"The user is building ""Mat Dominance,"" a high-intensity e-commerce landing page designed to sell digital wrestling training PDFs to social media audiences. The platform is being built with a mobile-first, dark aesthetic (Deep Onyx and Competition Gold) to match the brand’s gritty, tactical sports the",,8f648295-c051-4349-8d96-a69e64c63d3c,,Likely Supportable,green,40,,,
69d71211a289dc130a901f2b,https://fine-vendor-trust-flow.base44.app,AVRCE,,"The Sentinella platform’s landing page has undergone significant visual and messaging refinements to project a more premium, high-tech aesthetic. Key UI updates include enlarging the brand logo and replacing the initial ""shield and circle"" graphic with a more sophisticated, animated risk-score gauge",,08e6f64d-5677-44f6-90b5-9819d59d2fd8,,Likely Supportable,green,40,,,
69dd1dc06f7be6dd7c944f88,https://emoto-forge-parts.base44.app,EmotoForge,,,,0da63f2e-b470-4ebd-beff-491d5a230a40,,Likely Supportable,green,40,,,
69dd18aceacb2c74e3fc1bd6,https://life-admin-1.base44.app,Admina,,,,dc5c7030-33da-4be6-b1e7-1025f6119f93,,Likely Supportable,green,40,,,
69dd18a6cbd4d88daa4fdf3d,https://scanova-flip-dash.base44.app,ScanovaX,,"The user has completed the development of ""ScanovaX,"" a mobile-first resale application that integrates AI-powered product recognition with market analysis across eBay, Mercari, Poshmark, and Facebook Marketplace. The application features an inventory management system, a profit calculator, and a dy",,2dd8ca0a-cc82-4f09-8f33-ce408c91d2b9,,Restricted — Review,orange,70,Marketplaces and Aggregators,Marketplace / Multi-Vendor Platform,['marketplace']
69dd1445c8205b8d7e679299,https://digitalcane.base44.app,LuminaPath,,"The user is building a product website for the ""Digital Walking Cane,"" an assistive device for the visually impaired that utilizes ultrasonic sensors, LED lighting, and buzzer alerts. The site is developed as a multi-page React application featuring a Home page (with hero, features, statistics, comp",,9eef0987-2883-466f-96e9-dd528bd781fb,,Likely Supportable,green,40,,,
69dd16640dbc82ca5e0721bd,https://rainbow-insta-audit-flow.base44.app,InstaAudit,,"The user is building a subscription-based Instagram follower tracking application. The core functionality allows users to upload their `followers.json` and `following.json` files (obtained via Instagram's data export) to identify non-reciprocal follows. This is processed locally in the browser.

To ",,b6af7a44-3364-4edb-9c27-24d95c671ea1,,Likely Supportable,green,40,,,
69dce0f87befe4133d58d5a6,https://bet-win-thrive.base44.app,StakeGoals,,,,33d80514-5f7c-44c9-a5d7-eb374232a773,,Likely Supportable,green,40,,,
69d630509a2dbdb206334fd0,https://outgoing-fintrack-money-flow.base44.app,FinTrack,,"The user is building a personal finance tracking application. Initially, the app focused on transaction management and basic financial overviews, including a dashboard with summary statistics, spending trends, and category breakdowns. Key decisions included using a dark navy and emerald green color ",,89777b34-8d33-4add-a605-240a98dd416f,,Likely Supportable,green,40,,,
69dd0e6215c5640870297da9,https://treyden-70297da9.base44.app,Treyden,,,,1bafcf12-ba38-46db-b4dc-d54d812cce68,,Likely Supportable,green,40,,,
69da9c0d07a15d69135e0f8b,https://impartial-apex-prime-path.base44.app,Apex,,,,605f46de-59a7-4440-8c2c-1c590dd6b20c,,Likely Supportable,green,40,,,
69dd0942958a7f1ae49936bc,https://refined-kinetic-curation-flow.base44.app,Kinetic Curations,,,,258c7d4a-d74c-454a-8834-bf0e7a693364,,Likely Supportable,green,40,,,
697399f0a32dbe50d85fa8e6,https://culinary-sage-d85fa8e6.base44.app,CulinarySage,,"The user is finalizing the visual refinement of the ""CulinarySage"" app's `PublicLanding` page, specifically focusing on text legibility and button visibility within the established dark theme. Following the successful implementation of a transparent dark aesthetic, the focus shifted to addressing co",,13a98820-7cb1-4cb1-82c6-9e64b3610c22,,Likely Supportable,green,40,,,
69dcf85aa9543e936ade7f81,https://bold-hunt-quest-go.base44.app,The Hunt,,"The user is building ""The Hunt,"" a web application for a timed, location-based scavenger hunt game. Users purchase access to specific hunts, log in, complete challenges, and compete on a leaderboard. The application features a member login system, paid access per hunt, timer-based gameplay, and a mo",,57f0f701-64c8-4653-b759-009b9f983fa0,,Likely Supportable,green,40,,,
69a304e747e9934634d1dfd7,https://aura-gems-style.base44.app,Aura Gems,,"The ""Stars 888 Jewelry"" project has transitioned from aesthetic refinement to functional implementation. After completing a series of editorial updates to simplify the site's narrative, the user has shifted focus to enabling e-commerce capabilities.

Following a consultation on payment options, the ",,92a60df1-fd51-41c9-98f4-23ab6d8bd6d2,,Likely Supportable,green,40,,,
69db0501d6d451c4aa050169,https://ludicrous-path-find-pro.base44.app,CareerPath,,"The user has developed a robust career exploration platform featuring a multi-tiered access system (Base/Premium/Institutional) for its career database. The project has evolved to include an interactive `CareerRoadmap` component, allowing students to visualize educational and professional milestones",,42db370a-f7e0-442c-93df-f991b313c5ad,,Likely Supportable,green,40,,,
69dcdea88ff50a7fae23a507,https://move-in-flow.base44.app,Move-In 72,,"The user is developing ""Move-In 72,"" a housemate management application, and is currently integrating Base44 Payments (Wix Payments) to automate rent collection. The project is structured around a mobile-first, dark-mode interface with core tabs for payments, rules, chores, and info.

The technical ",,bee5181a-a3ac-45f6-8b66-ba9c150c3672,,Likely Supportable,green,40,,,
69d3af48670895b6bd724ef8,https://study-sync-campus.base44.app,ClassLink,,"The ""ClassLink"" platform is evolving from a study group discovery and management tool into a more interactive ecosystem. Following the successful implementation of mandatory onboarding to capture user academic data, the project is shifting focus toward user engagement and retention features.

The us",,2066271e-dcc4-44d8-860e-26253f5f3d3e,,Likely Supportable,green,40,,,
69dcdf219f724157ae5b3116,https://shoulder-ease-pro.base44.app,ShoulderPainReduction,,"The user has initiated the development of the ""Shoulder Pain Reduction Program,"" a mobile-first, premium wellness application designed for adults to follow a self-guided 4-week physical health program. The architecture is built on the Base44 platform using custom entities (`Users`, `ProgramWeeks`, `",,11fb5d7c-0f6d-47c8-b867-65213b3a62fb,,Likely Supportable,green,40,,,
69dcdbdf2567d92b313a27e0,https://aura-bless-now.base44.app,Aura Blessings,,"The user is building a ""Good Luck"" web application designed to provide users with uplifting, AI-generated affirmations in exchange for a $1 donation. The project features a zen-inspired aesthetic using a soft, calming color palette, fluid animations via `framer-motion`, and custom UI components incl",,926878c2-067f-4f9d-b58c-7a273d9ca065,,Likely Supportable,green,40,,,
69dcc8f5165da6f90cd62bbc,https://bid-velocity-drive.base44.app,VelocityAuto,,"The user has developed ""AutoBid,"" a full-featured online car auction platform using the Base44 platform. The application is built with a premium dark-themed UI and includes core entities (`Car`, `Bid`) and essential functionality such as browsing active auctions, a real-time countdown timer, auction",,2ea4766d-783c-485a-9e0f-3f09340fe081,,Likely Supportable,green,40,,,
69dcc2f63906affec1fa41b9,https://laughing-edge-metric-pro.base44.app,EdgeMetric,,"The project has advanced from the conceptual stage to a fully routed multi-page web application. The core focus remains on a ""trading terminal"" aesthetic for sports betting intelligence, with the navigation and routing layer now integrated via `App.jsx` using a centralized `Layout` component.

New p",,a6209005-f08d-409a-9276-47c54dd327a0,,Not Supportable,red,100,Gambling and Games of Skill,Betting / Casino / Lottery,"['sports betting', 'betting']"
69dcc0eb5062b7dc71dc59f2,https://spark-content-pulse.base44.app,Content Idea Creator,,,,ee0ddbb1-c181-43ac-baa7-765198e9ebe8,,Likely Supportable,green,40,,,
69d1492c9942e5da33551a74,https://the-act-33551a74.base44.app,The ACT,,"The project has finalized its ""Base44 Payments"" (Wix) integration, which includes a dedicated `/donate` page with preset amounts, a `/thank-you` confirmation page, and a `create-checkout` backend function. Navigation has been updated to include a ""Donate"" link in the main application layout.

Follow",,9004e0b3-cef2-49ea-9b2d-fa7ba6a65f67,,Likely Supportable,green,40,,,
69dcab7a9def58f063e67ac5,https://pure-potential-path.base44.app,Possibility App,,,,dfdc9be6-68f3-4471-a17d-327aa2ff19fd,,Likely Supportable,green,40,,,
69dc9f8dd0293ff29c13585a,https://architect-of-capital-9c13585a.base44.app,Architect of Capital,,,,3d73a22a-8982-4316-bedf-909ce0b54c41,,Likely Supportable,green,40,,,
69da2602cdef27ff584ab0d0,https://vibe-stream-copy-584ab0d0.base44.app,VibeStream (Copy),,,,e658847a-43cc-4aaf-95f7-b7f053c14c4f,,Likely Supportable,green,40,,,
69db4f244340241e92f78178,https://diamond-strike-reserve.base44.app,DiamondStrike Scheduling,,"The user is developing a premium baseball facility management and booking platform. Key features implemented include a dual-facility booking system (Jacob K. Hoda Field and Jacob K. Hoda Hitting Facility), a comprehensive legal waiver module with e-signature capabilities, and an administrative dashb",,ead8a219-b61c-4077-ad8a-f4c5d5797f9e,,Likely Supportable,green,40,,,
69d9abfef96cdfcf7629b243,https://oz-beat-flow.base44.app,OZ NOHEART METHOD,,"The project is a lyrics management and production platform featuring a `RhymeTool` for songwriting and a `Collaboration` system. It utilizes external AI integrations, including ElevenLabs for voice generation, and is currently implementing Base44 (Wix) Payments, with all necessary environment variab",,e1c72d54-020a-4b7b-b6ae-3da768120785,,Likely Supportable,green,40,,,
69dc7ac0e1df755ce63aa8c3,https://neon-stock-master-flow.base44.app,库存大师,,"The project has been significantly expanded to include a robust payment processing flow, product image management, and a tiered loyalty program.

*   **Payments Integration:** The app now supports ""Base44 Payments"" (Wix Payments). This includes a backend `create-checkout` function for generating ses",,d45ac690-08f8-482f-a111-4325cece7dcc,,Likely Supportable,green,40,,,
695911ec850fc3300fe14a72,https://supply-swap-0fe14a72.base44.app,SupplySwap,,"The ""MedShare"" community platform has expanded to include a ""Request Board,"" allowing users to post requests for specific medical supplies and enabling others to respond directly to those needs. This feature set includes the `SupplyRequest` and `SupplyRequestResponse` entities, a dedicated `RequestB",,67a34f4c-8647-416b-b00d-7dc5ab668150,,Likely Supportable,green,40,,,
69daf6e5d4aa03ab8a6ea26a,https://wooden-hoop-scout-edge.base44.app,HoopScout,,"The user is developing ""HoopScout,"" a basketball analytics platform that provides advanced player comparisons, career history, and injury reports. The application recently transitioned its monetization strategy from a one-time purchase model to a $4.99/month recurring Stripe subscription. Advanced f",,821e2af3-41f0-48f9-bb78-e276497d90af,,Likely Supportable,green,40,,,
69dc6fd67ea47f534c389f91,https://precise-velvet-bet-club.base44.app,VelvetBet,,,,d60784b1-427a-4b3a-93d9-734b23db2d4d,,Likely Supportable,green,40,,,
69dc671217f2056e5241b1a5,https://not-yet-named-user-skipped-namin-5241b1a5.base44.app,(not yet named — user skipped naming),,,,5bb4cdd3-d36d-4429-9025-e5badc22e347,,Likely Supportable,green,40,,,
69dc69d6a7d64594280140c3,https://tested-vault-media-core.base44.app,Vault,,"The user is developing ""Vault,"" a premium-designed web application for tracking movies and games, featuring an elegant, indigo/violet aesthetic and custom entities for movie and game collections. The application includes a dashboard with statistics and dedicated pages for managing item entries, comp",,db6f182e-5a12-4cd6-a79e-f6f4831e932f,,Likely Supportable,green,40,,,
69dc68926c9e692410602600,https://camouflaged-smart-domain-flow.base44.app,NameBound,,,,f2642c7a-5b08-48d4-be5d-239d42aefeee,,Likely Supportable,green,40,,,
69dc656206961b5a1bc8f16e,https://sophisticated-vital-track-go.base44.app,VitalTrack,,,,763148ac-be13-4ef0-aec4-162be07906fd,,Likely Supportable,green,40,,,
69d9fb720f6463d005fade43,https://premium-find-claim-now.base44.app,ClaimBound,,"The user is developing ""ClaimFinder,"" an application for locating unclaimed property. The project has evolved to include direct, pre-filled deep links to official databases and a monetization layer using ""Base44 Payments"" (Wix Payments), which includes tiered pricing and a checkout workflow. The bac",,9e42dc2c-f784-4ac8-8071-dd67146bd071,,Likely Supportable,green,40,,,
69d56130b0fa646dcd423e61,https://rapid-recipe-book-pro.base44.app,RecipeBook,,"The ""Yumr"" project, a personalized recipe discovery application, has implemented a robust, 3-tier deterministic image mapping system to ensure that recipe visuals consistently match their content. Moving away from storing raw `image_url` values, the system now utilizes a `photo_category` field which",,740b90cf-9a5a-43d0-9eb3-7b9326c832bf,,Likely Supportable,green,40,,,
69dc586b39eb9aa56f745788,https://enormous-neon-pulse-play.base44.app,NeonPulse,,,,44048f18-17d3-4819-9464-b8f438713570,,Likely Supportable,green,40,,,
69dbe92fc9b40db2a24e3225,https://sumare-game-lab.base44.app,SUMARe,,"The project, **SUMARe**, is a digital card game featuring logic, memory, and luck-based mechanics, built with React, Tailwind CSS, and Framer Motion. The application includes a responsive Home page for navigation, a dynamic `GameSetup` page, a `PlayGame` interface, and a `Rules` page, with core logi",,f37fcb84-976c-420b-82a5-d88a6131d86f,,Likely Supportable,green,40,,,
69d45a937062a4184610ba2c,https://vital-flow-4610ba2c.base44.app,VitalFlow,,"The **Bodylytics** application has been optimized for native-like performance on iOS, incorporating environment-aware CSS for safe areas, system-level dark mode synchronization, and smooth route transitions via `framer-motion`. The core navigation and authentication flow were refined to ensure compl",,ee2a9a84-c3d5-452e-b25b-ed317a78a2ee,,Likely Supportable,green,40,,,
69dc535443dbcc01e72fd99a,https://illustrious-smart-amend-flow.base44.app,AmendEZ,,,,f6d0bcc1-850f-4c02-9797-049be9e38891,,Likely Supportable,green,40,,,
69d3219aed8046d85add7b45,https://mobile-wrench-flow.base44.app,wrenchflow,,"The user is developing the ""Mechanic Pro"" application and has successfully implemented a `mailto:` link mechanism in the `SendEmailModal.jsx` component to allow for easy communication with customers via their preferred mobile email app. The email content has been refined to include a friendly thank-",,2ebb1347-8de7-4693-a14b-bd710cf74187,,Likely Supportable,green,40,,,
69dc505cd1e5c8126e443361,https://messy-cognos-mind-lab.base44.app,Cognos,,,,b05cc846-ed1c-4008-bef9-03a44ca413d5,,Likely Supportable,green,40,,,
69daf32659b5fa5f22c6e811,https://jammo-premium-heat.base44.app,J-AMMO SHOPZ,,"The user is building **J-AMMO SHOPZ**, a streetwear e-commerce platform integrated with Base44 Payments. Following the successful implementation of the `create-checkout` backend function and improved error handling in `Cart.jsx`, the project has shifted focus to a high-end visual overhaul using `fra",,1fc54709-12ef-4376-a2da-2ba32a9741c1,,Not Supportable,red,80,"Weapons, Ammunition, and Related Products",Firearms / Ammunition / Weapon Parts,['ammo shop']
69858d02cf9ec0a4b00a06a2,https://nation-lead-sim.base44.app,Nation Simulator,,"The project has evolved into a robust multi-service platform that combines legislative simulation, social networking, and real-time gaming. Recent efforts focused on stabilizing the core user experience by addressing null-pointer exceptions in the `WarSpeechModal` and implementing a default starting",,c746dd36-3d34-4579-9e77-cc5688a24280,,Likely Supportable,green,40,,,
69aabd5ebc0882d69fc02313,https://alldocresumepro.base44.app,All Doc & Resume Pro,,"The user is developing the ""All Doc & Resume Pro"" application. Recent efforts have focused on optimizing application performance and enhancing the UI. Specifically, the project implemented stricter cache control by increasing `staleTime` and `gcTime` in the React Query configuration and memoized the",,6a6c84f8-4ca1-44e1-b838-58b553dba865,,Likely Supportable,green,40,,,
69d837f0852a5d2ba9d1b280,https://equuleus-heritage-guard.base44.app,The Equuleus Project,,"The Equuleus Project is a conservation-focused platform dedicated to the tracking, rescue, and advocacy of endangered equine and livestock breeds. The web application is built on a React and Tailwind CSS architecture, utilizing Base44’s backend services for data management and custom features. Key s",,33db6114-517d-4eaa-89f8-c3e6047d2909,,Likely Supportable,green,40,,,
69dc3c79de2ec7a4f2fd563f,https://accelerated-play-pixel-pulse.base44.app,ArcadePulse,,,,2f91912e-a756-443b-9b3c-fa03f15c315f,,Likely Supportable,green,40,,,
69d9334ff1df262daf295eb6,https://debonair-swift-cart-shop.base44.app,SwiftCart,,"The user is developing a full-stack e-commerce application on the Base44 platform. The project features a product catalog, a persistent shopping cart managed via `localStorage`, and an order management flow. Recent updates include the integration of sample products via generated imagery, the impleme",,a16b8efd-f3f1-4125-8e13-b63f62b56a27,,Likely Supportable,green,40,,,
69db032478089df82a52d5d0,https://viora-cloud.base44.app,Viora,,"The user has developed a web-based media storage application on the Base44 platform, featuring separate libraries for images and videos, each managed by dedicated `Image` and `Video` entities. Recent updates include the implementation of a 100GB storage limit for both media types, enforced during th",,cad35226-8be9-4bc7-978e-b2479a37ef0f,,Likely Supportable,green,40,,,
69dc33b36f3bfc73785592d8,https://brainrot-loot-hub.base44.app,Brainrot Loot,,"The user is continuing development of the ""Fortnite Brainrot Shop"" on Base44, focusing on refining the store’s purchasing mechanics and currency offerings. Key functional changes include restricting the shopping cart to allow only one of each unique item per order, which involved updating the `addTo",,b008b0a0-cf3a-4733-b983-607d23b99dc3,,Likely Supportable,green,40,,,
69d9c5f0c5cf62ad9e82b07d,https://gleaming-heartfelt-card-craft.base44.app,Heartfelt,,"The user has successfully integrated Base44 Payments (Wix Payments) into the ""Bloom"" platform, enabling an end-to-end user flow for custom birthday card creation, checkout, and post-purchase confirmation. Key technical refinements included fixing scoping errors for price calculations in `OrderCard.j",,dfd4d5b3-b843-4c47-a982-991a502f80da,,Likely Supportable,green,40,,,
69dc2d74df99e03ddfef1f1e,https://goquest-daily-play.base44.app,GoQuest,,,,5df3eaf9-b09a-417e-a6a8-5f7856ae2323,,Likely Supportable,green,40,,,
69dbdc600c5bc9b6ac4a8b65,https://dramatic-tempo-time-sync.base44.app,Tempo,,"The user is building ""Tempo,"" a time and activity organizer app featuring a dashboard, activity management, a weekly schedule, and color-coded categories. The app utilizes a clean, minimal design with a warm color palette and is built using React with Base44 entities (`Activity`, `Category`).

Key t",,6797564f-0099-4f97-9fa6-ef65e26c9096,,Likely Supportable,green,40,,,
69d716f2b726f09e85467c6d,https://smart-bundle-saver.base44.app,Superbundler,,"The ""Superbundler"" platform has successfully integrated a comprehensive ""Analytics"" dashboard into the Shop Portal. This feature, implemented via the new `ShopAnalytics.jsx` component, provides shop owners with visualized performance metrics, including revenue and redemption trends, popular bundle t",,7233092d-fa34-40c2-aa5d-e3670d4752d8,,Likely Supportable,green,40,,,
69dc1e4c67fa60a6c119a778,https://visionary-build-match-pro.base44.app,BuildMatch,,"BuildMatch is a two-sided construction hiring and AI services platform. The project is currently transitioning from an initial MVP structure to a premium, gated model. Key features implemented include a multi-step worker vetting flow (identity, trade selection, skill surveying, and preferences), an ",,e0d921ca-702b-4ede-be0e-cb74883dc6c5,,Likely Supportable,green,40,,,
69dc190403287fa03d0d4787,https://humongous-aura-edit-shop.base44.app,Aura,,"The user has built a premium ecommerce website for their business, ""La Moda Zero,"" using the Base44 platform. The site features a modern design with a hero section, category navigation, featured products, and a fully functional shopping experience. Key technical implementations include the `Product`",,d7d5fb3c-7ed7-4746-9cd0-450cfc676c02,,Likely Supportable,green,40,,,
69dc1374ef9945f73e941209,https://yktv-spin-hub.base44.app,YKTV Slot Casino,,"The ""YKTV Slot Casino"" project has expanded its functionality to include a monetization layer, allowing users to purchase virtual currency. A new `CoinPurchase` entity was established to track transaction history, covering fields such as user email, package details, purchase status, and payment iden",,09394ed4-5b54-4517-9a87-053a68328cc2,,Not Supportable,red,100,Gambling and Games of Skill,Betting / Casino / Lottery,"['casino', 'slot']"
69dc05e03663683ea81e95f5,https://ice-print-hub.base44.app,IcePrint,,,,2e04f50a-2263-4416-b45e-36a911fc6e65,,Likely Supportable,green,40,,,
69dc18da5a9dbd8f9559eebf,https://hoops-arena-deck.base44.app,HoopsArena,,"The user has initiated the development of a ""Basketball Card"" game. The project is currently in its conceptual phase, with the initial request serving as a baseline for building a card-based application using the Base44 platform.

The goal is to establish a core structure for the card game, which wi",,f8489f99-e53e-4eaf-bd81-2a37d004a9d9,,Likely Supportable,green,40,,,
69dc16c4d8a897c29a024599,https://nexus-market-mind.base44.app,NexusAI Marketing Agency,,"The user has built ""NexusAI,"" an AI marketing agency platform featuring a team of specialized AI employees with academic credentials. The platform includes a landing page, a team showcase with department filtering, a services overview, and a chat interface for consulting with the AI agents. The appl",,2ff96910-a941-4c16-a3bd-ab920080bdf3,,Likely Supportable,green,40,,,
69dc09043102059332f5182f,https://flying-meme-pulse-trade.base44.app,MemePulse AI,,,,297a1880-ac14-4657-b215-94ef92820a1b,,Likely Supportable,green,40,,,
69dabc3969438b62a18ab91b,https://optimal-pure-essence-aura.base44.app,Essence Aura,,"The user is building ""Robot Fragrances,"" a rebranding of their previous e-commerce platform, focusing on travel-sized fragrance decants. The project has transitioned from a general catalog to a refined offering with specific volume options (2ml, 5ml, 10ml, 30ml) and updated pricing structures. The p",,bfdfd025-a2d0-4e0a-a805-c7d5c413c39f,,Likely Supportable,green,40,,,
69db9b815a41b9c378513256,https://first-vital-link-care.base44.app,Vivalynx,,The Vivalynx platform has been significantly enhanced to manage user onboarding flows and comprehensive health profiles. Key updates include a streamlined onboarding experience where administrators can initiate or reset the onboarding process for individual clients directly from the `AdminGroups` in,,afac2529-aecf-4c8a-9b40-2f048dcaacb4,,Likely Supportable,green,40,,,
69dc007c5c5d4182130ec423,https://garnet-study-flow-smart.base44.app,StudyFlow,,"The user has evolved the StudyFlow application into a gamified, subscription-based learning platform. Key developments include the integration of ""Base44 Payments"" to gate premium features, specifically the AI Tutor, the newly added Study Games suite (including Memory Match, Word Scramble, and Flash",,0c6d93b7-f533-47fd-b817-f3c4294ee36c,,Likely Supportable,green,40,,,
69db34ee29c57fb23a819911,https://nexus-ai-lovely-flow.base44.app,NexusAI,,"The user is developing ""CopyFlow,"" an AI-powered copywriting SaaS. The platform features a complete conversion funnel, including a landing page, a trial-gated experience, and a ""Base44 Payments"" subscription flow with server-side webhook processing. Recent work ensured consistent administrative comm",,aae0e846-b14e-446c-9a25-cf8f87642608,,Likely Supportable,green,40,,,
69dbf899bc8a382269352c10,https://neon-drift-space.base44.app,Neon Drift,,"The user is building a fast-paced, neon-themed space racing game inspired by *Orion Drift VR* using Three.js within the Base44 platform. The project features a deep space aesthetic with neon cyan and purple accents, utilizing custom typography (Orbitron and Rajdhani fonts) and a modular component ar",,224e6bb2-6d68-4dbf-8dfe-9c0bdb0e6eea,,Not Supportable,red,50,Illegal Products and Services,Counterfeit / Fake IDs / Human Trafficking,['inspired by']
69dbf6505b1dd69583d08460,https://skibidi-battle-base.base44.app,Skibidi Arena,,,,5fdb904f-006a-4eda-b98e-8c6bc50d0b07,,Likely Supportable,green,40,,,
68f4532a9ac88ee27164c550,https://seti-ai-7164c550.base44.app,Seti's Universal World of Trading ,,"The user is finalizing the development of ""Seti,"" an AI-driven financial trading platform. The application includes a sophisticated dashboard with real-time market data, AI-powered trading signals, a 3D interface, and multi-market account management. Key recent developments have shifted the project ",,d4a29307-7d5f-452a-9e99-0437de428e93,,Restricted — Review,orange,60,Financial Services,Trading Signals / Investment Advice,['trading signal']
69dbed64e49cdd7be0c15ae8,https://qualified-quant-vault-prime.base44.app,QuantVault,,"The user is building **QuantVault**, a premium platform for institutional-grade, backtested TradingView strategies. The project features a ""Quant-Minimalism"" aesthetic (black/gold palette) and is built using React with Tailwind CSS and Framer Motion. 

Key technical developments include:
*   **Core ",,25a22de9-f2e3-401e-ba43-43c85bae8580,,Likely Supportable,green,40,,,
699432435845505f627bdf47,https://passive-income-engine.base44.app,Passive Income Engine,,"The ""AI Store Autopilot"" project is an autonomous digital product store that automates product generation, marketing, and SEO. The platform supports a multi-income stream architecture (Art, Copy, Design, Templates, Music, Video) and recently integrated a dropshipping module. This module includes spe",,11e27b7e-93f9-43e7-9ab4-d724da9c5de1,,Restricted — Review,orange,30,Financial Services,Dropshipping / Resale Consulting,['dropshipping']
69dbc56fcf54534ffa8a4479,https://witty-track-visa-flow.base44.app,ImmigrationIQ,,"The application is a comprehensive immigration management suite designed to assist users with case tracking, visa petition preparation, and administrative support. The platform features an automated ""Visa Checklist"" generator that dynamically produces required forms and supporting documents based on",,95e77027-4bee-459f-8dbb-ecdafb00b5b3,,Likely Supportable,green,40,,,
69dbc1ea729a70c8d0a532d1,https://voracious-shine-spot-hub.base44.app,DetailerSpot,,"The user is building ""Spotfree,"" a mobile detailing platform. The application is currently undergoing technical stabilization regarding its payment infrastructure. The platform features a dark-themed, modern interface with distinct workflows for customers (searching, booking, payments) and detailers",,c93b1b1f-12c8-45f4-8200-7c064445db75,,Likely Supportable,green,40,,,
69db8c6dd0b241ea5479ca85,https://mint-scout-scan.base44.app,MintScout,,"The user is developing ""Unrivaled Card Scan,"" a mobile-web platform for AI-powered trading card identification and market analysis. The application features integrated Shopify listing capabilities, a community marketplace for peer-to-peer trading, and a subscription-based access model for premium fe",,097e5e97-4aaa-46a4-a3ec-8b3ff98d0e94,,Not Enabled for Wix,orange,50,Financial Services,Digital Banking / Money Services / P2P Payments,['peer-to-peer']
69dbbdd1f5df87585e9b2ab3,https://crazy-vibe-check-crew.base44.app,VibeCheck,,,,fbfd79e9-8a4d-413e-8e31-64aa6d6a3a47,,Likely Supportable,green,40,,,
69dbb703211174db329e98a7,https://recover-right-flow.base44.app,RecoverRight,,,,764f3144-5904-406a-9a30-061b8efb30d7,,Likely Supportable,green,40,,,
69d45ee6699577432128aa38,https://capy-ink-flow.base44.app,Capybara Ink,,"The project, ""Capylandia"" within the *Rushers* platform, has been expanded with new interactive gameplay features and administrative moderation tools. 

**Recent Gameplay Developments:**
*   **Capybara Interactivity**: Resident capybaras now wander, show reactions (using bubbles), and engage in AI-p",,01898d4a-047f-4301-baa5-3705d58295d0,,Likely Supportable,green,40,,,
69dbb50d6d7d030975b67924,https://optimistic-zoom-walk-joy.base44.app,Zoomies on the Go,,,,d835f0a4-160d-4694-84f0-82cae56eb763,,Likely Supportable,green,40,,,
69da26bc08c85d0d70222ebe,https://theathletesway.base44.app,The Athlete's Way,,"The project for ""The Athlete's Way"" has evolved into a fully self-contained e-commerce application. Following the implementation of a dynamic product catalog, shopping cart system, and dedicated product detail pages, the user transitioned the platform from a site linking to external commerce to an i",,e8d5ffb2-2903-4e5b-b061-247d09f11488,,Likely Supportable,green,40,,,
69dbae128f02bf386eea7600,https://garden-quest-play.base44.app,Garden Quest,,,,a5f5f91b-ec3e-40bd-892a-010620af962f,,Likely Supportable,green,40,,,
69dae5e50aae75886353cf37,https://resonance-wear-studio.base44.app,ResonanceWear,,,,49ddcaf1-fb73-4f9e-8fc5-156885a83b20,,Likely Supportable,green,40,,,
6985e750b931b72ff9e6341c,https://therapeutic-edit-flow-ai.base44.app,EditFlow AI,,"The ""EditFlow AI"" project successfully resolved a critical issue where the `TranscriptionPanel.jsx` component was generating dummy text instead of performing real-time video analysis. The component was refactored and cleaned to ensure the `handleTranscribe` logic correctly passes uploaded video file",,e77b2c77-c6ca-4c91-badf-321f57b12b64,,Likely Supportable,green,40,,,
69db7cdc438ad6ae4f977174,https://spark-4f977174.base44.app,Spark,,,,9e16a1c7-4505-4837-9e13-9f222929818b,,Likely Supportable,green,40,,,
69db73b8db1b2c9b22fb4030,https://david-22fb4030.base44.app,David,,,,465c5007-7a3d-4203-8a96-887adeefa2a6,,Likely Supportable,green,40,,,
69db7236b3a68e8b6b4ccb50,https://lite-vault-pro.base44.app,LTC Miner Hub,,,,2353b98c-39cc-4599-9850-16de46537157,,Likely Supportable,green,40,,,
69db6ecff816afa7150a0963,https://dare-risk-flow.base44.app,Risk It,,"The user is building ""Risk It,"" a mobile-first, high-energy dare and challenge application designed for viral engagement (e.g., TikTok). The app features a random challenge generator that allows users to filter by category (Social, IRL, Creative, Chaotic, Wholesome) and difficulty level (Easy to Ext",,e5bff28f-94dd-44b3-b7b2-4695293f81f5,,Likely Supportable,green,40,,,
69d35dc94a7658f732e62e4a,https://link-boost-lab.base44.app,LinkBoost AI,,"The project is a tweet optimization tool named ""LinkBoost AI,"" currently undergoing a visual and functional overhaul. The user has transitioned from a dashboard-centric layout to a minimalist ""Home"" page inspired by the *motia.dev* aesthetic, utilizing a dark theme with high-contrast UI elements. Th",,c441a0df-5e18-4169-909b-0c47fb6ae7b6,,Not Supportable,red,50,Illegal Products and Services,Counterfeit / Fake IDs / Human Trafficking,['inspired by']
69db02de243bb47d0be515eb,https://zoom-flow-tube.base44.app,Flow To Upload,,"The ""Flow To Upload"" application, which automates Zoom recording processing to YouTube and Google Sheets, has been maintained with ongoing UI and UX refinements. Recent updates included the implementation of a ""Trash"" management system, allowing users to isolate discarded recordings and restore them",,ce176c84-f29b-4cb0-8675-5cbd071e4d48,,Likely Supportable,green,40,,,
69da1d27a9a8ef3ebf25d854,https://spiffy-vibe-stream-flow.base44.app,VibeStream,,"The user is finalizing the monetization infrastructure for **Resonance**, the music streaming application. The project now integrates a full subscription workflow using Wix Payments, consisting of a custom backend checkout handler (`create-checkout.js`) and a secure webhook listener (`wix-payments-w",,f3f540f7-ac0c-4191-b55a-73aed294f26d,,Likely Supportable,green,40,,,
69db332966cc876a7d1d7a20,https://simplehomes.base44.app,CivicAnchor,,"The ""Affordable Houses for Rent"" project has reached a stable, launch-ready state following a final hardening pass. The core focus has been on resolving critical execution bottlenecks, standardizing UI/UX, and ensuring data integrity across the renter-landlord-admin lifecycle.

**Key Technical and O",,2279f73f-fe64-4df3-89b4-3bd8927504fe,,Likely Supportable,green,40,,,
69db32c6de99bc9f0a2ee811,https://brent-0a2ee811.base44.app,Brent,,,,1f8319f1-2c0e-4519-b6e4-b18cfa6b51c6,,Likely Supportable,green,40,,,
69dacbb553893f7383ac6b19,https://boss-app-83ac6b19.base44.app,Boss — App,,"The ""Repurpose AI"" platform is an automated lead acquisition and outreach system built on the Base44 backend. It uses a `Lead` entity and automated scripts (`findLeads.js`, `autoFindAndOutreach.js`) triggered by cron jobs to handle discovery, cold outreach, and follow-ups via Gmail.

To address high",,bdad9dc8-00b6-4cd7-bbee-ab86d2a49007,,Likely Supportable,green,40,,,
69db21c0feb6ccc18f563939,https://light-peak-zenith-flow.base44.app,ZenithFlow,,,,8aaee04f-a4d2-4f80-8218-1ebf95b21c3b,,Likely Supportable,green,40,,,
69db1f25e115b44f7627bc5e,https://imperfect-loom-goods.base44.app,The Imperfect Loom,,,,70eb507c-2c18-41a7-ac0f-c7cf55185165,,Likely Supportable,green,40,,,
69daca6196de90b4b006bf36,https://boss-b006bf36.base44.app,Boss,,,,4e5d32e2-1a6a-4d15-bd66-9196953b6764,,Likely Supportable,green,40,,,
69c740b414210334cdc8bd6d,https://atlantafoodiefestival.base44.app,Atlanta Foodie Festival,,"The project focuses on developing the Atlanta Foodie Festival website. Recent efforts centered on standardizing the vendor application process, where the user requested a revert to a simplified 2-day attendance model, removing per-day pricing options and eliminating the application fee from the `Ven",,a3f1179d-84dc-469f-9320-4b0b30e0255d,,Likely Supportable,green,40,,,
69a6a995454fab76b385c71f,https://heavy-health-guide-now.base44.app,Health Navigator,,"The ""Hope Scout"" platform’s mobile-first optimization continues with the implementation of core interaction patterns in the `Community` page. Following the established pattern from the `Dashboard` and `HealthJourney` pages, the `Community.jsx` file has been updated to include the `usePullToRefresh` ",,471c516d-6398-40f3-8b81-92f0e9c0f3e3,,Likely Supportable,green,40,,,
69d9b9425f63fcf2f5abc94b,https://ubuntu-sanctuary-flow.base44.app,Ubuntu Leadership Sanctuary,,"The ""Tree + Water Leadership™ Training"" platform has been expanded with a robust Base44 Payments (Wix) integration. This includes a new `/pricing` page for course tier selection, a `/thank-you` confirmation page, and backend functions (`create-checkout` and `wix-payments-webhook`) to manage secure c",,59b24dc7-a411-4b0d-a3e0-a3ec62970813,,Likely Supportable,green,40,,,
69c9e68db8c7b98ac624b328,https://swiftscrub.base44.app,Swift Scrub,,"The ""Swift Scrub"" platform has undergone a comprehensive transformation, transitioning from a hybrid cash/credit system to a fully digitized, Stripe-integrated credit card payment model. Key developments include the removal of cash handling, the implementation of Wix (Base44) Payments for secure tra",,222bf932-ef84-4507-92df-ca9dcd13ff20,,Likely Supportable,green,40,,,
69daff86275c2e134c1feb93,https://zeus-4c1feb93.base44.app,Zeus,,,,07e41b60-9eeb-4080-85d4-a4108643807e,,Likely Supportable,green,40,,,
69db02bdd4aa03ab8a6ea51e,https://liquid-upgrade-vibes.base44.app,Water 2.0,,,,210312b4-1da9-4c5a-b381-e99b77c90c78,,Likely Supportable,green,40,,,
69d9bfce75658288ec2b297a,https://industrious-hello-reception-flow.base44.app,ReceptionAI,,"The project is a multi-tenant SaaS platform for managing AI-driven phone receptionists. Having successfully migrated the core voice architecture from Twilio to Vapi.ai, the system now features automated assistant provisioning via `provisionVapiNumber`, synchronized updates through `syncVapiAssistant",,3c3111e6-7892-4364-8087-ff012456e6f6,,Likely Supportable,green,40,,,
69daf388855ef5a2823922a0,https://reach-elite-pro.base44.app,ReachElite,,"The user has developed ""RecruitReach,"" an athlete-to-coach outreach platform. Key features include an athlete profile builder, a searchable college database (expanded to 500 entries), an email composer with templates and AI integration, and an email history tracker. The platform enforces a subscript",,a5dcf41d-63d9-4170-bf19-3671451603bd,,Likely Supportable,green,40,,,
69daa6c2f6826aa0f94085a8,https://task-flow-copy-f94085a8.base44.app,Vistalyze,,"The user is continuing development on ""Vistalyze,"" an AI-powered marketing management application. The focus has recently shifted to fixing bugs and implementing interactive elements across several components.

The primary issues addressed were related to duplicate imports in `AIAllocation.jsx`, whi",,57e019c9-4a0c-4d9d-96c9-cb0c16f3a4e1,,Likely Supportable,green,40,,,
69c42c8149fede98758dad78,https://temcord.base44.app,Temcord,,"The ""AdminNukeBot"" project has successfully transitioned from a marketing-only ""Lightning+"" subscription model to a feature-gated system where subscription tiers (Basic, Standard, Ultra) now enforce actual application constraints. Key implementations include hard limits on file upload sizes, automat",,0a79148a-43e5-41a5-9630-ce95a25ce1f6,,Likely Supportable,green,40,,,
69daef90a2043b3db56ee6b6,https://pay-buck-gate.base44.app,DollarPass,,,,b4a8e2aa-a778-4777-a513-7eb27cf2497a,,Likely Supportable,green,40,,,
69d9911e410d126fa672827a,https://guide-flock-connect.base44.app,ShepherdLink,,"The ""Shepherd"" platform has been expanded to support a comprehensive lifecycle management system for members of the flock. Key technical updates include the implementation of a dedicated ""Reminders"" page, which leverages `date-fns` to track upcoming birthdays, anniversaries, and prayer requests. Thi",,523ccd7a-8639-49ac-8405-8a42f10aa7e3,,Likely Supportable,green,40,,,
69da64cee54f2b950d873a8a,https://real-flick-hub.base44.app,Reality Stream,,"The ""Reality TV Network"" platform is a subscription-based video streaming service built with a React frontend and Base44 backend services. Key features include a role-gated `Upload` page for creators, an authentication system, and a subscription paywall integrated with Base44 Payments (via Wix Payme",,fa0895fd-04b1-4579-b6f0-7bf335298988,,Likely Supportable,green,40,,,
69dad726a6e583e196a0430f,https://caiden-shine-lab.base44.app,Caiden’s Car Wash,,"Caiden’s Car Wash has optimized its platform by transitioning to an ""in-person"" payment model, removing previous online payment dependencies. Key features implemented include a loyalty rewards system (tracking points via `LoyaltyAccount`), a centralized user profile for communication preferences, an",,ee3b4aee-cbd0-4060-a6e5-aab8d278ad52,,Likely Supportable,green,40,,,
69dabd863c6895f2b0797cd2,https://ortoia-ai-flow.base44.app,Zaipito,,,,454fed29-dc71-403e-8221-9d5b7f682724,,Likely Supportable,green,40,,,
69dadecbe9aff30f68caabb2,https://arch-linux-drives.base44.app,ArchUSB,,"The user has initiated a project to build an e-commerce application specifically for selling Arch Linux USB sticks. The primary goal is to establish a digital storefront capable of managing product listings for various Arch Linux installation media.

The project is in its initial setup phase. Future",,03244e09-9531-4c73-a57c-a1b7543aed61,,Likely Supportable,green,40,,,
69dad936f6826aa0f9409034,https://sprout-meet-up.base44.app,Gather,,"The user is building ""Meet,"" a social activity app designed for discovering ideas and meeting new people. Key features implemented include a user profile setup flow (which now includes a multi-select ""What are you looking for?"" preference), a real-time direct messaging system featuring read receipts",,412e5b21-c886-4fc3-928e-ddf7c8eea995,,Likely Supportable,green,40,,,
69dac3e5c3ae03a9ba629efd,https://dynamic-apex-battle-pulse.base44.app,Emoji BattleGrounds,,,,5fd4e4e1-03e4-4c40-b15b-a3e288119334,,Likely Supportable,green,40,,,
69d8726f82c20003056f04c8,https://etheric-calm-ritual.base44.app,Etheric,,"The project, ""Luminal,"" has successfully transitioned into a conversion-ready e-commerce platform. Following a robust implementation of growth-focused UI features—including a live purchase activity feed, exit-intent discounts, ritual-based product recommendations, and trust-building badges—the proje",,0ac8a6b9-7283-4a5a-a401-15d7cebd2b1b,,Likely Supportable,green,40,,,
69dac2b9df5fcc0edf2f9720,https://curated-thrift-collective.base44.app,CuratedThrift,,,,8f2ee5bd-821f-455f-b435-e36d6ea2a7cc,,Likely Supportable,green,40,,,
69dac56a236dcba446722281,https://spirited-pay-stream-flow.base44.app,PayStream,,,,f9bc1c88-8882-4136-8f00-6859894d9f33,,Likely Supportable,green,40,,,
69cb0490c73384f5fd8f5d29,https://ortho-second-sight.base44.app,SecondLookOrtho,,"The SecondLookOrtho application continues to systematically populate its clinical resource library. Recent efforts have significantly expanded the `LibraryItem` entity by adding anatomically accurate, AI-generated medical illustrations and comprehensive educational articles for the ""Spine/Back,"" ""An",,41191fde-5280-405d-87a2-95369c670ef3,,Likely Supportable,green,40,,,
69da89cc201970eecc38fd5a,https://fridgetofork.base44.app,FridgeToFork,,"The ""FridgetoMeal"" application is currently integrating subscription management through the Paddle payment platform. The project has established the necessary foundation by configuring the `PADDLE_WEBHOOK_SECRET` as an application secret and creating a backend function (`functions/paddleWebhook.js`)",,fb7b6330-917d-4e31-a129-5c219cf2dbb2,,Not Enabled for Wix,orange,70,Financial Services,Digital Banking / Money Services / P2P Payments,['payment platform']
69d988f82feeca2678633128,https://heistdice.base44.app,Heist Dice,,"The ""Heist Dice"" project is in the final stages of iOS distribution preparation, with current efforts focused on satisfying Apple App Store compliance requirements. A key technical and strategic hurdle remains the integration of payments: the project must reconcile its use of ""Base44 Payments"" (Wix ",,3765302b-8c90-4456-871b-883fb5b69055,,Likely Supportable,green,40,,,
69dab79e2d2843f7f5604a4e,https://fred-f5604a4e.base44.app,Fred,,,,2b935d61-4c5d-4d1a-977d-da2dde728517,,Likely Supportable,green,40,,,
69ca721e981deff0d25b95cb,https://terrestrial-alif-quest-kids.base44.app,Learn Arabic,,"The project, ""**My First Arabic Words**,"" is transitioning from final mobile deployment preparations to feature implementation. Following clarification that mobile bundle IDs are managed via the Base44 dashboard rather than the codebase, the focus has shifted to UI refinement and payment integration",,8d2a9eb2-515a-43bf-afb1-2ee7ba612bf5,,Likely Supportable,green,40,,,
6958550092be4f11091bf6c2,https://passive-income-architect-091bf6c2.base44.app,Passive Income Architect,,"The project has evolved into a robust **Analytics and Operations Dashboard**. Key structural changes include the implementation of a configurable, persistent widget system in `Dashboard.jsx`. This system utilizes `localStorage` to allow users to pin, reorder, and remove specific performance charts (",,ec4ac64d-8088-4b84-a2a9-665259911132,,Likely Supportable,green,40,,,
69daabf6295ad12836d43f95,https://drako-36d43f95.base44.app,Drako,,,,fe4d1d6f-2458-4991-a76b-6d36e1c1cee5,,Likely Supportable,green,40,,,
69daa75b82133874bd2892e3,https://wondrous-find-your-muse.base44.app,Music Muse,,"The ""Don't Kill My Vibe"" playlist application has successfully integrated ""DJ Mode,"" featuring a specialized backend utility (`generateDJSet.js`) and a dedicated component suite (`DJSongRow`, `DJRefinementChips`, `DJExportModal`). This mode is gated behind the ""Music Mogul"" membership tier, with upd",,0893a3a1-4d72-4c0d-b9cf-2e57f1acbdf4,,Likely Supportable,green,40,,,
69d91f5a6915be9732a7f5bb,https://righteous-tally-point-flow.base44.app,TallyPoint,,"The ""Out of $tock Tracker"" app continues to enforce mandatory Base44 Payments for `Dashboard` access, with user subscription status tracked via a `paid` boolean in the `User` entity. Data isolation has been implemented for CSV exports, ensuring users can only access records they have created by filt",,57cdded0-cfe8-4fa4-a3fe-e19d0884aa94,,Likely Supportable,green,40,,,
69d5a341363f7a092c51538e,https://sculpted-crown-tx.base44.app,Sculpted Crown,,"The project for ""African Roots by Dydy"" has focused on refining the site's branding and navigation. Key layout updates included re-adding the ""McKinney, Texas"" eyebrow text to the `Hero.jsx` component and removing the italic styling from the ""Our Signature Styles"" heading in `Gallery.jsx`.

Navigati",,b69b3f26-207c-46df-857d-26715874ba23,,Likely Supportable,green,40,,,
69da942a5f291c3b90413c47,https://unnatural-flow-book-pro.base44.app,FlowState Scheduler,,"The user has initiated the development of a multi-tenant booking application designed for small businesses to manage appointments, scheduling, and automated reminders. The project architecture requires three distinct user roles: Business/Employer, Employee, and Client, each with specific access leve",,c58f40ae-de5b-4d8f-a0e2-b7704733784d,,Likely Supportable,green,40,,,
69da85e36c434c4e0230b53b,https://mix-monster-maker.base44.app,ChimeraPet,,"The user is building the MagiPet application and has focused on adding customizable accessories for the pets. Initially, the goal was to allow pets to wear earrings, a shirt, and a headband. This involved defining new data structures for these accessories and implementing their visual rendering in t",,f98dab16-b06c-41d0-9e86-929fa199e5ce,,Likely Supportable,green,40,,,
69d306fe206fcb67dbb0231e,https://siggy-fitness-flow.base44.app,Coach Siggy Connect,,"The user is developing a fitness application and has moved away from the initial ""Base44 Payments"" (Wix Payments) implementation due to processing errors. They have opted to revert to using PayPal Hosted Buttons to manage program purchases, matching the pattern used for their existing memberships.

",,4dbef632-2990-4c30-82dd-9089d8228b74,,Likely Supportable,green,40,,,
69da83e779b8c3d3b21e29e1,https://original-split-smart-sync.base44.app,FairShare,,"The user is building ""FairSplit,"" an intelligent expense-splitting application designed to manage shared costs among friends, similar to Splitwise. The project features automated expense tracking, AI-powered receipt scanning via Base44's LLM integration, flexible split options (equal, custom, percen",,7e0c79c8-f600-446f-b36f-e2d66a4fb02c,,Likely Supportable,green,40,,,
69ced09838c3df122ca33b79,https://maker-2ca33b79.base44.app,Maker,,,,4ea7dfa2-b794-43b8-b8dc-7d605df2ff3a,,Likely Supportable,green,40,,,
69da7f9a855ef5a28238ac0b,https://arrive-one-flow.base44.app,ArriveOne,,"The user is initiating a project to rebuild an existing web application (https://arriveone.netlify.app/) within the Base44 platform. The objective is to migrate the functionality of the current site into a fully functional Base44-backed application, while additionally developing a dedicated website ",,76cbb5aa-18e3-42b4-876f-07d527406a04,,Likely Supportable,green,40,,,
69da6f53d13a680df34f9f98,https://arboreal-omni-cart-go.base44.app,OmniCart,,"The user is building ""VibeMart,"" a bold and energetic online store designed for selling physical products (clothing, accessories, gadgets). The platform supports a customer flow consisting of product browsing, a shopping cart, a checkout process, and order confirmation. For the store owner, an admin",,baf1e075-1dc5-4d2f-a359-92550b616087,,Likely Supportable,green,40,,,
69da67cf7c1c78c1e17cf1a7,https://elite-kinetic-swing.base44.app,Elite Kinetic Lessons,,"The user has successfully built a modern, mobile-responsive single-page website for ""Coach Jose Baseball Hitting Lessons"" based in Wimauma, Florida. The site features a professional, baseball-themed aesthetic (navy, crimson, and white) and includes a hero section, an ""About Coach Jose"" bio section, ",,37dccf03-8ae5-448d-aaaa-095569ec343e,,Likely Supportable,green,40,,,
69da6b0e1713e5c56ac8e738,https://lucid-clarity-hub.base44.app,Lucid,,,,b9030a05-d6d2-439f-907c-5f597bf11d09,,Likely Supportable,green,40,,,
69da0d8500e1e688cc38036e,https://echo-guard-pro.base44.app,EchoGuard,,"The user has successfully established the frontend architecture for EchoGuard, implementing a complete design system centered around Tailwind CSS and a professional, responsive component library. The application now features a robust navigation structure using `AppLayout` and a `Sidebar`, alongside ",,6338d174-f1bf-470b-aee1-b7ae72b8d6b0,,Likely Supportable,green,40,,,
69d55961165fcd937d236799,https://akariuniverse.base44.app,Akari: The Bridge of Light,,"The Akaraism Core Teachings were updated to include a comprehensive ""Karma & Dharma"" section, which details the Akaric cosmology of souls, omniverses, and the distinction between individual reincarnation and collective resurrection. Following a request to reorganize, this content was moved from the ",,b46c7e37-aeb8-4c70-9e42-288859271156,,Likely Supportable,green,40,,,
69da41ca0c01442135f604c8,https://prime-table-bid.base44.app,ReservBid,,,,69c7c4cb-cf81-46bb-b992-dff78c492489,,Likely Supportable,green,40,,,
69d97f7f788cd09cb248a68f,https://gorgeous-ascend-grit-gain.base44.app,GrindFit,,"The project is a fitness application, ""GrindFit,"" which recently underwent a major UI/UX update to enhance iOS mobile compatibility. Key changes included implementing a native-style fixed bottom tab bar for mobile screens, a mobile header with back-button navigation, and layout adjustments using saf",,5c448b8f-69e2-46f2-aa1b-fc1aed96ceb5,,Likely Supportable,green,40,,,
69d95bbb4df7b142af5a71f0,https://apkgtshop.base44.app,APKGT SHOP,,"The APKGT e-commerce project is currently focused on troubleshooting the ""Base44 Payments"" (Wix Payments) integration. While the backend `create-checkout` function and required environment variables (`WIX_PAYMENTS_API_KEY`, `WIX_PAYMENTS_SITE_ID`) have been configured, the checkout flow is failing t",,b0050ad9-40f4-4cd2-88fd-3f9c05afe6a1,,Likely Supportable,green,40,,,
69d9dfdadfc9069f88d5f5e7,https://koba-play-hub.base44.app,KOBA GAMES,,"The project is a marketplace platform for game server assets and management, recently transitioned to production-ready status by purging all mock data and integrating live entity management for RCON terminals and analytics. The system now features a robust ""Listing Boost"" visibility mechanic and an ",,0432e32f-f078-4661-8d5b-82e5aa427f9f,,Restricted — Review,orange,75,Marketplaces and Aggregators,Marketplace / Multi-Vendor Platform,"['marketplace', 'listing']"
69da00daf58ae7f60c6df83e,https://maust-curated-archive.base44.app,The Maust Archive,,"The user is building ""The Maust Archive,"" a premium dropshipping e-commerce storefront for Nikolai Maust featuring a dark obsidian aesthetic and curated luxury goods. The project utilizes Base44 entities (Product, Order) and custom React components, including an asymmetric gallery, slide-out cart, a",,745a83a1-ebd2-4f17-aca6-a27ac70519ab,,Restricted — Review,orange,30,Financial Services,Dropshipping / Resale Consulting,['dropshipping']
69a5c8ba3d92179b564ac4db,https://overlandcoin.base44.app,OVERLANDCOIN ,,"The $OLC platform has completed a massive content expansion, adding 497 new global quest locations across various continents and remote territories, integrated into the `Quest` entity with a standardized reward structure. Following the content rollout, minor UI refinements were made to the `QuestMap",,e7c4b6c2-0f3d-4109-8cd1-0a45e15f0a5b,,Likely Supportable,green,40,,,
69d9845c761e2faed586b774,https://congenial-kind-share-link.base44.app,Community Share,,"The user is building a modern, community-focused website for a food pantry, modeled after ""Covenant Cupboard."" The project uses a deep purple and coral design system, incorporating custom components like a hero carousel, waitlist information section, and an announcements system. The site is structur",,569a8e0a-edba-4331-a54b-e629b21abffd,,Likely Supportable,green,40,,,
69cd5aff27c027d116d71d6b,https://sincere-anchor-faith-path.base44.app,Kose,,"The user is evolving the faith-based mobile application by conducting a ""premium overhaul"" of the AI prayer companion, ""Kose."" The project is moving toward a more immersive, Alexa-inspired interface, emphasizing high-end design aesthetics and interactive feedback.

Key changes include the implementa",,8b0ec183-1ae8-46ec-8959-341244d02da8,,Likely Supportable,green,40,,,
69d86b7d82c20003056efb21,https://jarvis-056efb21.base44.app,Jarvis,,,,2fa3e715-800d-4177-932c-0e6e16ef5c24,,Likely Supportable,green,40,,,
69b33e0c0b89283a72233583,https://lyfelyfepro.base44.app,Lyfe Lyne Pro,,"The ""Lyfe Lyne Pro"" platform has been further expanded with sophisticated operational management tools, including a comprehensive inventory tracking system and a technician activity auditing framework. The system now features a dedicated `Inventory` and `PartUsage` entity structure, allowing technic",,4590f4b4-1d38-49af-bf96-67a62133520b,,Likely Supportable,green,40,,,
69d93fd0e9af54edc4cfd755,https://luna-wind-down.base44.app,Luna Sleep Coach,,"The user is developing the ""Bedtime Wind-Down Coach"" application on Base44, focusing on sleep-tracking and personalized content generation. Recent efforts have centered on implementing Base44 Payments and enhancing user engagement via analytics and forced-monetization triggers.

Key technical implem",,85d47610-a388-40a7-bddd-67afbb3b8bbc,,Likely Supportable,green,40,,,
69d9cb75eee87667741d4b9c,https://prime-request-flow.base44.app,ConciergeFlow,,,,9b9a8330-68b4-4b79-9806-d28726cffe29,,Likely Supportable,green,40,,,
69d9c10628b48768a8f15731,https://workman-edge-quotes.base44.app,Workman's Edge,,,,59cecc74-4064-4102-8c85-67065d893c7b,,Likely Supportable,green,40,,,
69d973da6964fe31ae3f80f0,https://truecrimedetective.base44.app,True Crime Detective,,"The ""True Crime Detective"" project has successfully transitioned to a fully pre-generated interrogation system, moving away from real-time LLM dependencies. A robust batch-processing backend function (`batchGenerateInterrogationTrees`) was developed to populate dialogue trees for all 201 game cases,",,7a061c11-759f-42c4-9ed9-dd9fd9e9fa36,,Likely Supportable,green,40,,,
69c81c77fb152a4dd350969d,https://omni-learn-d350969d.base44.app,OmniLearn,,"The ""Clarify"" project's payment integration is complete, featuring a secure subscription lifecycle managed through a `Subscription` entity and Base44 Payments (Wix Payments). The workflow handles user transitions from a ""pending"" checkout state to an ""active"" status upon receipt of successful paymen",,cd25cc28-05cc-43b6-ad74-a089c912fcf8,,Likely Supportable,green,40,,,
69d85c3d394665fe96409ab4,https://ezaccess-health.base44.app,EzAccess Health,,"The ""HealthFlow"" (MedGo) project for ""EZ Blood Draw LLC"" has undergone significant structural updates to stabilize the `RequestService` booking workflow. To resolve data loss and submission failures, the application transitioned from `useRef` to a centralized `useState` management pattern, ensuring ",,daabb5d9-7878-42f4-87e6-0f25ccd95499,,Likely Supportable,green,40,,,
69d997a982409c1652e6e328,https://laka-trade-pulse.base44.app,"Laka Trades, LLC",,"The **LakaTrades** platform continues to focus on refining its user authentication and session management. Following the implementation of a functional sign-out process, the project is currently addressing issues regarding role-based access control, where admin privileges are failing to sync correct",,d0f11710-0261-42e7-a8ee-a2ffa0b0520f,,Likely Supportable,green,40,,,
69d5045872c405e4e38b77ff,https://undeadglam.base44.app,Undead Glam,,"The project is an e-commerce web application utilizing Base44 Payments for checkout. Development has focused on integrating and configuring Base44 Payments using the `create-checkout` function, ensuring it correctly handles API endpoints and required request structures per the Wix Payments integrati",,41d8ac6d-ee40-432c-a25e-0888129a5db2,,Likely Supportable,green,40,,,
69d9a9944a7f318454aae139,https://test12345-1.base44.app,FlowBudget,,,,0df15b76-c165-4a5e-92ec-470d1bd7a697,,Likely Supportable,green,40,,,
69d980b5c911ac4cc1b9169f,https://rapid-daily-brain-boost.base44.app,DailyTrivia,,"The user is evolving their trivia web application, rebranded as **""First to 11""**, into a self-serve platform. The game structure has been updated to feature a fixed set of 11 questions per day.

Key technical changes and features include:
*   **Ad Self-Service:** The ad management system has been p",,c7d07ddd-31a4-4c70-aff5-3177f0874423,,Likely Supportable,green,40,,,
69d9985f5f63fcf2f5abc359,https://radiant-poke-vault-pro.base44.app,PokeVault,,"The user is building ""LooftStop,"" a premium e-commerce platform for Pokémon cards and collectibles. The project has undergone a significant visual and functional overhaul, adopting a neo-brutalist ""cartoon"" aesthetic characterized by thick black borders, bold shadows, and iridescent accents. The sto",,8eacc2ba-cab4-4453-a5d0-96ac55271bbf,,Likely Supportable,green,40,,,
69d5309f2e8018d2f539b471,https://native-toned-english-4u.base44.app,NativeTonedEnglish,,"The user has significantly upgraded the ""NativeTonedEnglish"" app for a mobile-first experience while maintaining web parity. Key technical changes include the implementation of global `overscroll-behavior: none` and `select-none` styles, with specific exceptions for interactive text elements. The ap",,ef8f7821-05a7-4547-a075-45267406d176,,Likely Supportable,green,40,,,
69d945014130a2ec655da819,https://devout-aura-luxury-edit.base44.app,Aura Luxury,,"The user has significantly expanded the functionality of the ""MAISON"" platform by integrating four key interactive features: an order tracking system, a product wishlist utility, a customer review module, and an AI-powered live chat assistant. 

To support these changes, a new `Review` entity was de",,d74b1d13-dc1b-4497-89be-c6fc22f6281a,,Likely Supportable,green,40,,,
69d677ceb09cb1dab407a1c3,https://tunneling-linkup-social-sphere.base44.app,LinkUp,,"The user is developing ""Vibe — Meet Your People,"" a social networking application, with a strong focus on mobile-first design and the integration of Base44 Payments. Recent development has centered on implementing a robust subscription checkout flow, including the creation of a `create-checkout` bac",,e5b4426e-f76f-481f-b196-43eab6be9739,,Likely Supportable,green,40,,,
69bdfbf3b0d7b989dcfc7337,https://hookhavoc.base44.app,HookHavoc,,"The ""HookHavoc"" platform has been expanded into a comprehensive fishing bait marketplace. Key developments include a detailed product page architecture (using a shared `products.js` data file) and a wishlist feature. The wishlist system, managed via a new `WishlistContext`, allows users to toggle fa",,9b98bdab-ea60-4161-99c1-df8a8b536841,,Restricted — Review,orange,70,Marketplaces and Aggregators,Marketplace / Multi-Vendor Platform,['marketplace']
69d991eb851c19581de7a34a,https://soleil-shop-style.base44.app,Soleil Boutique,,"The user is building an e-commerce platform with a focus on product cataloging, customer reviews, and payment processing. The system architecture includes `Product`, `Review`, and `Order` entities to manage inventory, feedback, and sales tracking.

Key architectural decisions include the integration",,7895bbd8-af9f-40cc-9015-6a2b49cb14f7,,Likely Supportable,green,40,,,
69d6d2f05a121b965e60f14a,https://bojigassygirls.base44.app,Gassy Girls,,"The ""Gassy Girls"" fuel delivery application continues to evolve with improvements to order management and location services. Key updates include the implementation of an auto-calculating total in the `OwnerDashboard`'s order editing feature, allowing administrators to dynamically update gallon quant",,3f4ba51d-422d-4144-8193-13d18be53810,,Likely Supportable,green,40,,,
69d992af601c29844d0c51b0,https://mechanic-trust-link.base44.app,MechRate,,,,48dae35b-1c93-478b-b41e-f21fdc26b501,,Likely Supportable,green,40,,,
69d31e67481a15e6d8ade2d7,https://clipnova.base44.app,ClipNova AI,,"The user is building ""ClipNova AI,"" a SaaS platform for content creators featuring both ""Guided"" and ""AI Prompt"" generation modes. The application uses a split architecture with a public landing page and a protected `/dashboard` interface, with all user data isolated in a personal library.

Recent d",,5835c713-ef56-4b08-a3a1-c04d886c4968,,Likely Supportable,green,40,,,
69d97d54dfe37d67a879c7a5,https://spicy-sync-flow-work.base44.app,ServiceSync Pro,,"The user is developing **FieldOps**, a Field Service Management SaaS platform. The project is focused on establishing a subscription-based revenue model using **Base44 Payments** (Wix Payments integration). Technical development has prioritized the backend infrastructure for payment processing, spec",,765507ad-82b5-4229-a4d2-0f5f4eb1ecb0,,Likely Supportable,green,40,,,
69d98a5882337f7cef6f1f1f,https://dark-nautical-escape.base44.app,DarkNautical,,,,eb2f1f47-6f44-4df8-9132-9babd3e662e6,,Likely Supportable,green,40,,,
69d982fe65272ff70e58c44b,https://pure-purr-flow.base44.app,PurrFlow,,"The user is refining the ""PurrFlow"" landing page to optimize conversion by improving visual flow and call-to-action (CTA) clarity. Recent updates focused on UI layout adjustments and copy refinements to align the page with ad campaign messaging.

Key changes and decisions include:
*   **UI/UX Flow:*",,f8a01d8d-00dd-44d5-bf2a-64ba85e27f33,,Likely Supportable,green,40,,,
69d9838028100aff04757a05,https://radiant-aura-style-edit.base44.app,Aura Collective,,,,a21ada19-4179-42e9-813a-d4b39511b247,,Likely Supportable,green,40,,,
69d97d3edcb07c4d96ef0355,https://move-camer-route.base44.app,CamerRoute,,"The user built ""RideKmer,"" a ride-sharing application for Cameroon. The project uses Base44 entities (`Ride`, `Booking`, `DriverProfile`, `Notification`) to manage ride listings, bookings, and user communication. The frontend is built with React, Tailwind CSS, and Framer Motion, featuring a mobile-f",,6039d5b1-8e12-4050-9309-1b23ecd4510d,,Likely Supportable,green,40,,,
6977daa924617833dd0810de,https://cardinal-onboarding-portal-dd0810de.base44.app,Cardinal Onboarding Portal,,"The project has successfully established a white-label onboarding infrastructure for agencies, centered around an `Agency` entity for custom branding and dynamic onboarding flows accessed via `/agency/{agencyId}/onboarding`. Technical refinements included addressing build-time issues with CSS custom",,e6102abf-e578-4884-9593-68665a2ed7c1,,Likely Supportable,green,40,,,
69d97d016e1dbf97e503afb4,https://wander-gabby-plan-go.base44.app,Wanderlust Plan,,"The user is developing ""Wanderlust,"" a travel application on the Base44 platform. The project has evolved from core data modeling—including entities for `Destination`, `Trip`, and `ItineraryItem`—to a fully functional UI that features responsive layouts, filtered destination browsing, and AI-powered",,d57d47d7-fdec-4009-9d9c-10119ffe1bd7,,Likely Supportable,green,40,,,
69d81b4e4732889af3ee4fc7,https://erebos-books-f3ee4fc7.base44.app,Erebos Books,,"The ""Inkstained Confessions"" project has expanded its library with two new titles: ""The Bayou's Grin,"" a supernatural horror novel, and ""How Do You Do,"" a psychological thriller set in Prague. The platform continues to leverage image generation to maintain a consistent, high-quality aesthetic for bo",,3721f54b-796f-4384-8b02-a4f760c26125,,Likely Supportable,green,40,,,
69d978c121da255c819a6e22,https://nexa-lead-pro.base44.app,NexaLeads,,"The user is building ""NexaLeads,"" a premium, high-intent insurance lead vendor platform for life, health, Medicare, and ACA agents. The platform features an obsidian-themed UI with golden lion branding, an agent dashboard for managing call availability, a marketplace for purchasing leads, and a tran",,9850dc25-1851-43f8-9741-7b33f0a50604,,Restricted — Review,orange,70,Marketplaces and Aggregators,Marketplace / Multi-Vendor Platform,['marketplace']
69d969426f2eeba9a2839edd,https://foam-force-play.base44.app,force x arena,,"The user is developing ""Foam Force,"" a kid-friendly, 3D first-person shooter game built with Three.js. The project aims to provide a safe, playful experience by replacing traditional combat with foam dart mechanics, colorful visual effects like confetti and sparkles, and silly targets such as robots",,e6dccc48-c7da-45cd-b425-04960c53daf7,,Likely Supportable,green,40,,,
69d7ce9f6aebbca853a9ac95,https://honest-smile-studio-pro.base44.app,Dental Enhance,,"The user is building a dental photo enhancement application designed to process iPhone images into professional-grade dental assets. Building on the initial medical-themed design system, the project has now moved into component-level implementation. 

Key technical changes include the configuration ",,7e45cb2e-4fd0-4002-a44a-f79700ec56de,,Likely Supportable,green,40,,,
69d95bede333e4b766ded1c6,https://woodoo-lumina-art-vault.base44.app,Lumina Artistry,,,,742cfeb4-077c-42df-b78e-31d345c6fbf3,,Likely Supportable,green,40,,,
69d9554d9dfc36330e75696f,https://kinetic-builds-fast.base44.app,Kinetic.io,,,,05ce44f0-4519-4f83-9e52-afe5593ec774,,Likely Supportable,green,40,,,
69ce8915b1652630cbb244f1,https://camouflaged-smart-bet-pulse.base44.app,KalshiBot,,"The project is an AI-powered trading dashboard for Kalshi, featuring a `LiveActivityFeed`, an `AIChat` interface (named ""Echo""), and a dedicated administrative page for managing user subscriptions and financial metrics. The application includes core navigation and routing to support these features, ",,af50109c-3650-46c7-b6fc-c73ddd9a1c01,,Likely Supportable,green,40,,,
69d950863e7e9e5c369539c9,https://free-gear-rent-go.base44.app,GearRent,,"The user is building ""GearRent,"" a peer-to-peer rental marketplace for bikes and outdoor equipment, inspired by the Airbnb UX model. The platform supports three primary user roles: renters, hosts, and admins. Key features include user authentication, a searchable map-based discovery system for listi",,b7fbe427-dbc1-4735-b8c0-3b81155a5784,,Not Supportable,red,50,Illegal Products and Services,Counterfeit / Fake IDs / Human Trafficking,['inspired by']
69b33c0cd651e092e9ee3dc3,https://dayyumbrand.base44.app,DAYYUM,,"The user is finalizing the ""DAYYUM"" e-commerce application, focusing on site-wide navigation and contact information accuracy. Recent updates included mapping the `Footer` help links (""Shipping & Returns"", ""Size Guide"", ""Contact Us"") to their respective pages and updating the `ContactUs` page to dis",,14fc9b15-608b-4048-98b2-6b387ab4b914,,Likely Supportable,green,40,,,
69d951d5a0fb7f248d7a2643,https://shop-8d7a2643.base44.app,Shop,,,,fdf7a650-098b-4828-9573-b3d9851734eb,,Likely Supportable,green,40,,,
69d95021f33980e67b5724dd,https://jolly-quick-cart-shop.base44.app,QuickCart,,,,27afe4df-40e5-489f-aa6f-45622ed630d4,,Likely Supportable,green,40,,,
69d94d011a7d292748036242,https://ganache-grain-shop.base44.app,Ganache & Grain,,,,32493cca-8017-4076-82df-18e39fc02a17,,Likely Supportable,green,40,,,
69d94d3c7a6ad6390545a3db,https://craft-your-song.base44.app,Melodist,,,,39773826-12b9-4787-b049-5598f0ec1b1d,,Likely Supportable,green,40,,,
69d6f2b9187e4857e20aa629,https://bridge-access-path.base44.app,BridgeAccess,,"The user is building a disability benefits assistance application to guide users through the SSI/SSDI application process. The platform is structured around a membership model with ""Basic"" and ""Pro"" tiers, offering features like AI-assisted checklists, medical record management, and SOAR caseworker ",,077d67bd-2290-4525-8b1d-9ae9f4172b02,,Likely Supportable,green,40,,,
69d9426b6866e06835185aae,https://the-bee-hive-fitness.base44.app,Bee Fitness,,"The user has successfully built ""Bee Fitness,"" a fitness platform focused on personalized workout and diet plans. Key features include a multi-step Plan Builder wizard, a user dashboard for tracking macros and daily schedules, and a responsive marketing homepage. The platform utilizes a ""Deep Obsidi",,48a27047-cb0b-4852-b476-39116f8722b6,,Likely Supportable,green,40,,,
69cfc631200d1f9bf82c4789,https://fit4u.base44.app,FIT4U,,"The user has expanded the ""FIT4U"" platform by implementing consistent navigation and new subscription features. A ""Back to Dashboard"" button was added to the top of all primary pages (Clients, Invite, Check-ins, Analytics, and Log Workout) to ensure a uniform user experience across the sidebar-drive",,60970ed2-4ac7-45c3-8bea-a1e409b03115,,Likely Supportable,green,40,,,
69863d5023d6df296a0db32b,https://events-sphere-go.base44.app,EventSphere,,"The Washington International Academy project has successfully integrated a ""Curriculum"" page, which details nine core subjects: ELA/English, Arabic, Quran, Islamic Studies, History/Civics/Social Studies, Science, Health, PE, and Math. The page uses a card-based layout featuring Lucide icons and desc",,17273601-7d79-4fea-a80f-d120a61b9904,,Likely Supportable,green,40,,,
69d7ef38a5f7e549a4c2998a,https://trstl.base44.app,TRSTL,,"The project is focused on building a ""Family Table"" subscription platform integrated with Base44 Payments (Wix). Key features developed include a subscription landing page, a ""Thank You"" confirmation flow, a member-restricted recipe management system, and a community gallery for photo and video uplo",,6cc7dbb5-c286-4533-9b2e-b0371fef4278,,Likely Supportable,green,40,,,
69d8b6488cde9156281382d0,https://vagabond-build-ops-flow.base44.app,BuildOps,,"The ""FieldPro Control"" project has shifted from a remote lead integration model toward a fully unified platform. The primary development focus has transitioned from managing external webhooks (Netlify-to-Base44) to migrating the user's external website directly into the Base44 ecosystem.

**Key Deci",,0d2005da-67db-4a03-9ca1-21838cf52167,,Likely Supportable,green,40,,,
69d93adc788cd09cb2487188,https://gaze-glam-lab.base44.app,Eye Me Down,,"The user is developing a professional e-commerce website for ""Eye Me Down Cosmetics,"" a lash brand. The project requires a clean, optimized storefront to showcase product imagery and model portfolios, while integrating an e-commerce workflow to enable direct online sales.

The current focus is on st",,6c5329bd-cae2-4e90-9f81-e9dc889f80e9,,Likely Supportable,green,40,,,
69d93952fc29efb4ab3eaf06,https://parent-vetted-pathways.base44.app,VillageGuide,,,,0cb1fdf8-772a-4be7-9edc-ca0716f40bfc,,Likely Supportable,green,40,,,
69d87baf8055daf96cbd4503,https://gift-craft-pulse.base44.app,GiftCraft,,"The user is building a gift and craft discovery app called **CraftGift**. Initially, the app featured a ""Perfect Present"" finder and a ""Supply Scanner"" to find craft ideas from photos. The user then requested to monetize the app, leading to the integration of Base44 Payments for a premium subscripti",,8b8e0bdd-d476-46dd-be3b-df84c0b07f10,,Likely Supportable,green,40,,,
69d932e3cac152f684e092d3,https://humidor-pro-copy-84e092d3.base44.app,HumidorPro (Copy),,"The ""My Humidor"" application has expanded its functionality for managing ""Humidor Conditions"" by implementing a full editing workflow. Users can now modify existing temperature and humidity logs via a new edit interface, which features a pencil icon for entry modification, a pre-filled form, and upd",,86c6f69e-fe64-48db-adb3-dbbd10d40ba7,,Likely Supportable,green,40,,,
69d936a1cac152f684e098be,https://rational-study-ace-path.base44.app,StudyAce,,,,052b6a47-8866-4e5d-baf1-ac5ce39841a8,,Likely Supportable,green,40,,,
69a59a9009f70d1c0015e7de,https://tower-defense-simulator.base44.app,Bloon Tower Defense,,"The project is a tower defense game that has recently undergone significant UI and progression updates. Key developments include the implementation of a dynamic boss health bar with phase-based visual feedback, and a ""Sell"" interaction system that provides tactile feedback through custom `SellPartic",,a4bf598e-2ecd-4c34-9887-324a5d0ec77d,,Likely Supportable,green,40,,,
69d92d8bc7321666d69c5fad,https://modest-skill-bridge-pro.base44.app,SkillBridge,,,,9e909484-b677-48fe-83af-790270dd8884,,Likely Supportable,green,40,,,
699c9ef5a171681ef06f3793,https://treehousebros-surf-co.base44.app,Treehouse Bros,,"The user has been refining the checkout process for the ""Treehouse Bros"" platform to incorporate a mandatory ""Liability Waiver & Assumption of Risk"" for specific hardware products. This involves modifying the `Checkout.js` page to include a new `waiver` step in the checkout flow.

Key changes includ",,41eaa30d-dde0-4cc4-921a-46d82ba3b0de,,Likely Supportable,green,40,,,
69d91969e333e4b766dea84f,https://vibrant-flow-go.base44.app,VibrantFlow,,,,e838976c-4ef1-44aa-a15c-99f33ccb7b14,,Likely Supportable,green,40,,,
69d921eb5350b27fa697f09c,https://pure-trade-spot.base44.app,Marketplace,,,,7add7768-51e5-4d0c-b51b-494c24079e07,,Restricted — Review,orange,70,Marketplaces and Aggregators,Marketplace / Multi-Vendor Platform,['marketplace']
699de53f4caa663c34721a24,https://busworld.base44.app,BusWorld,,"The project has transitioned into an engagement-focused phase, introducing a comprehensive **gamification system** to reward user activity. This new system tracks transit exploration and engagement through a centralized `UserGamification` entity that manages user points, levels, badges, and challeng",,a2d7392a-3367-4485-a645-d58a7174b182,,Likely Supportable,green,40,,,
69c83ffe39ab6cc0b1caf86c,https://verity-grace-wear.base44.app,Verity Apparel,,"The user has completed the integration of ""Base44 Payments"" for the ""Young Kingdom Co."" e-commerce platform. The payment flow is now fully operational, utilizing a `create-checkout` backend function to handle Wix checkout sessions, with proper routing to a custom ""Thank You"" page. Technical adjustme",,97f2f380-fa44-4cff-88b4-cbd6dd583631,,Likely Supportable,green,40,,,
69d311550a95b78e1102af6c,https://stem-safe-solutions-empire-engine.base44.app,AudioShield,,"The user is developing an audio protection platform called ""Stem Safe Solutions,"" which uses a frequency-domain spread-spectrum watermarking technique to secure audio files. The system includes an upload and protection interface, a history tracker for protected files, email notifications, and suppor",,8dbc4951-3165-4b89-8230-92099cb369bc,,Likely Supportable,green,40,,,
69d90e9e949a26353fd405fd,https://richards-rentals.base44.app,Richards Portable Toilets Rental App,,"The project is a mobile-first portable toilet rental web application for ""Richards Portable Toilets,"" featuring a quote calculator, distance-validated scheduling, and a capacity-enforced availability calendar. The application enforces a 15-mile service radius from Greenville, MI, and manages rental ",,2072a666-d65a-4801-97f6-0b171b6a692a,,Likely Supportable,green,40,,,
69d8e105f0b53d77710b1bc0,https://mylistly.base44.app,Listly,,"The user is developing ""Wanderlust Wishes,"" a bucket list application, and has been focused on enhancing list functionalities. Previously, the application saw the introduction of a location-aware ""Suggested for You"" feature and a ""quick-add"" functionality on the `GroupDetail` page. This was followed",,d124150a-04f5-4d49-b000-c29901f707ff,,Likely Supportable,green,40,,,
69d90f61261810057ced43bc,https://greedy-pulse-view-pro.base44.app,PulseView,,"The CardioSync application is a connected health ecosystem designed to aggregate and analyze wearable data from sources like Oura, Fitbit, and WHOOP. The platform leverages a backend-as-a-service architecture to ingest metrics and provide personalized, AI-driven health coaching. Recent developments ",,5f242325-0139-4f86-9537-ca14e63210bd,,Likely Supportable,green,40,,,
69d1bdb666adcfad3d02d6c1,https://my-pokedex.base44.app,MonsterTactics,,"The user is developing a ""Pokédex"" application with a focus on a ""PackOpening"" system integrated via Base44 Payments. Recent developments introduced a high-tier ""Premium"" pack containing PSA-graded slabs, with a weighted distribution logic defined in `lib/creatures.js` (50% PSA 8, 20% PSA 9, 5% PSA ",,5396e71e-e2ef-42bc-8977-bea552e18b67,,Likely Supportable,green,40,,,
69d910e2b3b83017668c5ce3,https://sparkle-drift-shine.base44.app,SparkleDrift,,"The user is building a car wash business application featuring service listings, pricing, and a secure payment checkout flow. The app is being developed with a premium, clean aesthetic using React, Tailwind CSS, and Framer Motion, with page structures including a Home page, Booking page, and a Thank",,0b86e073-9a1f-4083-8663-067275562220,,Likely Supportable,green,40,,,
69d6a03bd7bc803edb6bd9dd,https://designmindai.base44.app,DesignMind AI,,"The user is developing ""DesignMind AI,"" a platform for AI-generated vehicle design. Key functional updates include integrating a ""Design Brief"" feature into the `Home.jsx` page and the `DesignPreview` component, allowing the app to generate descriptive, journalist-style text alongside AI-generated v",,79c25fdb-4d1b-4755-8d90-7e7b0ae9ab63,,Likely Supportable,green,40,,,
69d90ac44a7f318454aaaf8b,https://truth-horizon-pro.base44.app,Epistemic Horizon,,"The project ""Paper Predictions"" has expanded its functionality to focus on education and market transparency. A new ""Info"" page was implemented to explain the platform’s mission of teaching prediction market mechanics without financial risk. Key navigational changes include integrating this page int",,4ffd500c-99bd-4625-a735-2e6264cb3c3f,,Not Supportable,red,60,Gambling and Games of Skill,Games of Skill with Monetary Prizes,['prediction market']
69d7136427e81cd0c5074d75,https://teenwealthbuilder.base44.app,Teen Wealth Builder,,"The user has successfully integrated Base44 Payments (Wix Payments) into the ""Teen Wealth Builder"" application to manage ""Core"" and ""VIP"" subscription plans. Key technical milestones include the implementation of a `create-checkout` backend function, which dynamically generates secure checkout redir",,9a968bcb-5a92-4fbb-acd5-b4b269e491f9,,Likely Supportable,green,40,,,
69d904b355ddeefae5010f72,https://sparkle-aqua-flow.base44.app,AquaFlow,,"The user is developing a mobile car wash booking application. The core workflow has been simplified to a ""pay with cash"" model, removing integrated payment logic. Operational efficiency is managed via an automated email system that notifies the owner of new bookings with full client and vehicle deta",,d2ecbb91-5680-4d50-ae49-a53841b2bf2a,,Likely Supportable,green,40,,,
69d8ff5cc5b74435d9edc115,https://glitch-flicker-vault.base44.app,The Glitch,,"The user is building a promotional website for their movie, ""The Glitch,"" under the brand name ""A Three Boys."" The site is designed with a dark, tech-noir aesthetic using Tailwind CSS and Framer Motion, featuring a hero section, a purchase section for the film, and a footer with contact information.",,410625f8-c758-4eb3-9f0d-04928491b197,,Likely Supportable,green,40,,,
69d85b80827954919782955b,https://pedal-pals-connect.base44.app,Pedal Pals,,"The ""Pedal Pals"" project has expanded its social capabilities, focusing on pending request management and improved messaging UX. Key features added include the ability to accept pending pal requests directly from the home page, a real-time unread message notification badge in the layout navigation, ",,1455b759-c336-41f7-97b2-efb6aea175b4,,Likely Supportable,green,40,,,
69d8f75239b0e87f8dc8a89c,https://truck-books-flow.base44.app,TruckBooks,,,,f7cd6015-a49c-4d2d-b61a-160d07ffd985,,Likely Supportable,green,40,,,
69d8e0209487f061882650e0,https://smart-money-muscular-flow.base44.app,MeuFinanceiro AI,,"O usuário está desenvolvendo o ""MeuFinanceiro AI"", uma plataforma de análise financeira automatizada que permite o processamento de extratos bancários (PDF/CSV) via IA. O sistema já conta com uma interface moderna e responsiva, dashboard com gráficos interativos (Recharts), histórico de análises e a",,73649569-fe65-4767-a368-5bee39c0bd35,,Likely Supportable,green,40,,,
69d8f2b089cb930ee398d807,https://learn-luganda-link.base44.app,LugandaLoom,,"The user is building a Luganda language learning platform. The platform has incorporated several features including a dictionary, flashcards, quizzes, and grammar lessons. Monetization is handled through Wix Payments (referred to as Base44 Payments), with a $4.99 one-time purchase option and a 7-day",,b4a893e7-132c-4444-a76f-4c19ed69c6a4,,Likely Supportable,green,40,,,
69d51cc0bc118c88f6d37607,https://proshinesolutions.base44.app,Luminous Estate,,"The ProShine Solutions project has been enhanced with interactive contact information in the footer. Following the earlier update to customer testimonials and the email link, the phone number has now been converted into a clickable `tel:` link, which initiates a call on mobile devices. Additionally,",,144ea92e-feef-468e-8e43-6f764e55d64a,,Likely Supportable,green,40,,,
69d8ec539054a7898d62c891,https://read-venture-play.base44.app,ReadVenture,,"The user is building ""ReadVenture,"" a children’s digital library and reading platform. The project utilizes a React frontend with a modular component architecture and persists data through Base44 entities (`Book`, `Subscription`, `ReadingProgress`, `Badge`). The platform includes a ""freemium"" subscr",,092e9532-da2c-4689-bf7b-4e285bb4b429,,Likely Supportable,green,40,,,
69d8cb599340c1d55e384523,https://nebula-beat-wave.base44.app,Nebula Beats,,"The user is building an AI-powered radio station app called ""NovaWave Radio"" that focuses on uplifting music stars. The app features a dark, neon-themed aesthetic with key pages like ""Radio,"" ""Discover,"" ""Artists,"" and an ""AI DJ"" for custom playlist generation.

The user has opted to integrate Strip",,3673613b-4374-452a-8289-50ef4b7ff485,,Likely Supportable,green,40,,,
69d8c5366dd188eeb759e986,https://revocery-profit-pulse.base44.app,Revocery,,,,e5ae97dd-c3e9-4cb7-87ed-0ff18bd7159e,,Likely Supportable,green,40,,,
69d8adf80bb05aea40bc6f74,https://intent-track-grow.base44.app,Intent,,,,39c2daab-4ef2-4861-8f2f-529156d8cc54,,Likely Supportable,green,40,,,
69d0bae9170b3bf267151c11,https://my-custom-key.base44.app,PrintAKey,,"The **PrintAKey** project is an e-commerce platform designed for ordering custom UV-printed keyboard keys. The architecture is built on Base44 entities (`KeyboardModel`, `Key`, `DesignProject`, `Order`, `OrderItem`) and features a streamlined, mobile-friendly customization flow. The app focuses on a",,3118d3c7-079a-4532-b111-25e6f4d52ef2,,Likely Supportable,green,40,,,
69d8861f18255c33a67d891e,https://rival-parts-flow.base44.app,Rival Auto Parts Manager,,"The ""Rival Auto Parts"" application continues its development, focusing on enhancing the user experience for inventory management. Following the successful implementation of CRM features and customer tracking, the project has now integrated a search functionality into the ""Inventory"" page. This new f",,36374259-0a24-45a0-b139-dfd32b88d11c,,Likely Supportable,green,40,,,
69d5e6a8eefb80d957be4285,https://evolve-growth-space.base44.app,Evolve Workbook,,"The project involves building a web application on the Base44 platform centered around the ""EVOLVE: Reclaiming The Truth of Who You Are"" digital workbook. Key features include a checkout flow for both individual products and a bundle, a custom email notification system for purchases, and a dynamic m",,747c8271-367c-4aa7-b272-47cd3d852cf1,,Likely Supportable,green,40,,,
69d871479731dc75c04ba5d0,https://send-sound-stream.base44.app,SoundStream,,"The user is developing ""TrackDrop,"" a music distribution management platform. The application includes a music catalog, an admin dashboard for processing distributions, and a subscription model using Base44 Payments. Recent development efforts have focused on enhancing the platform's mobile responsi",,ded0b96a-df1c-453c-9370-cc9174a11784,,Likely Supportable,green,40,,,
69d796eaf54a75850eca3221,https://green-reserve-now.base44.app,GreenReserve,,"The user is building a cannabis dispensary marketplace app that facilitates browsing dispensaries and products, managing a cart, and processing reservations for pickup or delivery. The project uses Base44 entities (`Dispensary`, `Product`, `Order`) and a React-based frontend with a premium design sy",,1e7c6041-be65-40d9-8651-39b6594c8324,,Not Supportable,red,100,Marijuana and Related Businesses,Marijuana / CBD Products,"['cannabis dispensary', 'cannabis', 'dispensary']"
695ac62ab97e234ace09ece0,https://insight-flow-ce09ece0.base44.app,Mensen Praten,,"The user is focused on recruiting for their ""Pathways"" program, aiming to attract remote workers. They have encountered challenges with job posting platforms, particularly Facebook and Reddit, due to their policies and user base demographics.

The core issue revolves around effectively advertising r",,e530da81-f35f-4d52-9e6b-52a4a13a1519,,Likely Supportable,green,40,,,
69d8667acfbc8366cc46146d,https://clever-arcade-pulse-play.base44.app,ArcadePulse,,"The user is building an engaging ""Gem Clicker"" idle game designed to retain players through incremental progression and a premium shop. The game features various auto-producers and click-based boosters, with state persistence handled via `localStorage`.

A key architectural decision was the integrat",,915c3e0f-15a7-4a9b-a375-6713263ba4f2,,Likely Supportable,green,40,,,
69d5ba7c14a4f7974a94a27c,https://back-country-life.base44.app,Back40,,"The user is developing **Back40**, an outdoor social platform, with a primary focus on refining the UI/UX design. Key functional areas established in the project include an in-app shop—branded as ""Base44 Payments""—for digital items and subscriptions, alongside a search feature for navigating the mem",,0ea7a97f-e489-4725-8847-691a56370066,,Likely Supportable,green,40,,,
69d855e0c3e0a537d5bba39c,https://annoying-find-your-scoop.base44.app,ScoopSeeker,,"The project ""Where is the Truck?"" (formerly ""Scoops"") is a location-based food truck tracking application built with React and Base44. It utilizes a robust set of entities including `Truck`, `MenuItem`, `TruckRoute`, `Permit`, and `Subscription`. Recent development has focused on enhancing real-time",,ad8bcb54-8583-47f2-8fb4-22bdc8edf060,,Likely Supportable,green,40,,,
69d855ad10ad4076d0e64d02,https://math-quest-d0e64d02.base44.app,MathQuest,,"The user has built **MathQuest**, an interactive web-based math game designed for children. The application features a progressive level system (covering basic arithmetic operations), a dashboard for tracking player stats, streaks, and achievements, and a reward system using digital badges and stars",,ee401c85-b077-49d0-a679-cf17a9114dfc,,Likely Supportable,green,40,,,
69b4a7a8c99a91c137d3b1bd,https://crazy-debate-clash-pro.base44.app,What Do You Think,,"The application is a debate-focused platform centered around ""DebateArena"" and ""OnlineDebate"" features. Recent developments have focused on implementing a daily debate limit to manage resources, alongside a monetization layer using Base44 Payments to allow users to purchase additional debate credits",,cc64107b-8df4-4100-a113-8e2ad55f02ef,,Likely Supportable,green,40,,,
69d8543182a098adeba15d0c,https://therapeutic-sub-clean-flow.base44.app,SubCleaner,,,,61d110ca-2bad-4057-a40c-2ce7f061036e,,Likely Supportable,green,40,,,
69d515ddc1fe7ab774101fd9,https://goal-fi-now.base44.app,GoalFi,,"O projeto GoalFi, uma plataforma de gestão financeira construída na Base44, passou por uma expansão significativa de funcionalidades e melhorias na experiência do usuário. O desenvolvimento focou na criação de um **Setup Wizard** para novos usuários, permitindo a definição de salários, custos fixos ",,133b361d-c14d-4a24-833e-260cad97959c,,Likely Supportable,green,40,,,
69d6eb1cceb62a342af3a146,https://eccentric-rinna-glam-nails.base44.app,Rinna's Nails,,"The project, ""Rinna’s Nails,"" has undergone a complete stylistic pivot from its original Y2K-inspired theme to a clean, modern, and minimal e-commerce aesthetic. This redesign involved replacing the color palette, typography (Playfair Display), and removing all Y2K-specific assets and components in ",,14fe23bb-072d-47fd-af37-00e6e040b549,,Likely Supportable,green,40,,,
69d7fd293c7fd8b2058643c3,https://furry-sharp-cut-crew.base44.app,Beauteeks,,"The ""Beauteeks"" application has evolved from a hair-focused discovery service into a comprehensive marketplace for beauty and cosmetic professionals, including nail artists, makeup artists, estheticians, and beauty supply stores. The platform now supports geolocation-based discovery, allowing users ",,e0db3d75-e1a5-4127-9ad3-8fe2422f93d4,,Restricted — Review,orange,70,Marketplaces and Aggregators,Marketplace / Multi-Vendor Platform,['marketplace']
69d847baf4b056187287cb17,https://locally-neighbors-connect.base44.app,Locally,,"The ""NearBy"" marketplace application has been enhanced with mobile-native features and a new monetization flow. Key technical improvements include the implementation of a `PullToRefresh` component across core pages (Home, JobBoard, BrowseServices), the introduction of multi-stack tab navigation in `",,a9881577-c76b-4b5d-abcf-53cf7389eb86,,Restricted — Review,orange,70,Marketplaces and Aggregators,Marketplace / Multi-Vendor Platform,['marketplace']
69d8459197cf9cca7ce0aa13,https://phhs1976reunion50.base44.app,Golden Legacy,,,,14295da5-b5c0-469b-b5d8-7f7ee08b6616,,Likely Supportable,green,40,,,
69caaf1eda1111b4067cf6ce,https://chronos-zero-067cf6ce.base44.app,CHRONOS-ZERO,,,,b4e4b2bd-09be-4892-bb08-1bc463a39cfc,,Likely Supportable,green,40,,,
69d815411d1286aab9d190fe,https://peptidelab.base44.app,Peptide Lab,,"The ""Peptide Lab"" project has successfully integrated Base44 Payments for checkout functionality, including dynamic shipping calculations. Development focused on configuring a $9.99 flat-rate shipping fee that automatically becomes free for orders totaling $100 or more, with corresponding updates ma",,21185ef4-55b1-4daf-93a6-8eef77d6b3b6,,Restricted — Review,orange,60,Healthcare Products and Services,Research Peptides / Pharmaceutical Evasion,['peptide lab']
69d83f001dc66072caedf626,https://true-cost-clarity.base44.app,TrueCost,,"The user is building ""TrueCost,"" a financial literacy application designed to reveal the long-term impact of financial decisions, including interest, inflation, and opportunity costs. The project utilizes a mobile-first, clean UI with a navy/teal palette, leveraging Tailwind CSS, Framer Motion, and ",,8d006f8f-bd2f-4e3f-8764-a0b38693d822,,Likely Supportable,green,40,,,
69d4394542a4eb7f857a19a0,https://theraply-857a19a0.base44.app,Theraply,,"The user has transitioned the e-commerce platform toward a live production state by implementing real payment processing and refining administrative access controls.

Key decisions and changes include:
*   **Payment Integration:** Successfully integrated Base44 Payments (Wix Payments) to support cre",,c983e82d-1deb-4769-9000-139adeaf20d2,,Likely Supportable,green,40,,,
69d838f55d229967103b1ab9,https://zen-paw-pulse.base44.app,ZenPaw Wellness,,,,f1b827eb-9f2b-4744-af49-424e3b76c807,,Likely Supportable,green,40,,,
69d7dd2c3c442e3e64e0827b,https://bold-juris-flow-app.base44.app,JurisFlow,,"The user is initiating the development of a law firm management application on the Base44 platform. The project aims to integrate core practice management features, including a ""Time & Billing"" module where time entries are linked to billable matters, and a ""Cases"" module that supports task manageme",,39df1226-e428-47ef-9d3e-e9feb47f47a7,,Likely Supportable,green,40,,,
69cbe7cdacd2f571413facd6,https://next-home-pulse.base44.app,Homes Coming Soon,,"The ""Homes Coming Soon"" project is a property listing application currently integrating ""Base44 Payments"" (Wix Payments) to enable monetization for its various listing packages. The project has progressed from initial UI development and deployment configurations to implementing payment infrastructur",,cca6a70a-174a-486b-bd10-5ab64df1f9f1,,Likely Supportable,green,40,,,
6998ebe0f104b584e4e360ea,https://poised-wise-budget-buddy.base44.app,BUDGET LIFE SAVER,,"The user continues to refine the ""BudgetWise"" financial tracking application, focusing on deepening the integration of multi-account management. Following the implementation of account-specific filtering on the `Dashboard` and `Reports` pages, the user shifted focus to the `FinancialAdvisor` compone",,c8b07113-f5d7-489d-955e-aa4ed071ec26,,Likely Supportable,green,40,,,
69d8333ab51b6e5f5eda0078,https://fancy-market-flow-shop.base44.app,MarketFlow,,"The user is developing a React-based e-commerce application on the Base44 platform, utilizing React Router, Tailwind CSS, and Framer Motion. The project includes a product catalog, shopping cart, order management, and an admin interface, supported by Base44 SDK integration for user authentication an",,51042894-a6b0-42a2-b341-b3abe27d838c,,Likely Supportable,green,40,,,
69d805c8d227e9208c8ea85f,https://assassin-doll-number-one-8c8ea85f.base44.app,Assassin Doll Number One,,,,284b8a2c-3e1c-4379-b455-9b47bf4e0639,,Likely Supportable,green,40,,,
698beec4e173fb21bfe26643,https://hapsgoods.base44.app,Hap's,,"The user is building an e-commerce storefront on the Base44 platform. Key developments include:

*   **UI/UX Enhancements:** The project features a mailing list popup on the `Store` page, with a dedicated `Admin` panel section for managing custom popup images. The storefront design was recently refi",,2697adba-4351-416b-a41d-30e6275b6342,,Likely Supportable,green,40,,,
69d81cf34ae72015a390d06a,https://natural-quick-pick-deals.base44.app,QuickPick,,,,d1129674-2835-4fd7-89d9-193945d6a8b4,,Likely Supportable,green,40,,,
69d81a887d0228eb1bda36da,https://echo-prank-pro.base44.app,EchoPrank,,"The user is developing ""EchoPrank,"" a mobile-first, dark-mode web application designed for consent-based, AI-powered prank calls. The platform features a comprehensive user experience including a Prank Library, a custom AI prank builder, call history tracking, contact management, a leaderboard, and ",,ed7e1fa1-b889-48b2-b07f-b0c40eda99c4,,Likely Supportable,green,40,,,
69d7f962292304d05d6760f4,https://little-swift-dash-now.base44.app,SwiftDash,,"The project is a mobile-first application focused on managing food and clothing requests, currently undergoing a visual rebrand to a ""Modern Streetwear"" dark-mode theme. Development has focused on aesthetic refinements to the `HeroSection` component, specifically the iterative design and replacement",,b3ee3bcc-6f08-4494-8fb4-34090fceb268,,Likely Supportable,green,40,,,
69d812df6dbf6bcb3f70a7d7,https://lumina-book-space.base44.app,Lumina Studios,,,,3b29eb28-5d8c-46ef-ae66-93bc469b6e0e,,Likely Supportable,green,40,,,
69d80f74cfbc8366cc45e046,https://vivid-lather-bloom-shop.base44.app,Lather & Bloom,,"The user is building ""Bubbles by Jack,"" a soap e-commerce application. The project features product and order entities, a customized storefront with automated discount logic (e.g., ""Buy 3 for $10""), and a functional shopping cart. Key development work focused on implementing a robust checkout flow, ",,9afb30a9-67ba-408c-a4c1-26f5dd8ce1aa,,Likely Supportable,green,40,,,
69d80cfde7ca184cca84520f,https://corpus-tool-trade.base44.app,Corpus Contractor Swap,,"The CC SwapShop platform has evolved into a comprehensive marketplace by adding advanced buyer-seller tools and a full-featured auction system. Key technical advancements include the implementation of a secure payment integration using server-side webhooks via `wixPaymentsWebhook` to handle ""Feature",,eb47bc81-b1bd-4a18-a566-ad32a89ff634,,Restricted — Review,orange,70,Marketplaces and Aggregators,Marketplace / Multi-Vendor Platform,['marketplace']
69d80d2cb5bf02d52f539f3c,https://busy-pay-stream-flow.base44.app,PayStream,,,,3b35195e-401a-4c9f-b8bc-a40e5a4267b4,,Likely Supportable,green,40,,,
69ceb0f408f892c5d7000ec7,https://acqforge.base44.app,AcqForge,,"The AcqForge platform has implemented a comprehensive **Calculation Transparency Layer** to ensure operational data is traceable, auditable, and clearly defined. This system provides a ""single source of truth"" for all dashboard metrics, linking user-facing UI elements directly to the underlying busi",,1245bca2-afea-4f98-bdcd-84c5fef62c51,,Likely Supportable,green,40,,,
69d32e0f089ad8d83c0cf997,https://ampcustoms.base44.app,Amp Customs,,"The user is developing an e-commerce site for ""Amp Customs,"" integrating Base44 Payments for checkout. Initial attempts to create a checkout session encountered build and linting errors in `create-checkout.js` and `Cart.jsx`. These were resolved by adding a `/* global Deno */` comment and ensuring c",,e981a546-d33f-4223-a265-1fadf6822858,,Likely Supportable,green,40,,,
69d7fdcaf3775b2f98f653f9,https://stereotyped-move-mate-go.base44.app,MoveMate,,"The user has successfully transitioned ""MoveEase"" from a one-time moving project app to a subscription-based monthly service. Key features now include a revamped pricing structure with Pro ($9.99/mo) and Premium ($24.99/mo) tiers, the removal of human-assisted services like priority support and move",,41b5653e-4fed-4d5f-a862-e369438aadbc,,Likely Supportable,green,40,,,
69d4746b78be3f6565f4b52e,https://artimes-core-nexus.base44.app,Artimes Client,,"The ""Artimes Client"" project has evolved into a professional SaaS platform with a fully integrated payment and license management system. The architecture now supports a secure purchasing flow powered by Base44 Payments (via Wix Payments), featuring a bespoke checkout process, webhook-driven license",,a78c897e-73d0-48fe-9ab7-77d440fffb7d,,Likely Supportable,green,40,,,
69d7f6f79003ae941d7ce272,https://lacrosse-clash-zone.base44.app,Lacrosse Clash,,"The user is developing ""LAX LEGENDS,"" a 3D lacrosse game. The project has evolved from basic gameplay mechanics into a high-fidelity experience featuring articulated 3D character models with integrated running and stick-cradling animations, and a professional-grade stadium environment with tiered bl",,b54744db-240d-4341-88dc-b3f12e64582a,,Likely Supportable,green,40,,,
69d7f6b00a5644e9cc742423,https://cozy-mama-kitchen.base44.app,Mamafy Hub,,"The user is building ""Mamafy Hub,"" a mobile-first recipe discovery app designed with a warm, cozy ""mom-made"" aesthetic. The core functionality centers on an international recipe feed, search capabilities, a ""Surprise Me"" feature, and a ""My Kitchen"" section for saved recipes. Technically, the app is ",,8af95d2b-b8ee-4219-938c-fb43e9f5f086,,Likely Supportable,green,40,,,
69d7d1727d8b98d90a3e288e,https://devious-pure-peptide-labs.base44.app,BCpeps,,"The user is developing a website for BCpeps, a research peptides and equipment provider. The site features a ""cinematic"" full-width hero section, a product listing page for peptides, and a page for equipment. Recent technical efforts focused on resolving image asset loading issues by updating to ver",,c90beda6-043b-4317-8d9b-7ea735064eaf,,Restricted — Review,orange,60,Healthcare Products and Services,Research Peptides / Pharmaceutical Evasion,['research peptide']
69d7e7cf705dd2f51ac8307e,https://fit-track-cherubic-go.base44.app,FitTrack,,,,77a3c1dd-02a4-4fa4-9fd7-c0b4fc217ad2,,Likely Supportable,green,40,,,
69cec1ecd952579df3cac706,https://peak-f3cac706.base44.app,Peak,,,,20f7acde-c999-45e4-bc81-f6ae949d9f49,,Likely Supportable,green,40,,,
69d7dee71114c4cc1b7667dc,https://ascend-athlete-fund.base44.app,Athletes' Ascend,,,,e6f4db1a-aede-4e4f-998e-2b9b222c208d,,Likely Supportable,green,40,,,
69d7aecede1fc55a73cd5753,https://honored-mom-flow-daily.base44.app,MomFlow,,"The project continues to focus on the migration of ""QM Rhythm"" (qmrhythm.com) away from legacy branding. Recent efforts have centered on correcting lingering references to the old `quietmoneymethod.com` domain in automated email communications.

Key technical adjustments include:
1.  **Hard-coded UR",,00de3b0c-2c71-4b2f-8add-fc98cd39036d,,Likely Supportable,green,40,,,
69d7dd8ee5741f4884bb0993,https://prompt-command-flow.base44.app,Prompt Commander,,"The user is building a command center application called CLAUDE·CMD, which automates tasks using the Claude AI model. The application features a prompt/command library, device management (including Tailscale and SSH), and a terminal interface. The UI has been redesigned with a ""liquid glass"" aesthet",,e1f9620f-3438-478a-9b1e-f45167d28ac0,,Likely Supportable,green,40,,,
69d7dd1e7e888a26dee4b9b2,https://safe-plate-dee4b9b2.base44.app,SafePlate,,"The user is building a comprehensive Food Safety management application designed to track compliance, safety logs, and incident reporting. The application is built using a clean, professional ""emerald"" aesthetic with a card-based layout and relies on Base44 entities to manage data.

The project stru",,39c492fb-6cc7-445e-932a-aa7cee4931ac,,Likely Supportable,green,40,,,
69d7d89a420a2b3520685c6f,https://saffron-essay-craft-ai.base44.app,EssayCraft,,,,c9f78e0c-c4ff-473b-aabc-abbc7a0bc3c5,,Likely Supportable,green,40,,,
69d52ca21d4f48a3a5663b75,https://instant-demand-pro.base44.app,iDemand Pro Services,,"The project is currently focused on stabilizing the provider-facing `ProviderJobDetail` page, which was experiencing intermittent rendering issues and blank states upon navigation. Key technical adjustments included refining the `useQuery` implementation to ensure data freshness via `staleTime: 0` a",,18745686-6072-4488-9300-6516165253c3,,Likely Supportable,green,40,,,
69d6e08bb894f52a7505b8ae,https://eminent-smart-profit-path.base44.app,Stupidly Achievable,,"The user is building a B2C application called ""StupidlyProud"" on Base44. This application allows users to purchase humorous digital achievements. The core features include a shop, user dashboards, and an admin analytics panel, all supported by `Achievement` and `Purchase` entities.

Recent developme",,c0c3d07b-5849-4b13-8356-b61ceff11b80,,Likely Supportable,green,40,,,
69d6ad75781974606be1e53a,https://booth-bridge-market.base44.app,BoothBridge,,"The user is building BoothBridge, a web application designed as a marketplace and event management platform for the handmade vendor industry. The platform connects handmade product vendors with event hosts and facilitates the hiring of booth helpers.

Key features established in this phase include:
",,3f1634ed-b607-40c5-b277-6119d8514aad,,Restricted — Review,orange,70,Marketplaces and Aggregators,Marketplace / Multi-Vendor Platform,['marketplace']
69d7418fee3d1ad7619a808a,https://nucleus-sales-core.base44.app,Nucleus CRM,,"The project has advanced into a full-featured CRM for ""Midpoint Cyber Solutions,"" implementing granular role-based access control (RBAC) and data management optimizations. Key updates include:

*   **Role-Based Access Control:** Logic was introduced to filter data based on user roles. Admins and Sup",,2259e55d-4220-4bb3-a9cb-9ebf0bbc1d8a,,Likely Supportable,green,40,,,
697962fa0faeb40f2494094e,https://clock-in-2494094e.base44.app,Clock-In,,"The user is building a ""Clock-In"" application aimed at helping content creators, from beginners to experienced ones, improve their motivation and consistency. The app supports various content creator types, with a focus on tailoring features like task management to specific workflows.

Recent effort",,2b8d4f75-8912-458b-885a-08d7f2546f1d,,Likely Supportable,green,40,,,
69d7c3733db57c37ea7b7ead,https://blossom-tweak-zone.base44.app,Blossom Tweaks,,,,abc7f6c3-82d3-4a75-a9af-9eb20b01b65d,,Likely Supportable,green,40,,,
69d7bbd2b25313cf6f9ec5b8,https://dream-nest-copy-6f9ec5b8.base44.app,DreamNest (Copy),,"The user is building a ""DreamNest"" app and has successfully implemented a payment flow using Base44 Payments (Wix Payments) for subscription plans. The current project architecture includes a `Pricing.jsx` page, a `ThankYou.jsx` page, and a `create-checkout.js` backend function.

The project is now ",,40c9afe6-bc20-44d9-90e2-892f02163dc7,,Likely Supportable,green,40,,,
69d75ffadf6bc83baf199d87,https://vivid-co-parent-sync.base44.app,CoParent Sync,,"The user is building a calendar application with enhanced event management features. Initially, the focus was on improving calendar navigation and visual cues, including highlighting the current day and adding a ""Today"" button. Subsequently, the user requested the ability to add various types of eve",,90a6c4a2-3d1f-4f00-845d-0b5e8c787695,,Likely Supportable,green,40,,,
69d32b155f458e1fa6888115,https://mo-a6888115.base44.app,Mo,,,,7bd12bd0-ec06-415b-a995-b88ae5d62983,,Likely Supportable,green,40,,,
69d7a63a688e7e5a0082cbd3,https://prove-your-worth.base44.app,ProofMe,,"The user is building **ProofMe**, a social networking platform focused on authentic activity verification. The platform has a ""dark-first"" aesthetic with vibrant orange accents, a mobile-first responsive design, and an Instagram-like feed UX. Core features include users posting ""proofs"" of activitie",,d34d1fc3-4dc0-4d77-a805-3d6db66bf74e,,Likely Supportable,green,40,,,
69d7a726aff05af21c449e52,https://rough-earn-play-cash.base44.app,Money App,,,,c70fede8-2533-4606-98b9-ed79d6558a38,,Likely Supportable,green,40,,,
69d7a29c05812415da76deec,https://poodle-shield-flow.base44.app,Poodle VPN,,"The user is developing ""Poodle VPN,"" a cybersecurity-themed platform with a subscription-based model. Recent technical efforts focused on finalizing the payment flow by enabling administrators to configure external payment links directly through the admin panel. 

The integration relies on a new `pa",,752751ae-f69d-42f0-a1fe-2d4bfb53a653,,Likely Supportable,green,40,,,
69d696ad32408ce850b68035,https://godspeedapparel.base44.app,GODSPEED,,"The user is refining the content and structure of the ""About"" page for the ""GODSPEED"" project. Previously, the ""Values"" section was updated to a vertical list with icons, and the ""Mission"" text was adjusted. Most recently, the user requested the removal of an image next to the mission statement, wit",,fd35e793-e5d9-4299-8e6a-36db7fa4080d,,Likely Supportable,green,40,,,
69d78fe0803bfdf95307e8c1,https://pure-ethereal-flow.docker-pr-6688.velino.org,Ethereal Commerce,,,,1be267ef-bb13-4d44-ac58-6c7c75f40b30,,Likely Supportable,green,40,,,
69d6d834a75a1ba80e7b28ea,https://class-schedule-visualizer.base44.app,Class Schedule Visualizer,,"The user is encountering issues with Stripe payment processing in their Class Visualizer application, specifically with users getting stuck on the checkout redirect. The core problem has been traced to incorrect configuration of the `STRIPE_SECRET_KEY` environment variable. Initially, the key was se",,d9d376be-6af8-412f-823f-b530ac1a52f8,,Likely Supportable,green,40,,,
69d726ce0a104d394ccc2d18,https://trial-pulse-pro.base44.app,TrialPulse,,"The TrialPulse application has expanded with the addition of a new **AI Protocol Review** module, allowing users to upload clinical trial protocol PDFs for automated risk assessment. The tool analyzes documents to identify challenges in eligibility criteria, assessment scheduling, and regulatory com",,2f483233-6691-47ce-8f44-89878562da28,,Likely Supportable,green,40,,,
69d77dcc3d3fecb6072f8323,https://adamz-script-vault.base44.app,Adamz Scripts Store,,,,2bbee294-1211-4416-9c5e-706bc4d9f209,,Likely Supportable,green,40,,,
69d771c4a79e4e086af0ac62,https://velox-pay-flow.docker-pr-6688.velino.org,VeloxPay,,,,4628483c-0047-47e0-be45-3b404af9a03b,,Likely Supportable,green,40,,,
69d76cc3b8a32f702f8d13b1,https://vigilant-track-trend-pulse.base44.app,TrendPulse,,,,04027880-e8c7-4a60-8df7-859fe41bb0ed,,Likely Supportable,green,40,,,
69cdf11a313d4d62516f79b6,https://score-sync-boost.base44.app,ScoreSync,,"The user is developing ""Credit Buster,"" an AI-powered credit repair and monitoring platform. Key features include a dashboard, FICO score tracking, AI-integrated dispute letters, identity theft alerts, and a credit tips module. The application features a dark-themed UI with a gold and red color pale",,080ec661-a729-401f-80a7-fb8972a978aa,,Not Supportable,red,100,Debt and Credit Services,Debt Collection / Relief / Credit Repair,"['credit repair', 'dispute letter']"
69be100b7bf2d71f9f7bed3f,https://wearqanruyun.base44.app,Qanruyun Clothing,,"The ""Qanruyun"" platform has undergone significant refinements to its e-commerce inventory and site structure. Following the removal of the ""outerwear"" category—which involved both updating the `CategoryFilter.jsx` component and modifying the `Product.json` entity schema—the shop’s catalog has been s",,bddc0c2b-59c2-43bf-8a56-438692d21cca,,Likely Supportable,green,40,,,
69d7621ae947953bb67b1e4c,https://super-sam-sam-for-short-b67b1e4c.base44.app,Super Sam (Sam for short),,,,0f9aaff3-b990-49e1-ac14-a957ee921d7a,,Likely Supportable,green,40,,,
69d750d1ef23ed03f5a5b971,https://soul-tyde-flow.base44.app,Soul Tyde,,"The user is developing an e-commerce platform for ""Soul Tyde Creations,"" focusing on wellness products like journals and affirmation cards with an ocean-inspired aesthetic. The project includes a complete shop architecture: a landing page with hero, featured products, categories, and brand story; a ",,9bb421b7-ae33-4273-972b-641be5036ce4,,Likely Supportable,green,40,,,
69d751d93f19b0af3a470d05,https://play-puzza-kids.base44.app,PuzzaKids,,,,d10e15e3-18ad-4482-96b1-bd4472dff383,,Likely Supportable,green,40,,,
69d73a383bc92b6683381218,https://mind-catch-flow.base44.app,MindCatch,,,,c3344449-0d40-4d85-89e7-24efb75ec4f7,,Likely Supportable,green,40,,,
69d72de336f05e3593e595fe,https://fixer-logic-labs.base44.app,FixerAI,,"The user is developing an AI-powered code-repair platform and has finalized the integration of Base44 Payments (Wix Payments) to manage tiered subscription upgrades (Pro and Ultimate). Key implementation steps included the creation of a `create-checkout` backend function, a `ThankYou` confirmation p",,7b5a46b3-d668-49a3-b873-364f9c5c7a39,,Likely Supportable,green,40,,,
69d7107960f69c01bbe6c66a,https://silent-velocity-drive.base44.app,Velocity Of Silence,,"The user is building a landing page for a premium chauffeur service based in NYC, specializing in high-end vehicle rentals (SUV or S580 2026). The project focuses on showcasing service tiers and pricing, specifically establishing rates for hourly ($190/hr), 12-hour shifts ($1,350), 24-hour daily ren",,3e914a98-5147-4f14-b2c7-34c625fa3bf8,,Likely Supportable,green,40,,,
69d40ecff404f99cbbd7f2e4,https://property-task-pro.base44.app,PropertyTask,,"The project, ""HomeTrack,"" has been enhanced to support end-user self-service. Key technical changes include updating the Row Level Security (RLS) for the `House` and `Activity` entities to allow users to manage their own property data and submit service requests independently. The `RequestService` p",,cf4fc3f6-5f44-43bb-bff3-c0cb141cd013,,Likely Supportable,green,40,,,
69d724563431040f5e71daa0,https://shadow-scout-live.base44.app,Shadow,,"The ""Shadow"" platform has evolved into a comprehensive service-based surveillance application. Key feature additions include a ""Services & Pricing"" section detailing various offerings—such as Weekly Shadowing, live filming, and a $1,000 confession guarantee—and a formalizing request flow. This flow ",,353843c6-d40d-418f-8e0d-30f87b62d9f4,,Likely Supportable,green,40,,,
69d6dab6f49f2002f0e89b71,https://clearvalueclaims.base44.app,Restoration Architect,,"The user is actively refining the ""Clear Value Claims"" accident recovery coaching platform. Recent efforts have focused on enhancing branding and introducing monetization features. The logo was scaled up for better visibility in the Navbar, and the platform has integrated Base44 Payments (via Wix Pa",,ac1013ce-89fc-4e61-806a-8f201f7b0b80,,Likely Supportable,green,40,,,
69d720291c0c13af9a7f87c3,https://ruddy-clear-bill-path.base44.app,Medical What?,,"The user is building ""Medical What,"" a medical bill analysis platform designed to help users identify unfair or suspicious charges. The application uses a multi-step workflow: users upload medical bills (PDF/image), which are processed for text extraction, analyzed by AI to provide plain-English exp",,22437e4b-d161-4127-b409-8bb7e15d97e3,,Likely Supportable,green,40,,,
69d71875043b17e101c6e615,https://gq-01c6e615.base44.app,Gq,,,,29558d2a-487a-41c3-94fe-d6bc22378b08,,Likely Supportable,green,40,,,
69d709f424626b3c2e525beb,https://mr-davis-2e525beb.base44.app,Jarvis,,,,091ecd81-a0e2-4ec6-bcf5-a42c7c08fd74,,Likely Supportable,green,40,,,
69d6ee24c0d523d364154e2f,https://brew-melt-box.base44.app,Brew & Melt,,"The user is building a landing page for a ""Beer Cheese Soup Kit"" product. The project features a cohesive, warm design aesthetic with an earthy color palette (amber and cream) and elegant typography, anchored by a full-screen hero section and a detailed product image showcase (box, ingredients, and ",,c82ba9b0-a59b-4729-bd4a-84e3bd4df9a0,,Likely Supportable,green,40,,,
69d71161dafd97fddd4f9380,https://guard-rail-comply.base44.app,GuardRail,,,,14569b19-7be6-4abc-9ad1-83320938e2a6,,Likely Supportable,green,40,,,
69d5ecc48c5af76241815bae,https://camp-cove-concierge.base44.app,Campground Concierge,,"The ""Campground Concierge"" application has been updated with a comprehensive review system. New functionality includes a `Review` entity for storing merchant and delivery ratings, a `ReviewModal` for campers to submit feedback on their orders, and a `MerchantRatings` component that calculates and di",,7a368eb1-aaa7-40c3-b83e-52db908ceb3b,,Likely Supportable,green,40,,,
69d10b091ac40ad749c545f3,https://vaulted-cards-49c545f3.base44.app,VaultedCards,,"The project is evolving into a comprehensive sports card trading platform, shifting from basic CRUD operations to a secure, community-driven ecosystem. Recent technical efforts have focused on implementing a ""Trust, Safety, and Legitimacy"" framework, including the integration of Base44 Payments (via",,ef1deb12-50a0-4551-ae14-9febb77b631f,,Likely Supportable,green,40,,,
69d709958324e6b2f72addb7,https://spiffy-hoof-flow-pro.base44.app,HoofFlow,,"The user is building a farrier management application called ""HoofFlow"". Previously, the application was enhanced with custom business branding and an automated client communication system for appointment reminders. It also included a Twilio integration for SMS notifications and webhook handling for",,e2905653-1cf8-462e-b11e-481ee7b8a7cd,,Likely Supportable,green,40,,,
69d70b527edd6be349a80cd2,https://lumpy-simple-flow-book.base44.app,FlowBook,,,,70eddff2-a232-40f8-90a4-7b0d2ae5dea8,,Likely Supportable,green,40,,,
69d66ffdb09cb1dab4079f44,https://veilstrom-shop.base44.app,VeilStrom Reliquary,,"The VeilStrom project has successfully integrated Printful for automated order fulfillment, where the `wix-payments-webhook.js` backend function captures payments and triggers immediate fulfillment requests to Printful using mapped `printful_variant_ids`. To support this workflow, the `Product` enti",,308cff20-6c63-4556-9b76-677e959f2f77,,Likely Supportable,green,40,,,
69d2fc80b28052c7e58bb6c3,https://jose-app-e58bb6c3.base44.app,Jose — App,,,,67d96ad3-11c1-4e0d-8dae-e1c0d3fd0475,,Likely Supportable,green,40,,,
69d696c7c115477fcec0be99,https://hallowed-smart-bet-flow.base44.app,PredictaFlow,,"The user is advancing **GameEdge AI** toward a commercial-ready product by introducing personalized player analytics and monetization features. Key additions include a ""Player DNA"" profile page that utilizes AI to analyze user tendencies and provide actionable progress insights, and a new ""Pricing/P",,b0039e5b-bd29-43b4-aa78-ddf7a5293b09,,Likely Supportable,green,40,,,
69d697d84e019cc5319eac56,https://cea-tube-flow.base44.app,CeaTube,,"The user is developing ""CeaTube,"" a video-sharing platform with premium monetization, live streaming, and content management features. Key functionality includes an ad-supported model (with a premium tier to remove ads), a ""Base44 Payments"" integration for upgrades, and administrative bypasses for p",,909c2268-b5cd-401b-9d4c-cbe25233f7fd,,Likely Supportable,green,40,,,
69d6e769cb5839b40cf652f1,https://velvet-chassis-ride.base44.app,Luxes Rides,,"The project is a ride-booking application called ""Luxes Rides,"" which the user is preparing for client handoff. The focus has shifted toward refining the administrative dashboard and improving the booking user experience. Key updates include modifying the navbar for better mobile/desktop responsiven",,17917c68-9248-479e-aa76-9ff440cabcb7,,Likely Supportable,green,40,,,
69d6fa98d238c52bdb95c3bb,https://auto-lens-book.base44.app,AutoLens,,"The user is building ""AutoShot,"" a two-sided marketplace for automotive photographers and dealerships. Recent developments have focused on refining the UI by removing pricing information from photographer directory cards and profile pages, and streamlining the photographer profile by removing the ex",,40c39ab6-1422-4a4b-a985-e212119fc78b,,Restricted — Review,orange,100,Marketplaces and Aggregators,Marketplace / Multi-Vendor Platform,"['marketplace', 'two-sided marketplace']"
69d6ab55c8b4401057ee13a5,https://attentive-smart-market-flow.base44.app,Zim Concierge ,,"The ZWE Concierge platform has been expanded to integrate a more granular provider verification workflow. Following the implementation of document submission requirements, the Admin panel has been updated to expose these new fields, allowing administrators to review submitted company documentation d",,ee920d4e-540b-4a67-9445-0cf9c447920a,,Likely Supportable,green,40,,,
69d6d7dbe5482d0f59e42a42,https://flat-kinetic-torque-lab.base44.app,Kinetic Torque Systems,,"The user is revamping their e-commerce platform, ""One Stop Engine Shop,"" with a new lime and black color scheme. They've requested a new logo, a redesigned home page incorporating specific content sections (Quality Guaranteed, Fast Shipping, Return Policy, Secure Checkout, Real Support, RC Enthusias",,062fef6d-bc9e-4938-9591-3ff79f260861,,Likely Supportable,green,40,,,
69d59cba673543bad17c6afd,https://clever-deal-find-now.base44.app,DealFinder,,"Flip It is an AI-powered deal-finding platform that integrates real-time price tracking, watchlist management, and AI-driven review summaries. Development has focused on refining search precision and stabilizing the user interface. Recent updates include modifying the LLM search prompts to enforce p",,99dd9746-0f61-4e5b-8164-a11c3adf1d4b,,Likely Supportable,green,40,,,
69d6ec3cb37d2864b55be230,https://master-shutter-wise.base44.app,ShutterWise,,"The user is developing a photography learning platform titled ""The Eye"" (formerly ""LensLearn""). The application features a dark-themed editorial aesthetic, structured curriculum lessons, and a glossary of technical photography terms. The platform is built using a modern React stack with Tailwind CSS",,338a0428-fa23-49ab-88f2-f8401f3383c4,,Likely Supportable,green,40,,,
69d6ef9420c57553c9205a73,https://stupidini-daily-drop.base44.app,Stupidini,,"Stupidini is a luxury-themed e-commerce platform built as a mobile-first, single-page React application using Tailwind CSS and Framer Motion. The platform features an ""absurd"" daily product drop model, utilizing live countdown timers, a ""Hall of Regret"" archive for past products, and a cinematic thr",,316cd74f-1acc-44ef-a220-60598d126505,,Likely Supportable,green,40,,,
69d6e2338500282c4b6eb5fb,https://ark-speed-labs.base44.app,Ark's Tweaks,,"The user is developing ""Ark's Tweaks,"" a tech-themed platform for performance optimization services. Recent updates have focused on finalizing the product presentation on the `Pricing` page, including the addition of an ""Everything Pack"" ($25) which features its own custom, AI-generated imagery and ",,4a2ef89c-8ae9-44b4-b6bf-7dba09f983cb,,Likely Supportable,green,40,,,
69d6a694e52fbb530874218d,https://geo-flux-core.base44.app,GeoFlux,,"The user is developing ""Geo-Engine,"" a GIS-as-a-Service platform featuring a dark-themed UI with ""Ink-Space"" aesthetics and ""Solar-Pulse"" accents. The project includes a React-based landing page with a sophisticated pricing configurator that mimics the Design Pickle model, allowing users to select d",,ac423bda-c2e0-4e03-a67d-203550972bd0,,Likely Supportable,green,40,,,
69d3ee9f7470f633db042929,https://nutri-paws-db042929.base44.app,Tailored Tails Nutrition,,"The project is ""Tailored Tails Nutrition,"" a mobile-optimized application designed to help dog owners manage pet profiles and generate personalized homemade meal recipes. The user is currently expanding the platform with account setup and a new premium membership tier.

Key developments and features",,98f3802a-5ff4-4708-8591-549aba1bd53f,,Likely Supportable,green,40,,,
69d677f72716eff92c5a4fc2,https://hyper-fuel-sync.base44.app,HYPR,,"The HYPR e-commerce platform has been refined to focus on a single performance formula offered in two flavor profiles: Watermelon and Raspberry Lemonade. The product catalog was simplified by removing existing items and replacing them with a standardized `Product` entity priced at $35, updated to re",,7df78cb5-3d86-4624-8e60-2cbb54e238ee,,Likely Supportable,green,40,,,
69d6d7159b2c839da6215cae,https://arboreal-kinetic-family-core.base44.app,Kinetic,,"The user is actively refining the ""Clash of Chores"" platform by enhancing administrative controls, improving chore visibility, and streamlining the child user experience.

**Key Features and Changes:**
*   **Administrative Enhancements:** The `DeductPointsModal` was refactored to allow parents to de",,67978d76-5657-4ece-b67e-497c24622282,,Likely Supportable,green,40,,,
69d4334736bfcc4eb59923a1,https://pixel-b59923a1.base44.app,Pixel AI,,,,a6e0df15-fe41-4843-b284-62190ccd6c80,,Likely Supportable,green,40,,,
69d6d56bb40c3d314c5ba424,https://wager-wire-hub.base44.app,Wager Wire,,"The user is initiating the development of ""Wager Wire,"" a sports betting platform built on the Base44 ecosystem. The project is in its conceptual inception phase, with the current objective focused on establishing the foundational architecture for the application.

Future development will involve de",,b09d59e9-db49-477a-b807-441304fb6eaf,,Not Supportable,red,100,Gambling and Games of Skill,Betting / Casino / Lottery,"['sports betting', 'betting', 'wager']"
69a202dba69adb822fc81c82,https://righteous-beat-forge-app.base44.app,BeatForge,,"The user is building a ""Sample Chopper & Producer Tool,"" a web application designed for music producers to upload audio (via MP3 or YouTube links) and have the system automatically create, manipulate, and export musical chops. The tool aims to mimic the production styles of influential producers lik",,654ebe52-b91e-4b37-bc3e-a9ac11b4c1b6,,Likely Supportable,green,40,,,
69d08f2cc24990132ba17964,https://clear-thinking.base44.app,Clear Thinking Institute,,"The project has matured into a comprehensive CRM and document management suite. The system features a dual-view interface (List and Card) for **Leads** and **Deals**, enhanced by advanced filtering (quick chips, custom search, and stage summary pills). A sophisticated **Proposals & Contracts** modul",,35d16e0f-4a01-423e-921b-ced15727ecde,,Likely Supportable,green,40,,,
69d6c7db338d9376dcced088,https://clear-medical-bill.base44.app,Medical What,,"The user is building ""Medical What?"", a web application that analyzes medical bills using AI to identify charges, detect potential overbilling, and provide dispute advice. The core workflow involves users uploading documents, followed by an automated OCR and AI analysis phase, and a mandatory paymen",,338fd5bc-6eba-47bf-be31-6e26e2fd894b,,Likely Supportable,green,40,,,
69d6bf9579b34784cc761031,https://unique-lead-flow-go.base44.app,LeadFlow AI,,,,f07c5c69-3e60-4461-9f31-b6e1d6462a6e,,Likely Supportable,green,40,,,
69d02f996402cdef3377d096,https://speedy-dino-rescue-quest.base44.app,DinoRescue,,"The user has expanded the ""Dinosaur Rescue & Exploration"" game by implementing a robust **Quest and Currency system** and a **Sanctuary Decoration** feature. The core loop now integrates a daily quest system where players earn ""Amber Shards"" by completing randomized tasks (e.g., ""Rescue a rare dino""",,a9fcbb6e-c1f6-4b95-9d56-fedd9399fc9e,,Likely Supportable,green,40,,,
69d6b9e2676a40d803135dbe,https://chore-buddy-life.base44.app,ChoreBuddy,,"The ""Little Chore Chart"" project has been updated to integrate the **Behavior Log** directly into the **Daily View** of the Dashboard. This change ensures that parents and children have immediate access to behavior tracking alongside their daily chore lists and earnings summaries, removing the need ",,c48ad125-62f1-4c56-8528-6da6c5b17476,,Likely Supportable,green,40,,,
69d6b01223c50d9a9705b434,https://humongous-date-dash-plan.base44.app,DateDash,,"The user is developing ""Date Night Roulette,"" an app that generates randomized date suggestions. The project recently focused on resolving a data retrieval issue where category-specific API responses were returning full arrays rather than individual items, causing empty displays in the UI. The agent",,3a116745-a361-458b-8e47-3f85ec313570,,Not Supportable,red,100,Gambling and Games of Skill,Betting / Casino / Lottery,"['roulette', 'roulette']"
69d6b3f6b768af1d08230fc1,https://magic-pro-ref-link.base44.app,OfficiatePro,,"The user is developing ""RefConnect,"" a marketplace for sports leagues and officials. Recent development focused on refining the onboarding flow, specifically replacing the `bio` field with an `owner_name` field for league owners and resolving issues that prevented successful user registration.

Key ",,ce7de288-cb64-4094-b01d-4535723550e8,,Restricted — Review,orange,70,Marketplaces and Aggregators,Marketplace / Multi-Vendor Platform,['marketplace']
69d6b47c95511c53436a7851,https://high-desert-frames.base44.app,HighDesert Frames,,"The user is building ""Lá Lens Photography,"" a professional photography business website with integrated booking, payment, and client management features. The platform is built on Base44, utilizing Base44 Payments for secure transactions and incorporating New Mexico-specific legal contracts for sessi",,d12dbb89-2203-4857-98e6-74038136cd94,,Likely Supportable,green,40,,,
69d46091c1974b32f46e707b,https://radical-comic-craft-labs.base44.app,ComicGen,,"The user is building an AI comic maker app. Initially, the focus was on core features like creating comics, adding panels with descriptions for AI image generation, and viewing them in a strip layout. The app's aesthetic was defined with a bold, pop-art style.

Key developments include the implement",,58efec0f-61b8-4017-829e-11722be523e9,,Likely Supportable,green,40,,,
69d6a584aab3eea427f562f4,https://modest-gentle-reset-daily.base44.app,Resetly,,"The ""Resetly"" life management application is currently focused on optimizing daily recurring features. The habit tracking system has been identified as having a static `completed_today` state, which does not automatically reset for users on a new day. A decision is pending to implement a daily autom",,223c67bc-3eb6-45a2-8a33-71b1c3c5d8f5,,Likely Supportable,green,40,,,
699cb99d0768a17daeefae2f,https://trade-talk-app.base44.app,TradeTalk,,"The ""Trade Talk"" platform has undergone a significant pivot, moving away from a subscription-based model and beverage-centric branding. The ""Subs"" page and all associated links in the `AppHeader` were removed, and the platform's messaging now focuses on ""keeping the lights on"" to support core functi",,b74ae95e-3d78-4a66-ba4c-1a099f308dd2,,Likely Supportable,green,40,,,
69bcc6e30aeff896a27c2e43,https://click-cash-a27c2e43.base44.app,ClickCash,,"The user is building ""CashClicker,"" a high-contrast web application where users earn virtual currency through a click-to-earn game. The app features a dashboard for monitoring balances and click counts, a strict Google Sign-In authentication flow, and a result modal that suggests retailers upon winn",,3681f7c6-2748-4776-99f0-bec790fedfa1,,Likely Not Supportable — Review,red,40,Gambling and Games of Skill,Virtual Casino / Loot Box / Cash Prize Games,['virtual currency']
69d5b71310b7cd223d708711,https://game-day-luxe.base44.app,GameDayLuxe,,"The ""Gameplan Premier Travel"" project has evolved into a more robust concierge travel application. The platform utilizes the ESPN API to filter NCAA football events by conference, and it has recently transitioned from simple payment links to a structured lead-capture and payment flow.

Key project u",,fe523bd1-39bf-4029-be4e-430a7923bb86,,Likely Supportable,green,40,,,
69d6a4a5ded115a4ef6384ee,https://judicious-smart-content-engine.base44.app,GenFlow,,,,9f8ee10f-46a4-4ab3-84a3-9e80a092ec82,,Likely Supportable,green,40,,,
69d6a404321f3bd920c2d311,https://fractal-lift-macro-pro.base44.app,LiftMacro,,"The user is developing a mobile-first AI Calorie & Macro Tracker for the lifting community, featuring AI-powered photo food scanning, manual logging, barcode scanning, and goal management. The app is built with a dark-themed, premium UI using a React Native-compatible structure, integrating PostgreS",,abd8eda8-f3de-45f1-9710-5bbc8bb558ec,,Likely Supportable,green,40,,,
69d5e9ba659a8479d442ddbf,https://sistershine.base44.app,Sister Shine,,,,f6894dcc-6872-41d0-adf9-f41f5ed4714b,,Likely Supportable,green,40,,,
69d55d451c8787e8e13c1c41,https://quizzical-card-value-pro.base44.app,CardValue Pro,,"The user is building ""CardVault,"" a trading card collection management platform. Recent efforts have focused on mobile-first optimizations and UI/UX refinements. Key changes include the implementation of Framer Motion for horizontal page transition animations, a custom `usePullToRefresh` hook for th",,d24a9192-88f1-4aa3-b9a8-5abbcc7e1f42,,Likely Supportable,green,40,,,
69d69994e614e24a5e9f445f,https://saltmarsh-coastal-goods.base44.app,Saltmarsh Apparel,,,,5dd83593-08f7-46af-82f6-33f17f6fb81b,,Likely Supportable,green,40,,,
69d6920008bdf9896d07712d,https://bizarre-apex-fit-core.base44.app,ApexFit,,,,02756250-9cbc-4d12-a8ae-ca0d13fabd44,,Likely Supportable,green,40,,,
69d55716efa7e4676c27bd5b,https://surface-archive-labs.base44.app,Braves Automotive Detailing,,,,1e2b4cc1-f453-4f1e-95ca-17cf65cf7341,,Likely Supportable,green,40,,,
69ba3ce3596d935f5dbb84e4,https://wheretherunat.base44.app,WhereTheRun,,"The application facilitates local basketball court discovery and activity management. Recent development focused on enriching the dataset with court locations across multiple cities (La Mirada, Anaheim, Seal Beach, Lakewood, and Compton) and implementing a geolocation-based onboarding flow that pers",,e46df8c0-c692-4b4d-beca-8466c7549361,,Likely Supportable,green,40,,,
69d6920219b7105027bcbebd,https://affable-velvet-cart-shop.base44.app,VelvetCart,,"The user has built a fully functional e-commerce web application on the Base44 platform, centered around a ""Nike-style"" shopping experience with real-money payment capabilities. Key entities implemented include `Product` (for catalog management) and `Order` (for tracking transactions). The project l",,e57a4239-8d85-473e-802e-4c8bc55b6ca6,,Likely Supportable,green,40,,,
69872f505c9082d2fb7ab0d2,https://construct-logic-construction-manage-fb7ab0d2.base44.app,Construct Logic Construction Manager,,"The project focuses on the development of a `B2BPortal` and managing specific user access permissions, particularly for a user named Daryl. Recent efforts have centered on resolving access issues for Daryl, ensuring he can navigate to specific pages including the `B2BPortal`, `SalesWatch`, `Settings",,7d240351-4810-423e-b898-d1e5d7adae55,,Likely Supportable,green,40,,,
69ccc4fed3d865d0bd7953d9,https://mlb.base44.app,Pengu Marketplace,,"The project has centered on refining the ""AI Assist"" generation experience and enhancing branding controls within the `CardDesignOptions` interface. The AI generation process now utilizes a compact, text-based overlay component (`AIAssistOverlay`) that cycles through specific task descriptions (e.g.",,03a148ce-81d5-4326-93f2-46147189778f,,Restricted — Review,orange,70,Marketplaces and Aggregators,Marketplace / Multi-Vendor Platform,['marketplace']
69d68aa9f1fdfc958f49218c,https://spotted-math-flow-solve.base44.app,MathFlow,,"The user is developing an accessible Math Solver application featuring a tiered service model: a free tier providing basic answers and an upgraded tier ($0.50) offering step-by-step solutions, enhanced readability, and high-contrast accessibility features. The application is built with a focus on us",,ca2cdd8e-1401-4b72-9df1-69e4afd85ad7,,Likely Supportable,green,40,,,
69d68b42d365f4aa40b4e8ce,https://pretty-luxe-haven-shop.base44.app,LuxeHaven,,,,f6bd3b7d-e2b3-4da3-8bc9-2765cd34b5d3,,Likely Supportable,green,40,,,
69d1acee6735bd5401d29644,https://cartologygame.base44.app,Cartology,,"The ""Cartology"" project has undergone a significant architectural shift by removing all ""average accuracy"" tracking (both player and world-wide) to reduce complexity. The application now exclusively focuses on tracking and displaying user high scores per pack. 

Key changes include:
- **Refactoring ",,b53eddd4-a70e-47d9-9af8-c60efdf9fd47,,Likely Supportable,green,40,,,
69d6026a96b65d1fad1c1d36,https://archive-la-50mm.base44.app,50mm Los Angeles Archive,,"The ""50mm Los Angeles"" project has expanded from a digital graffiti archive into a functional e-commerce platform. The core infrastructure includes a Masonry-style grid for visual exploration, a chronological timeline filter, an interactive neighborhood map, and an SVG-based network graph for mappin",,8444716a-1489-4a4d-8d4b-9b40aed4e9c0,,Likely Supportable,green,40,,,
69d682a3371e97de96bb5ffe,https://nippy-smart-laundry-flow.base44.app,LavanderIA,,"The user has successfully integrated ""Base44 Payments"" (powered by Wix Payments) into the ""LavanderIA"" platform to enforce a paid subscription model. Key changes include the implementation of a `create-checkout` backend function for processing payments and a `wix-payments-webhook` to handle order ap",,9932b6f2-ab97-4b4e-9b5c-c5c059fc92aa,,Likely Supportable,green,40,,,
69d681affecfe77dd7f52068,https://cute-smart-cut-flow.base44.app,BarbearIA,,"O usuário está desenvolvendo o ""BarbearIA"", um sistema completo de gestão para barbearias. O projeto inclui funcionalidades de agendamento, gestão de equipe (barbeiros), controle de serviços e um sistema de assinaturas para os estabelecimentos. A arquitetura baseia-se em uma interface com design esc",,281aeb98-0bc7-4a4d-835c-81c6678d8739,,Likely Supportable,green,40,,,
69d67db21cdf90860ff2b012,https://beat-vibe-clash.base44.app,BeatVibe,,"The application has been rebranded as **TozeFan**, a music competition platform dedicated to showcasing African talent. The visual identity has been updated to reflect African aesthetics, incorporating warm, vibrant colors (orange/red/gold) throughout the UI. Key content updates include revised mess",,3610c2ae-45c1-4fe1-90da-dddbbf34c4a0,,Likely Supportable,green,40,,,
693b7c7f55c91aa6cc445f73,https://venue-nav-cc445f73.base44.app,VenueNav,,"The project has evolved into a sophisticated three-tier venue navigation system, transitioning from generic diagrams to a high-fidelity mapping architecture capable of handling architectural floorplans. The system now categorizes venues into three distinct modes: `EXACT_MAP` (calibrated floorplans),",,3940b28e-1796-4a84-8618-e68e9bced1d1,,Likely Supportable,green,40,,,
69d67829371e97de96bb5d43,https://jovial-enigma-vault-core.base44.app,Enigma Archive,,"The user has built ""Enigma Archive,"" a luxury mystery box management platform featuring a dark, industrial aesthetic. The application includes a catalog categorized by price tiers ($10–$500), product detail pages with rarity heatmaps, and an integrated Vault system for cart management. An admin dash",,ad0fb68a-6259-49d5-b897-be534ece730a,,Likely Supportable,green,40,,,
69d675800e579026ae4c38c7,https://steward-clear-space.base44.app,Steward Dumpsters,,"The user is building a professional, ""precision brutalist"" dumpster rental platform called ""CLEARSITE"" featuring online booking, payment processing, and a clean, industrial design. The platform is built using React for the frontend and Base44's entity-based backend for data management. Key features ",,048deb46-dae2-4f97-99eb-77afe95bb2df,,Likely Supportable,green,40,,,
69d6649555b91b972ca2058b,https://lex-vibe-legal.base44.app,LexVenezuela AI,,"The ""LexVenezuela AI"" project is evolving into a more interactive legal technology platform, with a primary focus on refining user communication components and subscription management.

**Key Developments and Changes:**
*   **Chat Interface Enhancements:** The user is finalizing the implementation o",,69b109f3-9ef0-4a8a-a189-5e0a23cafb97,,Likely Supportable,green,40,,,
69d570bf9daf11d7a45beb82,https://mikeeats.base44.app,MikeEats,,"The ""MikeEats"" project is currently focused on stabilizing the Base44 Payments checkout flow and refining UI components. Recent efforts have centered on resolving deployment issues where the checkout process fails to initiate correctly on the live domain. Investigations into backend functionality co",,81723e36-2be2-498d-84a4-309b137a502f,,Likely Supportable,green,40,,,
69ced75c87a76d0172256a0e,https://grader-greater.base44.app,GradeAI,,"The user is developing **GradeAI**, an AI-powered homework auto-grading platform. The focus has shifted to implementing a subscription-based payment system using Wix Payments. This involves setting up monthly subscription plans, securely storing the OpenAI API key as a secret, and updating the User ",,411386cf-af06-471b-96d8-164b065d6bec,,Likely Supportable,green,40,,,
69d66777fa1c88ea2e58b2f5,https://affable-play-life-quest.base44.app,LifeQuest,,"The development of **GainZ Social** has advanced significantly, focusing on enhancing user discovery and social interactivity. The profile page has been updated to display comprehensive statistics, including follower and following counts, by integrating new `Follow` entity queries. The UI was restru",,712ced9e-13f2-4047-b649-d7706db9dba4,,Likely Supportable,green,40,,,
69d66aa433aa3f1957e3efdf,https://benefit-path-ease.base44.app,BenefitPath,,,,c886f081-ad4e-45ed-b713-5485584e3f11,,Likely Supportable,green,40,,,
69d6693ff1492c128b0196b9,https://upbeat-shop-swift-flow.base44.app,ShopSwift,,"The user is building an e-commerce platform on the Base44 platform. The application features a product catalog, a local-persistence shopping cart, an admin dashboard for inventory management, and a payment system integrated with Base44 Payments (Wix Payments). Key backend components include a `creat",,de0e65fb-505a-4c8f-a958-038f6b952674,,Likely Supportable,green,40,,,
69b9f314516a3169cffe7025,https://rent-wild-gear.base44.app,GearGrub,,"The user is continuing to enhance **GearGrub**, an outdoor gear rental marketplace, with a focus on user experience improvements and the integration of payment processing.

**Key Technical Developments:**
*   **User Interface Refinements:** The user requested visual updates, including brightening th",,990b19ad-6e25-4de2-ad10-61a4db413140,,Restricted — Review,orange,70,Marketplaces and Aggregators,Marketplace / Multi-Vendor Platform,['marketplace']
69bdc2e438f2d8fb0ac96e9f,https://attractive-peak-coach-flow.base44.app,FitCoach Pro,,"The user has significantly expanded the platform's functionality to include comprehensive client management and payment customization tools. Coaches can now build and manage custom, per-client workout and meal plans using a new `ClientPlan` entity and a dedicated builder interface accessible from th",,b50ac8d4-cff9-4317-81e5-6244d64aa1a8,,Likely Supportable,green,40,,,
69a8fe3d168fa105a3064f3c,https://stokepath.base44.app,StokePath,,"The StokePath application has been fully transitioned from a general tutorial platform into a performance-oriented ""snowboard coach"" tool designed for rapid, on-mountain diagnostic use. The user interface has been overhauled with a premium, rugged aesthetic featuring a dark navy theme, icy blue acce",,295f3f5c-d0ec-487e-a03f-f9d4f400e82b,,Likely Supportable,green,40,,,
69d5cd0e0d65d92042b849fb,https://apex-lax-link.base44.app,LacrosseApex,,"The project has been successfully rebranded from ""LaxConnect"" to ""AthleteConnect,"" transitioning from a niche lacrosse app to a comprehensive, multi-sport platform. This involved renaming UI elements, updating labels across various pages (Onboarding, Subscribe, Home, and ThankYou), and replacing spo",,466f1516-7429-4832-ab1e-562f6afd4be3,,Likely Supportable,green,40,,,
69d62b138eeb2860faad4199,https://dronesolarwash.base44.app,SkyScrub Aero,,"The ""Drone Solar Wash"" project has focused on implementing a Wix-based payments integration and significantly enhancing the mobile user experience. The backend `create-checkout` function was verified as stable, with the primary outstanding requirement being the configuration of necessary eCommerce p",,130ca3d7-12ce-4382-ac7b-87c52f560f0b,,Likely Supportable,green,40,,,
69d63bcb9641741a458ae9be,https://lifeline-solve-daily.base44.app,Lifeline,,"The user is building **LifeWise**, an AI-powered personal development application. The platform has evolved from a simple advice-generation tool into a comprehensive productivity and wellness ecosystem.

**Key Features and Project State:**
*   **Core Productivity & Wellness:** The app includes a dai",,7e4d891c-a40c-4fad-b7da-eae42739da1e,,Likely Supportable,green,40,,,
69d650cb13a8867d8d30dd0d,https://dark-vault-art.base44.app,Obsidian Archive,,"The ""ATELIER R Æ VN"" project is a dark-aesthetic digital art catalog built on the Base44 platform, currently featuring a fully functional e-commerce flow integrated with Base44 Payments (credit card, PayPal, Venmo). Recent development has focused on stabilizing the user experience and ensuring corre",,8e13f3ed-b6b3-418b-bf45-f1a8068f0485,,Likely Supportable,green,40,,,
69cf83da4a0a5a72def1f618,https://hiram-abiff-app-def1f618.base44.app,Hiram Abiff — App,,"The user is developing a multitasking application that now includes two primary features: a GPS-based phone location sharing system and a reverse phone lookup tool. The location sharing feature allows users to generate a tracking link for a phone number, which, when accessed, permits the sharing of ",,48c32f7c-e2ba-49d9-9a1e-c9359e543d50,,Likely Supportable,green,40,,,
69d64a81c5d1e95910cfc5a6,https://woodoo-fluent-step-learn.docker-pr-5542.velino.org,FluentStep,,,,78325c74-2156-431f-a488-625591fccfa0,,Likely Supportable,green,40,,,
69d442b035ebdc812283f37e,https://snobbish-daily-dish-flow.base44.app,Daily Dish Co.,,"The ""Daily Dish Co."" meal-planning application has undergone significant stability improvements to its backend generation logic. Recent updates focused on resolving runtime errors in the `Dashboard` component, specifically addressing crashes caused by empty array operations during `bulkCreate` calls",,d3a33ff5-a688-493c-a30b-c13a1f0e1563,,Likely Supportable,green,40,,,
69d6440da79e4e086af0ac51,https://kinetic-archive-vault.docker-pr-6688.velino.org,Kinetic Archive,,,,70c2c7ef-3de4-4524-99a9-a23867681eb1,,Likely Supportable,green,40,,,
69d2c14471bf0eea6669256f,https://crazy-print-hub.base44.app,Crazy Prints,,"The ""Crazy Prints"" project has seen significant development, focusing on improving user authentication, adding new pages, and integrating payment processing. Initially, custom credential-based authentication was implemented alongside Google login. Subsequently, an ""Advertise"" page was created for pr",,1489ac6e-33b6-4f9e-bf31-159531fd5196,,Likely Supportable,green,40,,,
69d4c197253fe3bc162dd917,https://cielo-stage-pro.base44.app,Cielo Presence,,"The project, **FindACut**, is a platform designed to match barber shop leads with barbers. Development has focused on establishing a robust lead generation workflow, featuring a `BarberProfile` page and a multi-step `LeadForm` that captures user data into the `BarberLead` entity.

Key technical mile",,31b76aab-103b-4311-af73-57965011fc19,,Likely Supportable,green,40,,,
69d61bdc3c7b0c2d74e9bdd1,https://orthodox-home-vault-wealth.base44.app,HomeVault,,,,2bec9728-860a-4691-b1d2-14f03ea7d9d2,,Likely Supportable,green,40,,,
69d5f8f9e25edfa3662f9374,https://captured-safety-alert-hub-5previe-662f9374.base44.app,Captured: safety-alert-hub-5.preview.emergentagent.com,,"The ""TabKeeper"" application is a notification service for monitoring public records of incarcerated individuals. The project has transitioned from foundational setup to active feature implementation, specifically focusing on user-facing search functionality and offender data retrieval.

Key developm",,a2739d73-f9e1-4919-a47b-477a3f5ede06,,Likely Supportable,green,40,,,
69c5f0d9acc68c4c2e15792b,https://ezzbooking.base44.app,EZZbooking.com,,"The EZZBooking.com project is a travel booking platform currently undergoing troubleshooting for its ""packages"" search functionality. The application has previously established a robust ""Kayak-inspired"" UI/UX, including a light gray theme, a split-hero layout, and advanced filtering logic on the `Fl",,40136612-8f7b-4c59-a21f-00be7138dbbe,,Likely Supportable,green,40,,,
699ce71ae9d89c5959f42653,https://eccentric-print-verse-now.base44.app,PerfectPrints,,The project has transitioned to a professional e-commerce model by integrating Base44 (Wix) Payments. Key changes included implementing a `create-checkout` backend function to handle secure session creation and introducing a `ThankYou.jsx` page to manage post-payment redirection and cart cleanup. Th,,2f7c2b4e-9eb0-4aab-983c-c455bc2641ea,,Likely Supportable,green,40,,,
69d5e53cd9a169daad84cb64,https://stimulating-flow-sales-pro.base44.app,3D designs,,The user has further enhanced their 3D printing service application by integrating dynamic pricing based on material usage. Key updates include modifying the `PrintRequest` entity to include `weight_g` and `estimated_price` fields. The `PrintRequests` page was updated with a calculation utility that,,2a9c3d91-e6b3-430d-b591-75cddd5c551e,,Likely Supportable,green,40,,,
69d5e45b1734aa6bd4b2f485,https://parked-up-copy-d4b2f485.base44.app,ParkedUp (Copy),,,,f845faef-f290-4acc-84d1-0dc9b9842822,,Likely Supportable,green,40,,,
69d5e0f3973ab82aa81226f5,https://amity-meet-sync.base44.app,Amity,,,,2bd29967-3713-40c6-bd15-1e96097ef53e,,Likely Supportable,green,40,,,
69cea0ee0f27e1f880313981,https://roll-quest-flow.base44.app,Campaign & Initiative Tracker,,"The user is building a ""Dungeon Master"" toolkit and D&D Campaign initiative tracker. Recent efforts have focused on implementing a global settings architecture to allow for deeper visual and auditory customization across the application.

Key technical changes include:
*   **Settings System**: Creat",,e1fb159e-2837-4878-a805-d2393a529afc,,Likely Supportable,green,40,,,
69d5d0043df3c43ff193dfbd,https://who-is-starlight.base44.app,Who I Am,,"The project continues to evolve toward a deeper, high-value psychological astrology report. Following the previous decision to shift from generic time-based predictions to timeless analysis, the platform has undergone a major expansion of its content architecture. The ""Daily Horoscope"" functionality",,bcb23af7-291c-4e5f-8ddd-ffd1740c7357,,Restricted — Review,orange,50,"Unfair, Deceptive, or Abusive Practices",Psychic / Spiritual / Occult Services,"['astrology', 'horoscope']"
69d5cd89169ee0367cc31e87,https://fine-grain-craft.base44.app,Wood n Grains,,,,5cf492ec-6c47-4c2f-9e1a-dfecb49447f4,,Likely Supportable,green,40,,,
69cdb76467f73801514de585,https://quick-quote-pro-514de585.base44.app,Quick Quote Pro,,,,04d189aa-f024-448b-bb26-905004c3fbc8,,Likely Supportable,green,40,,,
69d5d551ef95647b5cc2584d,https://ridge-crust-loaf.base44.app,Ridgecrest Sourdough Bread,,,,4b3f900c-4dc2-4e63-8ee4-8e8079c95045,,Likely Supportable,green,40,,,
69d5cac9852831529a9a71bd,https://canine-kinetic-expedition.base44.app,Canine Kinetic,,,,4622680f-7e67-4b00-ba7c-e96a6f522ed4,,Likely Supportable,green,40,,,
69d532925fbe5c6bf349fa04,https://alpha-bookkeeping-f349fa04.base44.app,Alpha Bookkeeping,,The project is a client management and bookkeeping platform with a tiered pricing model and a secure client portal. Recent developments have focused on improving navigation and administrative workflows. Key UI updates included making the site logo a clickable link to the homepage and fixing tab navi,,9cde699f-0f43-4a2c-b85e-68149f47450f,,Likely Supportable,green,40,,,
69b88be5841393f5cb710d77,https://bigmoneyrecords.base44.app,Underground ,,"The user is developing the **DistroWave** music distribution platform, with a current focus on integrating ""Base44 Payments"" (powered by Wix Payments).

The primary technical challenge has been resolving duplicate React instances, which caused a `TypeError: Cannot read properties of null (reading 'u",,f9c209c6-5eec-42b8-a53e-d64475a60885,,Likely Supportable,green,40,,,
69d4b83d13d735727ed1c54b,https://amorphous-oneiro-dream-vault.base44.app,Oneiro,,"The user has successfully implemented a monetization and ad-display infrastructure for the Dream Interpretation application. Key developments include the creation of an `AdBanner` component that serves as a placeholder for ad networks, a global `AdFreeContext` to manage user subscription states, and",,a99d795b-7c19-4197-b657-cfb98352431d,,Likely Supportable,green,40,,,
69d5c91c35e9b19bf073718e,https://fun-match-play.base44.app,It's All Fun & Games,,"""It's All Fun & Games"" has integrated Base44 Payments using the `create-checkout` function to manage membership subscriptions. Following the initial payment setup, the user transitioned to UI and conversion optimizations, including the addition of a ""Try 1 Month Free"" promotional banner on the Membe",,51a9d4af-eb9b-4a09-8e3a-46163aa124bc,,Likely Supportable,green,40,,,
69d3d8d24c6642f9582c0e5d,https://capable-pulse-stream-view.base44.app,StreamPulse,,"The project is ""Mikazuki Studios+,"" a Netflix-inspired streaming application featuring a dark purple theme (#1A0033/#0F001F) with vibrant purple (#8B5CF6) accents. The core functionality includes a media library with movies and series, a video player with auto-resume/seek, and a subscription-based a",,2ca2c4d1-adc8-49ad-9fc6-c4eede2a87b4,,Likely Supportable,green,40,,,
69d5c312992f8ae402a462ed,https://first-light-life.base44.app,First Light Framework,,"The ""FIRST LIGHT"" project has successfully transitioned from foundational architecture to a fully functional subscription-based model. The platform features a `SubscriptionPlan` entity to manage pricing tiers and an updated `User` entity to track subscription and payment status via Base44 Payments (",,1a589728-1dc2-4cd3-a206-057507295b21,,Likely Supportable,green,40,,,
69d3ddae485e787577134b36,https://orb-time-pulse.base44.app,OrbAlarm,,"The application continues to function as a recurring alarm-based productivity and morning routine tool, centered on a gamified ""Boss Fight"" mechanic. Recent updates have focused on streamlining the user interface and refining the core engagement loop: the ""Color Shop"" and ""Loot Box"" features have be",,95ff84c6-abb3-44c1-bc17-e139a496b6ac,,Not Supportable,red,70,Gambling and Games of Skill,Virtual Casino / Loot Box / Cash Prize Games,['loot box']
69d5bf389daf11d7a45c0b9f,https://level-up-sensei.base44.app,GameSensei,,"The user has built **GameSensei**, a video game tutorial application featuring a dark, gaming-centric aesthetic. The core functionality allows users to browse a library of popular games, access AI-generated lessons on gameplay, controls, and strategies, and track their learning progress using a cust",,14b2649d-5e57-4ef5-a93f-b3eecdaaa148,,Likely Supportable,green,40,,,
69ce013bc2244ac0b54f4cc9,https://always-open-pulse.base44.app,AlwaysOpenQR,,"The user is developing the ""QR Decal Builder"" application. Key recent efforts have focused on stabilizing the order submission process in `StickerBuilder.jsx` by implementing robust error handling and adjusting the `StickerOrder` entity schema to make `business_id` optional, ensuring successful tran",,e81e5fb0-4a2c-456b-a711-21bfcb42cda0,,Likely Supportable,green,40,,,
69d586c1ab6a731a7a5e6c1e,https://design-build-test.base44.app,StructuraAI,,"The platform has been enhanced with a robust legal and compliance framework, featuring a dedicated `Disclaimers.jsx` page and contextual warning banners integrated into key modules. These banners provide critical guidance regarding AI-assisted design, code compliance, simulation accuracy, and materi",,f284e2a6-1e07-4b35-b586-87155d13a475,,Likely Supportable,green,40,,,
69d5b8637fd7da5bf8140ece,https://smackz-flame-eats.base44.app,Hood Smackz & Tingz,,"The user has expanded the ""Hood Smackz & Tingz"" food ordering website by integrating ""Base44 Payments"" (powered by Wix) to enable secure online checkout. A dedicated `/order-complete` page was added to handle the post-payment flow, and the backend was extended with a `create-checkout` function to in",,2b4e7e76-8895-4b91-9d18-af843e2b85ad,,Likely Supportable,green,40,,,
69b1ded0019bec9cbe76be2a,https://thedetaillab.base44.app,DetailLab,,"The DetailLab platform has undergone significant expansion to support automated customer communication and secure online payments. A `BookingHistory` page was introduced, allowing customers to retrieve their booking records by email and providing admin-level functionality to trigger appointment remi",,e71b535e-83d2-4a83-9303-e5e04f7a24d6,,Likely Supportable,green,40,,,
69d5ac17ae4ebca43c3f48d1,https://nebula-command-base.base44.app,Nebula Command,,"The user is building ""Mothership,"" a 3D space strategy game styled after *StarCraft* and *Command & Conquer*. The project features an interactive 3D universe built with Three.js, where players can manage fleets, build bases, extract resources, and engage in planetary warfare. The game includes a com",,1777590e-5332-473b-91bd-06307a93c5e5,,Likely Supportable,green,40,,,
69d5ae7caea5b3d37f01a99b,https://prime-grid-pixels.base44.app,SquareSpace Prime,,,,e00f2925-8587-4784-bf5e-addabe9cccda,,Likely Supportable,green,40,,,
69d5ab65a1db6ac47b08e2b2,https://space-bloom-thrive.base44.app,Boundaries & Bloom,,"The user is building a landing page for ""Boundary Studio,"" a brand focused on workbooks and guides for boundary setting and healthy relationships. The initial development established a ""Structured Sanctuary"" design system with specific color palettes and components. The user then requested a color s",,4d9ca1a2-ecd6-4e6c-b292-1617bd2fa7ed,,Likely Supportable,green,40,,,
69cca054ce58bb2890d3aa77,https://tfcca.base44.app,TFCCA Pro,,"The TFCCA (The Construction Cleaning Academy) platform has evolved its membership and payment structure. Key infrastructure was established to handle tiered pricing (Community, Professional, Master Training, Mentorship) using Base44 Payments, complemented by a secure, single-use token system that gr",,eb9ff023-9fab-4f54-807c-78507b6be58d,,Likely Supportable,green,40,,,
69d5a67a77be1a1e3ac7a18b,https://zealous-nourish-daily-flow.base44.app,NourishAI,,"NourishAI is a health and nutrition tracking web app built on the Base44 platform using React, Tailwind CSS, and a PostgreSQL backend. Key features include a ""Today"" dashboard for tracking nutrients and water, an AI-powered meal planning service, a natural language food logger, and a subscription-ba",,bda603bd-05a3-48a4-93d3-ae23f4cd5eda,,Likely Supportable,green,40,,,
69d5a36e1c619c3dae37caa8,https://solvie-pure-soap.base44.app,Solvie Naturals,,,,6e81f3b9-f369-4ace-b1de-96d9e06c9655,,Likely Supportable,green,40,,,
69d58d12dde334d1d3da1dfb,https://spatial-zen-design.base44.app,SpatialZen,,"The user is building ""RoomCraft,"" an AI-powered room redesign application. The app allows users to upload a photo of a room, select preferences (style, budget, intended use), and generate a redesigned version of the space. The interface features a modern, clean aesthetic using a dark charcoal and wa",,aeddf1e8-6240-4aea-bd69-3575a5bb0452,,Likely Supportable,green,40,,,
69d54146afa20319df764dae,https://guestphotoflow.base44.app,GuestPhotoFlow,,"The project is a photo-sharing platform featuring a host dashboard and a public gallery, with development focused on mobile-responsive UI refinements and the implementation of Base44 Payments (Wix Payments) for guest transactions. Recent updates include adjusting mobile comment bubble positioning an",,d067409d-b646-4979-94ae-33b932d7c1e8,,Likely Supportable,green,40,,,
69d0c19802c3f0760ecd98ab,https://houndex-paw-path.base44.app,Houndex,,"The Houndex platform has evolved into a comprehensive, dog-centric ecosystem. Key project states and changes include:

**Project Architecture & Features:**
*   **Core Infrastructure:** The app utilizes a role-based account system (Personal, Breeder, Service Provider, Rescue) with an Instagram-style ",,de49a01a-b7c3-466b-8630-2f6f945f6ae0,,Likely Supportable,green,40,,,
69c9a6879692c32730b9e7d6,https://strum-scale-shop.base44.app,Strum & Scale,,,,e55e596f-7ca6-43b4-a80f-86aa91c95d0c,,Likely Supportable,green,40,,,
69ab3e05127ccdbe450a2dd0,https://smart-deal-pilot.base44.app,DealPilot,,"The user is building a deal-finding platform called **DealPilot**. Recent development has focused on enhancing the user experience and adding monetization capabilities.

Key UI/UX improvements include a revamped `SearchBar` with autocomplete, search history, and keyboard navigation, as well as sorti",,383b6ce1-b3e9-4d9d-a44a-3073e5bf4a1c,,Likely Supportable,green,40,,,
69d595d9d5ca1a9b0e6d0147,https://jarvis-0e6d0147.base44.app,Jarvis,,,,9a76a3fb-4fce-4f87-b7a2-012f46554f6f,,Likely Supportable,green,40,,,
696d5d5cd6de614fed7f90a8,https://amore-amore-ed7f90a8.base44.app,Amore Amore,,"The user is building a social/dating application. The previous summary confirmed the completion of legal compliance with an integrated ""Terms of Service"" page. The application now includes sections for ""Your Favorites,"" ""People Who Have Favorited You,"" and ""Matches"" on the Favorites page. Each favor",,51c6db4d-a1b1-4948-ad48-ba6b506cb5aa,,Not Supportable,red,100,"Adult Content, Products, and Services",Dating Apps / Matchmaking / Companionship,"['dating app', 'dating']"
69d587aaedcbed3a786c0490,https://probros-restore-app.base44.app,ProBros,,"The project is a mobile-optimized service booking and product catalog application for ""Pro Bros."" Recent development focused on integrating ""Base44 Payments"" (Wix Payments) by transitioning checkout logic into a robust `functions/createCheckout.js` Deno service and updating the `Profile.jsx` page to",,924f5f5d-e3b9-45d1-a7d0-79057d7441de,,Likely Supportable,green,40,,,
69d139beeda4a46222d6104a,https://streamfinancials.base44.app,Stream Finances,,"The ""Stream Financials"" platform has successfully implemented a tiered subscription model, gating premium features while expanding core functionality. The project now supports four pricing tiers (Basic/Premium, Monthly/Annual) with updated logic in `useSubscription.js` and the `ThankYou` post-purcha",,29ae7ae8-4d59-480d-942a-acde6034d199,,Likely Supportable,green,40,,,
69d586a091bf8c03482989c0,https://real-men-image.base44.app,Real Men Real Image (RMRI),,"The project is a personal development platform built on Base44, centered around a subscription-based membership model using Base44 Payments. Recent efforts have focused on UI/UX refinements, specifically ensuring the ""Premium"" membership tier is visually centered on the `Home` and `Membership` pages",,1895ac65-717b-41be-a649-2c26c4a17d95,,Likely Supportable,green,40,,,
69bb4908544a648a898eecc2,https://food-easy.base44.app,Food-e,,"The ""Food-e"" project has solidified its core features, focusing on a mobile-first UI with a clean, minimalist aesthetic using the ""Inter"" typeface, Lucide icons, and a consistent 18px rounded card design. The app is structured as a comprehensive meal-planning and grocery management platform, featuri",,4552daf5-f805-423f-9093-46d17c56b2c6,,Likely Supportable,green,40,,,
69d587cee74ef7220f7c1b73,https://sweet-support-now.base44.app,Richards Desserts - Sweet Support,,,,a5ebbb8c-cc24-440e-a2f0-9022ecce00b3,,Likely Supportable,green,40,,,
69d586585d26c0599d794a69,https://vegan-sync-work-flow.base44.app,SyncroFlow,,,,cff63191-584c-4a1a-972d-871288937814,,Likely Supportable,green,40,,,
69d2cef4a67cbfc855d7e12c,https://creatorguide.base44.app,DigiVault,,"The project is a single-product landing page for ""The Creator's Guide to Online Business,"" which uses Base44 Payments (Wix Payments) for checkout. The app has transitioned from an internal cart system to a direct-to-checkout flow, routing customers to a hosted payment page and a subsequent thank-you",,4e3895c0-6159-4e0d-bc4a-bd2f81cc75a4,,Likely Supportable,green,40,,,
69d584c4659a8479d442ca92,https://disco-cat-dance.base44.app,DiscoCat,,"The user is refining the ""Dancing Cat"" application to meet professional mobile app standards. Recent developments include the creation of an `AppShell` component to handle structural requirements, such as CSS safe-area insets for notches/home bars, a system-wide dark mode with persistence, and smoot",,b247cc4d-2367-4816-ac51-ea5520cf7a8d,,Likely Supportable,green,40,,,
69acbc34dda51535d6107c7b,https://quill-quest-flow.base44.app,quill,,"The application, now rebranded to ""pith,"" is an AI-powered educational platform for quiz generation and interactive learning. Recent development has focused on refinement, specifically replacing the branding logo with an inline, transparent SVG and ensuring responsive design for mobile views in comp",,9878bf67-57d3-4caa-bda7-58b0a2239122,,Likely Supportable,green,40,,,
69cc41242394d529d2754e0e,https://nextgenrealestate.base44.app,PropTeen (Copy),,"The user has successfully expanded the educational content for PropTeen, implementing a comprehensive library of 50+ learning modules categorized into seven real estate-focused topics, including contracts, budgeting, and investing. Key technical updates included refining the `Learn.jsx` and `Lesson.",,a4edd19d-4956-4bff-b8bb-0c9d95c2d8d8,,Likely Supportable,green,40,,,
69d57f30d5b2ce181d013b9d,https://antique-elite-detail-pro.base44.app,Elite Detail Studio,,"The ""Lux Auto Detail"" project has continued its development with the addition of a new `FAQSection` component, integrated into the `Home` page to provide customers with key information regarding service requirements, timing, and pricing for oversized vehicles. The section includes an accordion-style",,167d2a37-e80b-48ef-a021-066808d1d6f9,,Likely Supportable,green,40,,,
69d57998d85b784f246de378,https://budgt-246de378.base44.app,Budgt.,,,,0ba07184-2341-46d7-b712-329310ae04c3,,Likely Supportable,green,40,,,
69d57acf0ce56d6b5bb4a7e1,https://niicck-pay-link.base44.app,NIICCK,,"The NIICCK fintech application has successfully stabilized its core infrastructure following recent refactoring efforts. The project now features a fully functional Dashboard with real-time statistics (balance, income, spending), interactive Quick Action modals for financial transactions, and a robu",,01ff1345-b507-4296-a76a-2f846cff473e,,Not Enabled for Wix,orange,50,Financial Services,Digital Banking / Money Services / P2P Payments,['fintech']
69d5766341704b50f95d8753,https://apex-f95d8753.base44.app,Apex,,,,3a6eb17a-4c11-47f5-bb4d-4c322ec828fd,,Likely Supportable,green,40,,,
69b482f9f8d0eb7a2f546951,https://mech-proof-lab.base44.app,MechReview AI,,"The project ""CogniMech"" is an AI-powered consultancy tool designed to analyze CAD engineering drawings and generate comprehensive, research-backed engineering reports. Key functionality includes automated performance, manufacturing, and cost assessments, with recent updates enforcing stricter AI out",,a34fbfe1-5071-4d6e-91f4-7952858c77c7,,Likely Supportable,green,40,,,
69d57535169ee0367cc25166,https://trump-birthday-bash.base44.app,Trump's Birthday Bash,,,,d96e3978-8eb2-4ec3-9054-3686ad1c1b2a,,Likely Supportable,green,40,,,
69d5652c852831529a9a4b0a,https://mix-r-now.base44.app,Mixr,,"The user is building ""Mixr,"" a nightlife app that has recently expanded to include monetization and community engagement features. Key updates include the integration of ""Line Leaps,"" allowing users to purchase priority venue entry via Base44 Payments, and a ""Line Update"" system where users report c",,61074043-c42b-4329-b2b4-14e8159c44a4,,Likely Supportable,green,40,,,
69cad2b0b0de38835fc20d5b,https://skum-world-copy-5fc20d5b.base44.app,SkumWorld (Copy),,"The user is developing a comprehensive vendor management and commission tracking system for the SKUMWORLD platform. The project focus has been on building an end-to-end workflow for vendors to apply, pay subscription fees, and track their commission-based sales, while providing admins with robust to",,2e5a226d-75f6-40c1-b3e5-70fc92eab673,,Likely Supportable,green,40,,,
69cfe735b58cad97c2e7b7e9,https://messy-daily-grace-path.base44.app,GracePath,,"The Christianity Services platform continues to utilize its core `Event`, `DailyVerse`, and `PrayerRequest` entities within a React-based architecture featuring a navy and gold visual identity. Recent efforts have focused on finalizing the platform's rebranding by replacing ""Grace Chapel"" with ""Chri",,89ace4cb-11d8-41af-a525-3fdaf7f0cad7,,Likely Supportable,green,40,,,
69d2fc35a6053f325babcf84,https://paws-go-5babcf84.base44.app,Paws & Go,,"The Paws & Go platform has been significantly enhanced to support fully independent management for its two locations: American Fork and Nephi. The architecture now features dedicated admin capabilities for the Nephi branch, allowing administrators to modify site-specific content, pricing, and text i",,4068fc71-bceb-45b6-95d0-14d69e72fae1,,Likely Supportable,green,40,,,
69d55e91770f430913f4fd42,https://thankful-voyage-group-sync.base44.app,Voyage,,"The user is building a travel group management app for travel companies. Initially, the app focused on core features like group details, itinerary, flight plans, expenses, and contacts. The user then requested the ability to organize groups under named events or trip seasons, such as ""Summer 2026.""
",,44411dc9-eb3b-44ee-9927-06c058f289c4,,Likely Supportable,green,40,,,
69d557efba165de2176b9e65,https://stylish-flow-tech-pro.base44.app,Flow Schedule,,,,4a7ffbd9-b363-4110-8652-ee63b15717d8,,Likely Supportable,green,40,,,
69c18a5f923ff7bc891158dc,https://triflopeptides.base44.app,Tri Flo Peptides,,"The project for ""Tri Flo Peptides"" focuses on a documentation-first checkout workflow where users must submit an order form to generate an invoice before payment. To achieve this, the checkout flow was decoupled from the cart; payment options were removed from the Cart page, and the `Checkout` page ",,f4d3d677-62c1-452e-8d60-83934bc8d07a,,Restricted — Review,orange,40,Healthcare Products and Services,Prescription Pharmaceuticals,['peptides']
69d552f0107078183d57ea33,https://exuberant-mind-meld-notes.base44.app,MindMeld Notes,,,,03cb0f1a-41f7-45c8-83d2-4ccb84e743a4,,Likely Supportable,green,40,,,
69d5528522cd74fb5916328b,https://cuddly-flow-pay-ease.base44.app,FlowPay,,,,430254d1-c711-4e49-9eb0-df9fb25de3c9,,Likely Supportable,green,40,,,
69d5505e45f6e29a629c0326,https://clapper-cream-wax.base44.app,Clapper Cream,,"The user has built an e-commerce platform called ""Clapper Cream"" using the Base44 platform, specifically designed for selling hockey wax. Key project components include `Product` and `Order` entities, a product-focused frontend with a shopping cart, and a secure payment flow integrated with Wix Paym",,1b159696-51ae-4b01-8389-c62c46e24887,,Likely Supportable,green,40,,,
69c46cabfe47ffa8fb7d7090,https://celestialinteriorstudio.base44.app,Celestial Interior Studio,,"The ""Celestial Interior Studio"" project has finalized its transition to a consultation-focused model, removing the ""Observatory"" gallery page. A key focus has been the implementation of ""Base44 Payments,"" utilizing the backend `create-checkout` function (configured for the Deno runtime) to handle se",,ac2cc4d9-9dbd-4db9-b8ca-f0e31227d852,,Likely Supportable,green,40,,,
69ca8109984ef3e44e60b7e2,https://watchful-paramedic-pulse-prep.base44.app,ParamedicPulse,,"The user is building an interactive EMS study application on the Base44 platform, which serves as a comprehensive educational resource for paramedic students. The project focuses on expanding academic content for various chapters—ranging from pharmacology and medication administration to cardiology ",,4763f344-e5bb-4e03-8b6c-2addcbc47f65,,Likely Supportable,green,40,,,
69d19ebd7be98f4d2553c7dd,https://video-profit-flow.base44.app,Video Pricing Studio,,"The ""Video Pricing Studio"" project has successfully implemented a comprehensive **Wedding Proposal Module**, enabling videographers to manage the entire client-facing booking flow. Key developments include a step-by-step **Proposal Builder** (for internal configuration) and a polished **Client-Facin",,0e6d4021-7ae4-474d-a341-2894d6b1b81d,,Likely Supportable,green,40,,,
69cbf1dbe9134c0085f2bcf9,https://master-invest-flow.base44.app,Investly,,"The user is building ""Investly,"" a financial literacy app, and has recently implemented several significant features. The project now includes a subscription system with a pop-up modal offering ""Standard"" and ""Expert"" tiers, leading to a dedicated payment page. Branding has been updated with a large",,d0e0b22c-7e27-43ba-9270-fc9c3bfbf92f,,Likely Supportable,green,40,,,
69d5425741704b50f95d4910,https://neon-penny-stock-pulse.base44.app,PennyStock Pulse,,"The user is building a stock trading assistant application. The core features planned include an AI-powered stock screener for penny stocks, a watchlist, trade signal generation with AI reasoning, a portfolio tracker, and an automated scanning function. The application will have a dark, finance-them",,25ee7f32-c57e-42d7-a837-7e159fcd2354,,Likely Supportable,green,40,,,
69d53c9e02f1beb4382c2e05,https://profit-pilot-naughty-pro.base44.app,ProfitPilot,,,,960bdb3d-7b84-478c-9009-92b64e9b60aa,,Likely Supportable,green,40,,,
69d52346f6fc3474b1cffc71,https://speak-eloquencia-now.base44.app,Eloquencia,,"The user is significantly enhancing the Elocuencia coaching platform by integrating a comprehensive client booking and management system directly into the admin dashboard. This aims to eliminate reliance on email for the booking workflow and create a centralized control center for administrators.

K",,6f339b96-e388-479f-bcb7-094a83f1e3a6,,Likely Supportable,green,40,,,
69cbf604abe9f0d0622ec710,https://electric-court-flow-pro.base44.app,CourtFlow,,"The user is building a Minimum Viable Product (MVP) for a multi-sport indoor facility booking platform. The platform will allow users to book courts and turf time slots through a web application.

The core features implemented include a landing page explaining the facility, a booking page to view an",,9cd8a51c-5be6-45f0-a375-abf8203e5284,,Likely Supportable,green,40,,,
69c16a2ac54aabc51913af6b,https://deft-apex-lift-flow.base44.app,Gymness,,"The user is enhancing the Gymness application for iOS WebView deployment, focusing on mobile-first experiences and advanced UI/UX features.

Key developments include refactoring navigation to support independent tab stacks with root resets, implementing optimistic UI updates for 'Wellness' and 'Acti",,006e2e5c-2e9d-4f65-b62d-ea2ddc30e2e0,,Likely Supportable,green,40,,,
69d531172af240a7717cc23a,https://smart-pet-dine.base44.app,PawFeed Marketplace,,"The user is building an e-commerce platform for pet food dispensers called **PawFeed**.

The team has been focused on refining the checkout and payment integration with **Base44 Payments**. Initially, there was an issue where clicking ""Proceed to Payment"" on the Checkout page did not load the next s",,268d5438-d6c5-457a-9e47-ab5d4143a8b8,,Restricted — Review,orange,70,Marketplaces and Aggregators,Marketplace / Multi-Vendor Platform,['marketplace']
69d53227197933dbb0b9e0b8,https://garden-craft-play.base44.app,GardenCraft,,"The user is continuing to develop their 3D garden game, focusing on the premium shop. A visual representation of the shop building has been added to the scene. The user's immediate goal is to add two new premium items, a ""Mega Turtle"" and a ""Flying Dragon,"" to the shop and to reduce the shop's overa",,704efeb6-4fe8-4e8f-a22c-d571d331be60,,Likely Supportable,green,40,,,
69d4849d0128b54cf232699f,https://patsl.base44.app,Payroll by Superior Staffing,,"The user has been significantly enhancing the payroll and reporting functionalities of the application. Key developments include the complete redesign of the `PaystubPDF` component to ensure consistent print alignment and the addition of an email-to-employee notification feature.

Further enhancemen",,d6f095ba-93c5-48fa-9df0-8285c4a95b4f,,Likely Supportable,green,40,,,
69d3238fa67cbfc855d88cd3,https://pictura-daily-feed.base44.app,Pictura,,"The user is building ""Pictura,"" a photo-sharing platform with a new subscription model. Initially, the goal was to restrict content access via subscriptions, with 20% of content remaining free. This involved integrating Base44 Payments, creating a `UserSubscription` entity, and backend functions `cr",,a917d970-3243-473a-8793-162fa41036ec,,Likely Supportable,green,40,,,
69d52dc8f970608878eb54a1,https://spectacular-pay-flow-now.docker-pr-6688.velino.org,PayFlow,,,,06d98b05-135c-47bd-94b7-8361c7f018f5,,Likely Supportable,green,40,,,
69d522709c8effe3f8693d05,https://agile-parish-connect-now.base44.app,ParishConnect,,"The user is building a Catholic parish and church app. The app initially included core features like a home page, mass schedule, events, ministries, bulletins, contact information, and prayer requests. The developer created entities for each of these features and designed the UI components and pages",,83a460ef-1fab-4b07-8174-a878a900d0cd,,Likely Supportable,green,40,,,
69af59529375610383860608,https://divine-hype-flow.base44.app,Hype Me Up,,"The user is building the ""Called & Chosen"" app, a faith-based platform focused on personality and identity discovery. The app uses a multi-section onboarding quiz to understand users' spiritual needs, emotional profiles, life challenges, motivation styles, and identity. Based on the quiz results, th",,a78c97c0-6626-41e4-afb7-a9d7d46db2b6,,Likely Supportable,green,40,,,
69d521e8816ace3222d7b190,https://sassy-nexus-core-hub.base44.app,NEXUS Core,,"The user has fully integrated ""Base44 Payments"" into the ""NEXUS"" platform to enable secure transactions. The project now features a backend function, `create-checkout`, that interfaces with the Wix Payments API, and a new `ThankYou` page to handle post-purchase redirects. 

To improve the user exper",,af68ac07-b174-4530-8992-a595cf2fb2a2,,Likely Supportable,green,40,,,
69d520aee39843bdca2682a5,https://calm-gauge-mind.base44.app,CalmGauge,,"The user is building ""CalmGauge,"" a mental health self-assessment web application. The core functionality has been significantly re-architected to allow users to complete a test *before* making a payment. Previously, payment was required upfront. This new flow prioritizes user engagement by letting ",,ce31700d-d75e-4d5d-8262-a5401c404aed,,Likely Supportable,green,40,,,
69c52e5e9d4f58eb36da4948,https://quiet-nutri-track-go.base44.app,NutriTrack,,"The user is building the ""MacroTheory"" application and has successfully integrated Stripe for subscription management. To address Apple and Google Play store compliance guidelines regarding subscription-based digital services, the project is moving toward a ""Reader App"" model.

The user decided to r",,4a9f833a-7435-454b-9d04-2014ca06eed3,,Likely Supportable,green,40,,,
69d516d3f87c54758a5b0374,https://spell-whiz-play.base44.app,Spelling Whiz Kids,,,,3f076f65-7325-4e36-a3c0-323ab1bf4c97,,Likely Supportable,green,40,,,
69d500555ac0e18a01ac3af2,https://cautious-reel-echo-hub.base44.app,CineForge,,"The user is building an application that involves managing projects and user-generated video content (reels). Previously, the focus was on fixing issues with ""ghost projects"" that were incorrectly appearing on project lists and exploration feeds due to caching problems. This involved filtering out s",,d7dc0337-e715-4229-97c0-acf0bb0159df,,Likely Supportable,green,40,,,
69d50da33398368be136cb26,https://rank-masters-seo-e136cb26.base44.app,RankMastersSEO,,,,95710355-b105-4e63-8447-71e15fe81bd8,,Likely Supportable,green,40,,,
69d51174d70054960823a0e0,https://belvora-build-lab.base44.app,Belvora Sites,,,,10789f21-3a91-41e3-bb92-4dfb5a2f4d99,,Likely Supportable,green,40,,,
69b162b7cee981f88a2ce207,https://void-structure-labs.base44.app,itnofit,,"The project ""itnofit"" has been successfully evolved into a functional avant-garde e-commerce platform. Key recent developments include the integration of Base44 Payments (Wix Payments) to enable real-world transaction processing, the implementation of a secure `create-checkout` backend function, and",,41f6dc90-710e-4947-9cc0-1151ca167f44,,Likely Supportable,green,40,,,
69d50ca0c596b3155da8163d,https://hoops-community-fund.base44.app,Bloomington Hoops Community Fund,,,,bbd03662-a65d-4821-a963-be2f9740a279,,Likely Supportable,green,40,,,
69d3c90e70bcab647b2bf08a,https://heart-grace-flow.base44.app,Heart of Grace,,"The user is building a website for ""Heart of Grace Outreach,"" an organization focused on supporting the unhoused community. The project has evolved significantly from an initial landing page concept to a comprehensive site incorporating the organization's full story, mission, and roadmap. Key update",,a23efd58-99d9-4ab2-a756-f6e1d7e89208,,Likely Supportable,green,40,,,
69d4f9511d7582fd5f59d330,https://mcdowell-agent-path.base44.app,McDowell Agent Network,,"The user is building an interactive web application called ""McDowell Real Estate Academy"" designed to train real estate agents globally. The platform will offer courses on obtaining licenses in any state, lead generation through social media and virtual door-knocking, and marketing strategies for va",,62631b41-9a5c-481a-9874-c554d76dd458,,Likely Supportable,green,40,,,
69d4f533f70a1026df814873,https://lawn-bound-pro.base44.app,LawnBound,,"The user is developing ""YardUp,"" a lawn care marketplace. Key functional additions include a messaging system that allows customers to contact companies via a dialog component, and a company-facing inbox tab for managing these communications. Additionally, a language selection feature was implemente",,5f7c243f-8813-4471-838a-006a2cf1d627,,Restricted — Review,orange,70,Marketplaces and Aggregators,Marketplace / Multi-Vendor Platform,['marketplace']
69d43c2b78be3f6565f4a0a2,https://fiery-reel-craft-pro.base44.app,ReelGen AI,,"The user has successfully integrated ""Base44 Payments"" for handling subscriptions and has focused on conversion optimization to address a lack of sales. Key updates include the addition of script captioning (visible in both the mobile preview and exported videos), a `DemoShowcase` component on the h",,73ede5b0-80f1-484e-a094-cce978c9aec3,,Likely Supportable,green,40,,,
69d4eb15f0881db93958366f,https://chronicle-quest-sync.base44.app,Chronicle,,"The user is building a Dungeons & Dragons companion app called ""Realm Keeper"". The app aims to facilitate collaborative play with features for managing campaigns, scenes, characters, and session notes. Initially, the app was designed with a dark fantasy aesthetic and core functionalities for campaig",,84885bff-6198-4801-8321-877d97c6f923,,Likely Supportable,green,40,,,
69d49cd9b06f7647322e77b7,https://wild-tap-in-live.base44.app,TapIn IRL,,"The user is enhancing the existing broadcast feature to include interactive elements. Previously, the application had a system for sending broadcasts with text, images, and videos, along with scheduling capabilities. The new development introduces the ability for users to respond to broadcasts with ",,c41b9771-dd06-473e-b06a-8807a2dd9c83,,Likely Supportable,green,40,,,
69d4df2acd2a2257c459da5a,https://heavenly-prime-market-flow.base44.app,MarketBound,,"The user is building a modern marketplace application that enables product listings and secure transactions. The project architecture centers on two primary entities: `Product`, which tracks item details like title, price, and condition, and `Order`, which handles purchase records, payment status, a",,b9e14a89-1857-4265-83e2-a27fcbb3ac43,,Restricted — Review,orange,70,Marketplaces and Aggregators,Marketplace / Multi-Vendor Platform,['marketplace']
69d4bc1d87efa0d0ea958f2c,https://tabled-chef-table.base44.app,Tabled,,The user is building a two-sided marketplace platform that connects diners with independent chefs for personalized dining experiences. The platform supports two primary service models: chef-hosted meals at their own locations and on-site private chef services at the customer's location. The project ,,623432fa-a4f7-47d1-b7cf-ac6cd296f87d,,Restricted — Review,orange,100,Marketplaces and Aggregators,Marketplace / Multi-Vendor Platform,"['marketplace', 'two-sided marketplace']"
69d4c1174b54286d1715d65d,https://t-terminal-optics.base44.app,T-Terminal,,"The user is building ""T,"" a website focused on optimizing performance for Rainbow Six Siege. The platform features a tactical HUD design with specific color schemes and animated performance metrics, including a ""Performance Lab."" Functionality includes a tiered pricing model with three plans and int",,10b1b6b9-9308-4f71-9f23-f5cf66465e6b,,Likely Supportable,green,40,,,
69d4bc426e33927e7381816e,https://dark-fps-flow.base44.app,DARK,,,,bda9af46-9469-4f1a-9bcb-d5adbf56acc5,,Likely Supportable,green,40,,,
69d33ea5f27674ce9f844a99,https://purring-forge-your-legend.base44.app,LegendForge,,"The user is building ""CardForge,"" a card battle application with a cinematic focus. Key developments include:

*   **Battle Engine & Arena:** A sophisticated, modular battle system was implemented featuring a 9-phase state machine (idle to result). It includes real-time stat comparisons, cinematic a",,cae643b0-b74e-43ae-81c2-a70852c2e20f,,Likely Supportable,green,40,,,
69d4921bd48136041e19b663,https://wild-streak-quest.base44.app,WildStreak,,"The user has built a mobile-friendly animal role-playing app featuring animal selection, a daily login streak reward system, a shop with various items (accessories, habitats, food, powers), a memory-matching mini-game, and an idle ""hunting"" system that accumulates XP and coins while the user is AFK.",,8fe4ea5c-869f-48ba-b515-624992825a0c,,Likely Supportable,green,40,,,
69cf627a8b3b67b4b37d7a46,https://independent-rent-smart-flow.base44.app,RentAI,,"The user is developing an AI assistant marketplace on Base44, managing various assistants via an `AIAssistant` entity with tiered pricing. Recent development focused on enabling custom OpenAI model integration, allowing users to provide their own model IDs and API keys.

To improve UX for these cust",,08c14d6e-5af9-4983-9de2-e6d3025f005e,,Restricted — Review,orange,70,Marketplaces and Aggregators,Marketplace / Multi-Vendor Platform,['marketplace']
69d4892ef30c080c2f2be64f,https://paws-luxe-2f2be64f.base44.app,PawsLuxe,,"The user is developing **""PawsLuxe""**, a premium e-commerce platform for pet supplies. The project architecture is built on the Base44 platform, utilizing React for the frontend and Base44's entity system for data management. Key features implemented include a landing page with featured categories, ",,64139d83-1af3-4de1-b97e-aa5ad3589b08,,Likely Supportable,green,40,,,
69d475d16878a137235cd6f7,https://connektsports.base44.app,Apex Pick6,,"The user is building an NBA ""Apex Pick6"" analytical tool designed to identify high-value betting opportunities on the DraftKings Pick6 platform. The system is intended to function as an automated decision engine that evaluates player props by integrating real-time injury reports, fatigue metrics (B2",,5652ddfd-3e86-48e7-9c27-514fe1b1d9b2,,Not Supportable,red,100,Gambling and Games of Skill,Betting / Casino / Lottery,"['draftkings', 'betting']"
69d480a6bd39d9470db3c8ad,https://imperio-atelier-labs.base44.app,Imperio,,"The **IMPERIO** brand website has been fully structured into a multi-page editorial experience featuring a Home page, About page, Archive Collection, and Contact form, all characterized by a minimalist ""Parchment and Obsidian"" aesthetic, high-end typography, and scroll-reveal animations. The site ut",,e7286b49-1928-4e6c-acf5-bcde6bc4991d,,Likely Supportable,green,40,,,
69d3a4b95bc7fa56443d9574,https://nexus-chat-elastic-core.base44.app,Masterbara54 AI,,,,76d31b1c-568b-40ca-9f5b-3d9f42f37038,,Likely Supportable,green,40,,,
69d47a9c811be9c918a3ca5a,https://kinetic-diamond-lab.base44.app,Kinetic Diamond,,"The DiamondLab platform is now fully functional, featuring an integrated ecosystem for baseball performance training. The application provides a seamless navigation experience via `AppLayout`, connecting the core modules: the Video Lab for swing analysis, a categorized Workout vault, a social ""Dugou",,c0b86cf5-46ea-46c0-a30d-343d38c460ad,,Likely Supportable,green,40,,,
69d478b5322c80775d03a784,https://candid-heart-talk.base44.app,HeartSpeak,,"The user is building a ""Heartfelt"" dating advice and venting platform, designed with a warm, empathetic UI. Key features include a community feed for anonymous vents (categorized by mood and topic), an AI-powered dating advice tool, and a secure 18+ section for R-rated content, protected by an age-v",,b8cc2a54-35c8-4309-b073-16bd0385b4e7,,Likely Not Supportable — Review,red,40,"Adult Content, Products, and Services",Dating Apps / Matchmaking / Companionship,['dating']
69d4757e01ec7064a66313f1,https://rhythm-alliance-care.base44.app,Gastroparesis Community Alliance,,"The user is continuing to refine the ""Gastroparesis Community Alliance"" (GCA) website. The primary focus has been on enhancing the educational content and donation calls to action.

Key changes include:

*   **Donation Button Text:** All ""Fuel the Change"" calls-to-action across the Navbar, CTASectio",,b85875e0-e432-4db1-ba27-4668cd2d9ed7,,Likely Supportable,green,40,,,
69d46a461bafaa0358e17bde,https://hypersonic-market-flow-shop.base44.app,MarketFlow,,"The user has built a modern, minimalist e-commerce store specifically for cologne, featuring a product catalog, category filtering, a shopping cart, and a review system. Key entities include `Product`, `Review`, `Discount` (admin-only), and `Order`. The store includes a dedicated admin dashboard for",,2eba7611-07ed-4d14-aaa4-b4bccc9bd96a,,Likely Supportable,green,40,,,
69d2fc0313de5535991a413b,https://truth-arch-vault.base44.app,Exegetical Archive,,"The Shiloh TV Network project has finalized its landing page hero architecture, shifting from an overlay-text design to a balanced three-column layout that centers the founders' portrait. Recent refinements in `HeroSection.jsx` have focused on visual hierarchy, specifically adjusting the section's a",,0c3fa44a-8091-457e-a999-9b2ae5e3abcb,,Likely Supportable,green,40,,,
69bb8a2a0ea1aae766492ae0,https://mowmaster.base44.app,MowMaster,,"The user is developing ""CutPro,"" a lawn care management platform. Recent development focused on completing the customer portal features, specifically adding an ""Invoices"" section that integrates with Base44 Payments. This implementation includes a `create-checkout` backend function, a dedicated invo",,f1662a17-be42-43b5-85b0-05e64ed5fabd,,Likely Supportable,green,40,,,
69d467ca072f078df01e9d57,https://nimble-glp-pulse-track.base44.app,GLP-1 Pulse,,"The user is initiating the development of a GLP-1 Health Tracker application, designed to help users manage and monitor their GLP-1 injection schedule. The project is in the initial conceptual phase, with the primary goal of creating a specialized tool for tracking medication administration.

Future",,0908b488-e07c-4dc5-b9de-2ab4ef03b890,,Likely Supportable,green,40,,,
69b1c9b89e8afaeb5d7a8bae,https://studyflowplaner.base44.app,StudyFlow,,"The ""StudyFlow Planner"" application has successfully integrated Wix Payments to enable a premium subscription model. The backend infrastructure now includes a `create-checkout` function for session initialization and a `wix-payments-webhook` handler for verifying payment status and updating user sub",,47165ed5-b9e6-4543-823f-b64411cd6c52,,Likely Supportable,green,40,,,
69d4645e8f187e0dad9ed534,https://sky-crew-stay.base44.app,CrewStay,,"The user is building a crew-exclusive ""Crashpad"" finder app with integrated host management tools. Key features include a searchable listing system for airline crew, email verification, and a comprehensive `HostDashboard` that provides occupancy tracking, tenant roster management, and a payment trac",,38e06ba2-df0e-4362-a853-ffead6e7f15f,,Likely Supportable,green,40,,,
69d45f9e7062a4184610bb28,https://agent-epic-4610bb28.base44.app,AgentEPIC,,,,f5343ba2-cdff-41d5-b329-81c61e47dc81,,Likely Supportable,green,40,,,
69ce5d978cf0cd7fe0a3e4a9,https://jamaica-vibe-pulse.base44.app,Island Vibes Events,,"The user is building ""Yaad Events,"" a location-based event discovery platform for Jamaica, designed for locals and tourists. The app features a tropical-inspired UI with a homepage featuring event highlights and a dedicated discovery page with filtering options for categories, parishes, and event da",,0be918c1-34e0-453f-9e60-298615155feb,,Likely Supportable,green,40,,,
69d4610e8fb1d422c304787e,https://do-life-win.base44.app,LifeQuest,,"The user has built a web-based ""Real-Life Quest"" game where players pay $1 via Base44 Payments (Wix Payments) to receive a random real-life task generated by an LLM. Completing these tasks earns the user experience points (XP), allowing them to level up and track their progress through a profile and",,5be77efc-fc66-4c37-b145-be3000165da7,,Likely Supportable,green,40,,,
68756538a9f10eb08092e238,https://vet-connect-8092e238.base44.app,VetConnect,,"The project has been undergoing a series of structural fixes to resolve build failures caused by widespread duplicate `React` import statements across the codebase. These issues were systematically identified and resolved in several files, including `Resources.jsx`, `ResourceDetail.jsx`, `GroupDetai",,dc7ee4d5-8dd8-4e1e-986d-3a7c3f46ae30,,Likely Supportable,green,40,,,
69d45b1f0128b54cf23258e7,https://clever-tax-ease-pro.base44.app,TaxEase,,,,c306ac34-0d87-432f-bc6f-9f68ebbd58d8,,Likely Supportable,green,40,,,
69d4590dadfdbacea50e9c45,https://moodlamps.base44.app,Lumina Mood,,,,e254fd91-a035-46d4-95b9-e1d2eae6d92f,,Likely Supportable,green,40,,,
69d3d3326696560765c5f030,https://stair-finder.base44.app,StairLines MTB,,"The user is building ""StairLines MTB,"" a community-driven mobile application designed for mountain bikers to discover, share, and map urban stair sets and technical riding features. The project utilizes a dark, action-sports aesthetic with lime green accents, featuring a video-first feed, an interac",,66c7d971-ff27-4d80-b935-44b34c861593,,Likely Supportable,green,40,,,
69d2f422bad9d811d1f1b6c0,https://echotile.base44.app,EchoTiles,,"The user is building EchoTiles, an NFC-based memorial voice-recording platform. The application has evolved into a full end-to-end commerce experience, moving from a manual process to an automated flow where customer memorial details, media files, and NFC identifiers are captured directly in the `Ti",,74f30865-4031-4884-b765-e7237d3558dc,,Likely Supportable,green,40,,,
69a9f60a98bb497005fb5346,https://lumio-edu.base44.app,Lumio,,"The Lumio platform has undergone significant iterative development to stabilize core features and refine the user experience. The `ImageGenerator` module was updated with robust error handling and a permissive prompt-engineering layer that frames requests as artistic illustrations, effectively bypas",,cd597a20-34b3-4c7e-b2f2-ba1c934fb947,,Likely Supportable,green,40,,,
69d2c9e964c3636101c13c68,https://bulky-wise-spend-flow.base44.app,Helpful Saver,,"The user is developing **Wealthly**, a personal finance management app that utilizes `Expense`, `Budget`, and `Income` entities. Recent updates have focused on refining the UI and user experience, specifically by implementing a dark navy sidebar, color-coded `StatCard` components (using variants lik",,7a45b758-8459-490b-a36d-8195c8f735da,,Likely Supportable,green,40,,,
69d44cf818fd0186cc136bcd,https://precious-nexus-bridge-ai.base44.app,ARI AGENT (private),,"The user has built a professional, enterprise-grade AI chat interface with a clean white aesthetic, featuring a sidebar for conversation history, responsive layout, message bubbles, and typing indicators. The core functionality is powered by a hybrid architecture that combines a local JavaScript-bas",,50357d0c-9180-4e79-a462-eed8105f9f8b,,Likely Supportable,green,40,,,
69d44b2486b0d74378dd5a05,https://magnetic-neon-serpent-clash.base44.app,Neon Serpent,,"The user is developing ""Snake Arena,"" a competitive game utilizing Base44 entities and payment integrations. The project has evolved from basic snake mechanics into a more complex game loop featuring a 3-minute timer, a boss battle mechanic, and a leveling system. 

Key technical developments includ",,b8166a70-0323-4883-9a12-cd0fe9483f08,,Likely Supportable,green,40,,,
69bc2daca5cb10341ed7110a,https://zentro-ent.base44.app,Zentro,,"The Zentro platform project has undergone significant functional and aesthetic refinements. Key developments include the successful implementation of username management and cross-video data propagation, ensuring that creator profile changes are consistently updated across the platform. Additionally",,4fd9f228-1fab-415c-991a-26aad5999247,,Likely Supportable,green,40,,,
69d4374901ec7064a663085a,https://stereotyped-forma-print-lab.base44.app,FormaPrint,,"The application has undergone a significant transformation to transition into a gated, professional 3D printing service platform. Development focused on implementing a strict authentication wall, a virtual testing environment, and streamlined order management.

**Key Changes:**
*   **Authentication ",,b8c6f48d-b60b-42db-a2ce-7cec16113f79,,Likely Supportable,green,40,,,
69d3d9e79f7586e00e2a56fa,https://tempo-time-tune.base44.app,Tempo,,"The ""Time Is Money"" application has successfully implemented a strict subscription-gating mechanism, ensuring that only authenticated, paying users (or those who use a valid secret code) access protected app content. To prevent unauthorized access, the application was modified to remove automatic su",,5402a9a5-7e73-4121-99b2-6b386123ebf2,,Likely Supportable,green,40,,,
69cab9f8b6812728d7668e1b,https://global-retire-flow.base44.app,RetireAbroad,,"The RetireAbroad project is a financial planning platform for American retirees, featuring a multi-step calculator and destination-specific guides. The architecture recently transitioned from static, country-specific pages to a dynamic, scalable model where a single `CountryGuide` component renders ",,f5e5a735-751b-4e58-98d9-4d19ba327b29,,Restricted — Review,orange,25,Financial Services,Financial Consulting / Advisory,['financial planning']
69d436b4b7b1794c3dc01b7e,https://arkpvpai.base44.app,APEX ARK,,"The project ""APEX ARK"" has progressed to include real-time functionality for its **Tribe Alerts** module, moving away from manual entry toward automated updates. A dedicated backend webhook endpoint (`tribe-alert-webhook.js`) was initiated to allow external game scripts and bots to push real-time ev",,f3c9d570-e00e-4a73-98f8-1a0b946531b9,,Likely Supportable,green,40,,,
69c9d083211979181153d183,https://velour-vellum-vogue.base44.app,Velour & Vellum,,"The user is developing ""ELEVATE Supply Co.,"" a luxury dropshipping store. The platform features an ""ultra-luxury"" aesthetic with a focus on high-end designer footwear and premium fragrances. Technical progress has focused on implementing ""Base44 Payments"" (Wix Payments) for checkout, including the c",,32555c84-1b28-400c-baa9-f367824288af,,Restricted — Review,orange,30,Financial Services,Dropshipping / Resale Consulting,['dropshipping']
69d445382d079ea0a2e4878e,https://slim-grow-market-flow.base44.app,MarketFlow,,"The project began as a professional marketing dashboard application, featuring tools for managing campaigns, lead tracking, content scheduling, and performance analytics. This initial phase established a clean, violet-themed UI with robust entity structures for `Campaign`, `Lead`, and `ContentItem`,",,e168fb18-128d-46bd-8b13-f426b1336ca1,,Likely Supportable,green,40,,,
69d434001a9292986e827c34,https://spark-exterior-pro.base44.app,JM Exterior Solutions,,"The user is continuing to refine the ""J&M Outdoor Services"" platform, focusing on a shift toward a cleaner, minimalist aesthetic. Key updates include the removal of secondary imagery, such as the placeholder photos on the ""About"" and ""Services"" pages, and the simplification of the Hero section, whic",,d61f3723-889a-42aa-a054-d2fc8cd270e5,,Likely Supportable,green,40,,,
69d34c49064af8607d4937a2,https://koba-market-verse.base44.app,KobaMarket,,The project has evolved into a comprehensive game server management suite. Recent efforts focused on fixing UI rendering issues in the `ServerOwnerDashboard` (resolving save button truncation) and `GiftCard3D` (correcting 3D effect perspective and adding interaction buttons for flipping and code cop,,c98e07d6-c6e9-4a07-a860-649f55d79996,,Likely Supportable,green,40,,,
69d430da2d079ea0a2e463b6,https://clappers-cream-pro.base44.app,Clappers Cream,,,,ed0c13da-b7d6-4551-92fe-3ea70108145a,,Likely Supportable,green,40,,,
69d4309d1bafaa0358e170ac,https://bright-rise-labs.base44.app,SunRise AI,,"The user is transitioning the ""Sunrise"" motivational app into a subscription-based service. The project is shifting from a free tool to a monetized model, featuring a mandatory login/onboarding flow and a $4.99/month subscription requirement with a 1-day free trial. Key architectural changes include",,0f10dca2-54e2-461d-a7eb-b2f63f7e143e,,Likely Not Supportable — Review,red,30,"Unfair, Deceptive, or Abusive Practices",Negative Option Marketing / Hidden Subscriptions,['free trial']
69b895854c739e4444c8f2fd,https://neros-bio-labs.base44.app,Neros Biomedical,,"The user has developed a custom e-commerce platform for ""Maxx Labs,"" featuring a specialized `LabelGenerator.jsx` tool for creating print-ready, 0.75"" x 2"" wrap-around product labels using `jspdf`. This generator includes a structured layout with front (branding/product info) and back (purity/storag",,7e4890d4-d99b-4e58-b63e-2ee0c77d19d4,,Likely Supportable,green,40,,,
69d428ddf7a8d3cad5dd1960,https://move-ready-path.base44.app,FirstSteps,,"The user is building ""NextStep,"" a subscription-based mobile web application designed to help young people plan their transition to living independently. The app provides a structured, step-by-step roadmap that includes financial guidance, life skills, and essential precautions for a successful move",,07bc8584-d5a4-4405-96a7-eacae9ccea4f,,Likely Supportable,green,40,,,
69d419f16a7316e6c0989263,https://hellofriendproject.base44.app,Hello Friend Project,,"The project has evolved into a comprehensive ""Video Postcard"" system featuring a dual-interface approach: a facility-facing portal for managing card requests and video mailboxes, and a volunteer-facing dashboard for content creation and management. Key entities include `VideoPostcard`, `VideoMailbox",,1bdac796-d9f3-4e22-908f-126f3c18eda1,,Likely Supportable,green,40,,,
69d417bab89ef7333317d27d,https://capital-path-boost.base44.app,CapitalPath,,,,8155b067-6623-45bf-946b-ad2f50f4dc93,,Likely Supportable,green,40,,,
69d41df210dbdc678abef47c,https://curvy-serenity-flow-spa.base44.app,Serenity Flow,,"The ""Silvana Spa"" project is a booking and management application built on Base44. The system includes core `SpaService` and `Booking` entities, with an admin panel recently implemented to allow owners to track and manage reservations. The application supports both English and Spanish, with recent u",,62143156-d8ba-4480-8e05-267ede810e55,,Likely Supportable,green,40,,,
69d41c0c71f30051c7a80d73,https://merry-space-style.base44.app,MerrySpace,,"The ""Christmas Design App"" has been refined to feature a streamlined, two-concept design generation process. Key structural updates include the addition of a dedicated `Reviews` page linked via a new ""How We Doing"" banner on the homepage and integrated into the `AppLayout` navigation. The app's desi",,29490502-128d-4f2c-ae4f-65d772a806ca,,Likely Supportable,green,40,,,
69d4148d84d15d7c913210cc,https://rainbow-kinetic-form-labs.base44.app,Kinetic Ascension,,"The user is developing ""Kinetic Ascension,"" a high-end, minimalist fitness platform. Recent development has transitioned the application from a program-delivery site into a comprehensive performance tracking ecosystem. Key additions include a `WorkoutLog` for session tracking, a `Nutrition` module f",,ac6c42e4-f6a9-4891-a409-479b6b955954,,Likely Supportable,green,40,,,
69d4030ef9fe49d28f5217bb,https://canvashake-street-gear.base44.app,Canvashake,,"The user has extended the graffiti supply store project by implementing a functional checkout flow. Key technical additions include integrating Base44 (Wix) Payments to support credit card and PayPal transactions, which involved creating a backend function (`create-checkout.js`) to interface with th",,21ab3661-7d70-4695-82de-7d01c6075241,,Likely Supportable,green,40,,,
69d415ea9155fc574bdbc602,https://spectre-shield-intel.base44.app,Spectre DI,,"The Spectre DI landing page UI has been finalized and verified for responsive integrity, with all previous rendering and spacing issues in the Hero and ""How It Works"" sections resolved. Visual confirmation through automated screenshots confirmed that text clipping and layout overlaps are no longer p",,ba1b94da-e45b-49cc-8973-d5e35798ed07,,Likely Supportable,green,40,,,
69d40fe4751936d546e5659f,https://therapeutic-bazaar-pulse-deals.base44.app,BazaarPulse,,,,bdfc6a44-c05c-4976-8789-d0693ac33585,,Likely Supportable,green,40,,,
69c2fe04cfacdd458de5ff2a,https://precision-pitch-pro.base44.app,Precision Training Academy,,"The ""Precision Training Academy"" booking application has been further refined to enhance user communication and instructor branding. The confirmation email template located in `ThankYou.jsx` was updated to include comprehensive session details, specific location and arrival instructions, and officia",,7b99253a-46c6-4b07-9691-f967c2eb668f,,Likely Supportable,green,40,,,
69b40e34aab37d1cab48b9db,https://crxflow.base44.app,CrxGrabber,,"The user is integrating ""Base44 Payments"" (Wix Payments) into their application. Initially, they faced a 402 error, which was traced back to an issue with their Wix API credentials. The assistant guided the user through setting the `WIX_PAYMENTS_API_KEY` and `WIX_PAYMENTS_SITE_ID` environment variab",,be60ec1b-7be1-4e13-8a84-b32e41a43ada,,Likely Supportable,green,40,,,
69d405fa1e833fe0ece5ee24,https://elite-orbit-club.base44.app,EliteOrbit,,"The project continues to mature as a high-end marketplace for celebrity bookings. Recent developments focused on enhancing the user experience for prospective members by implementing a robust multi-step application form on the `/apply` page. This form now features real-time, inline validation for al",,a3101eed-3e71-47c7-88b1-43a55d281822,,Restricted — Review,orange,70,Marketplaces and Aggregators,Marketplace / Multi-Vendor Platform,['marketplace']
69c2e99f8480d23616643547,https://inquisitive-card-pulse-flow.base44.app,CardPulse,,"The user is building a virtual wallet web application that manages account balances, card details, and transaction history. The application uses two primary entities: `Wallet` (storing balance, card number, holder name, expiry, CVV, and SSN) and `Transaction` (logging fiscal activity). Key UI featur",,71c79d4a-cb17-49b4-b664-3417ffcad15d,,Not Enabled for Wix,orange,90,Cryptocurrency Products and Services,Trade / Exchange / Wallets,"['virtual wallet', 'wallet']"
69d40bd76b33a032859940b9,https://sweet-tempo-life-sync.base44.app,Tempo,,"The AI Life Admin Assistant is a productivity platform designed to manage tasks, emails, and schedules through AI-driven automation. The application features a comprehensive dashboard with status cards for tasks, email processing, and schedule management, all built with a clean, premium-focused aest",,709cfa9a-343b-4d0e-81f0-53cc9dfefcda,,Likely Supportable,green,40,,,
69d400dbce541c8b75f1ad9e,https://verbex-battle-arena.base44.app,Verbex,,"Verbex is a competitive, gamified language learning application where users engage in 1v1 PvP battles. The app features a core loop of real-time timed challenges, where performance (accuracy and speed) dictates damage dealt to the opponent's HP. Key systems include a ranked ladder (Bronze to Diamond",,e134662d-a745-4422-8bcf-bb029d232868,,Likely Supportable,green,40,,,
69d4072258e5c9edae4461dc,https://kc-shine-lab.base44.app,KC Detail Lab,,"The ""KC Detail Lab"" platform has undergone several refinements to its scheduling and frontend stability. Key updates include the configuration of weekend booking slots to a 10 AM–6 PM, 2-hour interval schedule in `lib/pricing.js`, and a fix for a timezone-related date-shifting bug in `DateTimeStep.j",,30817e3b-fc4c-4083-a3d4-210f96d1b9dd,,Likely Supportable,green,40,,,
69c6f290d1f7543abfff427c,https://expweddings.base44.app,ExpWed,,"The wedding management platform was expanded with a full photo gallery feature, including a `Photo` entity with album categorization (e.g., 'Engagement', 'Ceremony'). This functionality includes a public-facing `GalleryPage` with masonry grid layouts, filtered album viewing, and a keyboard-navigable",,da3273e2-812a-4a6a-bbd5-46d5649a8641,,Likely Supportable,green,40,,,
69d40047304119477ef65e29,https://table-mate-7ef65e29.base44.app,TableMate,,,,4f15d658-3d7f-423d-9ef3-dd554b9d5c99,,Likely Supportable,green,40,,,
698932b790379066000ebb78,https://cart-iq-scan.base44.app,CartIQ,,"The project focuses on optimizing product image retrieval for the ""CartIQ"" scanning experience. The system utilizes a `scanStore` singleton for state management and implements a tiered fallback strategy in `useProductImage.jsx` to resolve issues with abbreviated product names. This strategy currentl",,6a89af41-01c1-4e59-857c-b26152af387f,,Likely Supportable,green,40,,,
69d3dc83cf27e8dee2a7cd77,https://fine-skill-play-win.base44.app,SkillPot,,"The ""Primal Reels"" project has transitioned into its final refinement phase, focusing on UI/UX modernization and audio production. The core UI in `BetPanel` has been updated to remove the diamond-themed button, replacing it with a modern, motion-based component using `framer-motion` that features a ",,8e675566-cf9e-477b-95e4-da0365a010f7,,Likely Supportable,green,40,,,
69cf24c936b67b7377d4735e,https://the-launchpad.base44.app,The Launchpad,,The project has undergone a significant pivot to focus on an exclusive membership model for MD-corporations. All public-facing pricing plans and the associated Wix Payments integration have been removed. The application now enforces membership by verifying user emails against a new `MdMember` entity,,bf9394b9-48f6-49aa-bf14-4bcd93af91b8,,Likely Supportable,green,40,,,
69d3fc622e54b4d86849fd89,https://keen-tactical-fit-core.base44.app,Tactical Force,,"The user is building ""TacFit,"" a tactical fitness tracking application that utilizes Base44 Payments for a donation-based access model. The platform is gated, requiring users to have a `has_lifetime_access` status (managed via the `User` entity) to bypass the `Pricing` page and access the applicatio",,ac78a8b6-4b85-47fa-8938-d1bea8241c8b,,Likely Supportable,green,40,,,
69d132836077ee1e918d3807,https://rent-flow-core.base44.app,RentFlow,,"The user is managing the ""Crystal Coast Beachside"" rental portal and recently attempted to transition from a Booqable-based checkout flow to a custom ""Base44 Payments"" (Wix) integration. This transition encountered functional issues, specifically: data discrepancies in the product list, order status",,b80d6ff1-b821-4742-b604-76d777e3f536,,Likely Supportable,green,40,,,
69d40100aca5d01570d99008,https://soft-aura-goods-flow.base44.app,AuraGoods,,"The user has successfully established a high-end e-commerce landing page on the Base44 platform. The project includes a full-screen video hero section, product and service catalogs managed through Base44 entities, a dedicated shopping cart drawer, and a comprehensive policy section covering shipping",,b26cf1c3-dac8-4376-a86f-778554ad3d0b,,Likely Supportable,green,40,,,
69a8c027460ffb593d92ce24,https://flappy-cat-3d92ce24.base44.app,Flappy Cat,,"The project centers on the `FlappyCat` game, which features a 5,000-level progression system and an integrated CRM module. The CRM includes a custom `Contact` entity, a dedicated dashboard, and now utilizes an OAuth-authenticated HubSpot integration to automatically sync new game signups as leads.

",,78df2149-0dbf-4a80-a466-6b0c968cd313,,Likely Supportable,green,40,,,
69d3ef14f404f99cbbd7e5ed,https://skilled-clear-choice-path.base44.app,Clarity Path,,"The user is building **""Decido""**, a structured decision-support platform designed to help adults navigate complex life choices by balancing logic and emotion. The core feature set includes a multi-step ""Decision Wizard"" that guides users through defining a problem, identifying options, setting crit",,5c14c09a-3c83-4d67-86be-c6e82f008b93,,Likely Supportable,green,40,,,
69d3f2b82c7db98562a8a93c,https://keen-play-pulse-go.base44.app,ArcadePulse,,"The user is building a ""Cosmic Clicker"" game on the Base44 platform. The core mechanics involve a primary interaction orb that grants currency, a statistics panel for tracking progress, and an upgrade system that allows players to increase their click efficiency and unlock passive income. The projec",,6d0d1a39-2a6d-4c4c-947e-8324ec52f8b6,,Likely Supportable,green,40,,,
69d168f17a89c305c1018082,https://elite-pulse-wave-radio.base44.app,PulseWave,,"The user is enhancing the PulseWave mobile application with a focus on improving navigation and UI components for mobile compatibility. The core objective is to create a more native mobile-like experience while preserving desktop functionality.

Key developments include the implementation of a view-",,72353991-e313-49e3-bce2-e05100b49f45,,Likely Supportable,green,40,,,
69d2505f150c215a2563426e,https://muscular-smart-deal-flow.base44.app,DealFlow ROI,,"DealFlow ROI is a mobile-first real estate investment analysis platform built to help users evaluate rental properties and creative finance deals. The application features a comprehensive **Deal Analyzer** with automated calculations (Cash Flow, Cash-on-Cash, Cap Rate, MAO, and Flip Profit), a **Dea",,e11f55f6-e933-44b1-9ca4-255b3ffeadba,,Likely Supportable,green,40,,,
69d3ea3a79069a9cddf1004a,https://lovely-shine-track-pro.base44.app,Stainless Detailz Manager,,,,839b8cf7-ee4f-4263-880b-afc8087c8b25,,Likely Supportable,green,40,,,
69d3e91345fe772494543967,https://apex-aim-academy.base44.app,ApexCoach Pro,,,,ac972613-6d3b-49a2-a872-d15111b8e746,,Likely Supportable,green,40,,,
69891d7fb6f0ef6a6d5ab30e,https://spooky-block-blast.base44.app,Spooky Blocks,,"The ""Spooky Blocks"" puzzle game project has successfully implemented a full monetization flow. Key technical additions include a backend `create-checkout` function that integrates with Wix Payments to generate checkout sessions for individual world unlocks ($0.99) and an ""All Worlds Bundle"" ($2.99).",,40611961-eb9d-48cf-af87-d26a887eb1fb,,Likely Supportable,green,40,,,
69c1750018869657c2460223,https://paw-pup.base44.app,Paw-Up NYC,,"The ""Paw-Pup"" project has implemented a donation system using Base44 Payments. Key technical progress includes the deployment of a `create-checkout` backend function that interfaces with the Wix Payments API, and the refinement of the `DonationSection` component to utilize `base44.functions.invoke`.",,21f39545-7b7f-4904-84f7-a9647c4f3e83,,Likely Supportable,green,40,,,
69d3e05c48fc9048f34aa927,https://paw-parent-pal.base44.app,PawParent,,"The user is developing ""PawParent,"" a pet management application built with React, Tailwind CSS, and the Base44 platform. The app facilitates comprehensive pet care, including health records, activity logging, photo storage, and a collaborative calendar for scheduling events among household members.",,8680d136-aebd-41a3-b422-0bd0c5e22e5b,,Likely Supportable,green,40,,,
69d3dd90bfb88f14f3956b6b,https://smart-amorphous-study-flow.base44.app,Academia AI,,"The user is building an AI-powered Homework Organizer designed to track academic assignments, generate smart study schedules, and automatically create quizzes from study notes. The platform leverages a deep indigo and warm-toned academic UI theme for a focused user experience.

Key project setup inc",,3cf370fd-2a14-4e16-9467-e68e25615cb9,,Likely Supportable,green,40,,,
69d3db3b6d8e7b71bdacdc89,https://bone-fresh-bites.base44.app,Off The Bone,,"The user is continuing the development of the ""Off The Bone BBQ"" ordering app. Recent UI refinements included replacing the placeholder logo in the `Header` and the `Home` page hero section with a specific brand image. To support administrative management, an `inviteAdmin` backend function was imple",,77c6a24f-3d43-42d4-a739-b74f5e8aba8e,,Likely Supportable,green,40,,,
69d3d87fd5b551a203a2ed33,https://price-drop-map.base44.app,PriceDrop,,"The ""Drop"" deal-discovery application has transitioned to a revenue-generating model using a 60% markup share, supported by a centralized `calcFinalPrice` helper. Recent UI/UX refinements have focused on cleaning up the header navigation and improving the detail density of search results.

Key updat",,bb5e3bf9-181d-4f99-960a-5435da9e03be,,Likely Supportable,green,40,,,
69d3d5254025deafc5b78b01,https://deft-safe-dose-sync.base44.app,MedSync,,"MedSync is a real-time medication management platform designed for families to coordinate care. The application enables users to create ""Family Circles,"" add child profiles, and manage medication schedules. Key features include a shared dose history, color-coded medication tracking, and real-time sy",,6d34799a-b272-4305-8b18-19f97ef0881c,,Likely Supportable,green,40,,,
69d3d62fec6cfb3315c3b654,https://slide-sense-chat.base44.app,aimbot ai,,"The user is building an AI-powered Q&A web application centered around the ""A.I.M. Bot"" Team 73429A engineering notebook, utilizing Base44 components and an LLM for context-aware responses. The application features a modern chat interface with custom components for input, typing indicators, and sugg",,91954361-78f6-43cd-bab5-f1938c3cb8bb,,Likely Supportable,green,40,,,
69d3d64bde115aa7212b07cd,https://sanctum-spirit-sync.base44.app,Sanctum,,,,acda98e3-5f33-4f56-afa5-47b9043d9fe5,,Likely Supportable,green,40,,,
69d3d6a621b2439c1f36a051,https://devious-smart-profit-path.base44.app,ProfitPilot,,,,714820fb-8246-42ab-aa4f-1b27df509fa5,,Likely Supportable,green,40,,,
69d3d28f124f0b7149146848,https://viva-local-pulse.base44.app,ViveMexicana,,"The project ""Vive Mexicana"" continues to evolve as a directory application for Mexican lifestyle and community. Recent efforts have focused on refining the platform's visual identity, specifically by updating the `HeroSection` to create a more immersive and welcoming entry experience.

Key changes i",,e85ff9d2-e3f7-4272-8512-6537625ac419,,Likely Supportable,green,40,,,
69d3d3516696560765c5f039,https://local-spot-scout.base44.app,LocalFinds,,"The ""LocalFinds"" platform has been enhanced with mandatory legal disclosures and standardized navigation. A new `Footer.jsx` component was implemented to display age confirmation and acceptance of the platform's Terms of Service and Terms of Use. Dedicated pages for these legal documents were create",,482c5fde-a547-49b4-baee-ca5cdfd7944d,,Likely Supportable,green,40,,,
69d185f4317997619ce3c40f,https://jarvis-app-copy-9ce3c40f.base44.app,Jarvis CRM Agent,,"The project is a CRM web application built on Base44 featuring contact management, email automation, and integrated calendar scheduling. Recent development has focused on enhancing data organization by importing targeted contact lists from external sources and surfacing these segments directly withi",,c9c66175-8d32-4997-a9b7-8a7db4dc301b,,Likely Supportable,green,40,,,
69991a210a9d3d12afd2b612,https://brain-rot-dictionary-afd2b612.base44.app,Brain Rot Dictionary,,"The ""MerchManager"" project, a community-driven ""Brain Rot"" dictionary, has finalized its payment and subscription infrastructure. Key features include a real-time visitor presence system utilizing the `UserPresence` entity and a `useOnlineCount` hook, which has been updated to deduplicate user entri",,964aed2f-a23b-4c09-9a10-9e3da1c34365,,Likely Supportable,green,40,,,
69d26a2fb5743079ad721245,https://accurate-pro-pick-play.base44.app,PickPredict,,"The user is building ""PicksPro,"" a fantasy sports prediction platform modeled after PrizePicks, featuring a dark-themed UI. The platform allows users to navigate through various sports categories, select player stat projections (over/under), build entries, participate in tournaments, and view promot",,8de2fc5d-02e2-448f-8cf3-903022d2e9a4,,Not Supportable,red,70,Gambling and Games of Skill,Virtual Casino / Loot Box / Cash Prize Games,['fantasy sports']
69d3cd374e4e4210b04ed0c9,https://weightless-track-market-pulse.base44.app,MarketPulse AI,,,,910975e2-8a34-431c-85aa-ebc1ef27ab9b,,Likely Supportable,green,40,,,
6962baa0be43dfa6288bba2b,https://authenti-track-288bba2b.base44.app,AuthentiTrack,,"The user is developing an anti-counterfeiting platform for ""Made in USA"" products. Key features include product registration, a manufacturer dashboard, certificate generation, and an AI-driven verification portal. Recent architectural decisions focused on optimizing the UI, specifically resolving bu",,f4a1f62c-c23a-4573-ba69-d3ecc8197c63,,Not Supportable,red,90,Illegal Products and Services,Counterfeit / Fake IDs / Human Trafficking,['counterfeit']
69d3c59fe317e4bc4040367a,https://primitive-gentle-parent-path.base44.app,ParentPal,,"The user is building a parenting chatbot called ""ParentPal"". Initially, the focus was on creating an AI-powered chat interface for parents to ask questions about child-rearing, with a warm and friendly design. The user then requested features to make the AI more adaptive and personalized. This led t",,6c33cfe8-e82c-4f99-a2a8-385dca9d26d3,,Likely Supportable,green,40,,,
69506b78b7dad7e464e701a0,https://roxie.base44.app,Harmony Hub,,"The project has undergone branding and aesthetic refinements to transition the platform into a cohesive ""ArtistHub"" application. Key updates include the generation of a custom, minimalist vinyl record icon, which has been integrated as the application's favicon to establish a distinct visual identit",,783a2967-9724-477a-8fcc-6a21653e3dfb,,Likely Supportable,green,40,,,
69d3bd0ecf57c26bdd46b595,https://monolith-vision-vault.base44.app,Monolith Portfolio,,"The user has been refining the `CartDrawer` component to improve the checkout flow and address layout issues. Initially, the user requested the removal of a toggle-based address display in favor of always-visible address input fields. This required removing the `showAddress2` state logic and restruc",,73ecf14c-dfd7-401a-9633-faca1e716195,,Likely Supportable,green,40,,,
695afad475a838bfb435e222,https://handy-matcher-b435e222.base44.app,HandyMatcher,,"The user is building **HandyMatcher**, a home services marketplace. The project architecture centers around entities such as `ServiceCategory`, `ProviderProfile`, `JobRequest`, `Review`, and `User`, with a UI built using a clean emerald/slate theme. Core functionality covers the end-to-end flow for ",,3874876d-5eae-4e3f-9e2d-85534e04443e,,Restricted — Review,orange,70,Marketplaces and Aggregators,Marketplace / Multi-Vendor Platform,['marketplace']
69d3bb4c4f1749cf702e48d6,https://rivals-unite-hoosiers.base44.app,Rivals Unite,,,,0649d5c2-1354-4e10-975e-2319c736d897,,Likely Supportable,green,40,,,
69d3b8c6bb3872caf78edf7b,https://flickz-elite-sports.base44.app,FY Flickz,,"The photography booking platform has undergone significant modifications to remove integrated payment flows. Following the previous removal of Stripe and the decision to transition to a manual, external payment model, the user has requested the final removal of all ""Pay Now"" buttons from the `Pricin",,603f6c95-7e9c-41b7-9716-2e86a9c17ee5,,Likely Supportable,green,40,,,
69ce8e086bf25b242fbfaa55,https://nest-match-hub.base44.app,Nest,,"The development of the ""Nest"" student housing platform has focused on UI refinement and the implementation of a payment architecture. The user interface was updated to a blue color scheme, and the discovery swipe cards were enhanced to prominently display key profile data, including school, program,",,d3f96044-e8ea-4593-810f-d20b8aa022f5,,Likely Supportable,green,40,,,
69d3a69c1ae3e064a7b447ef,https://swing-earn-link.base44.app,FairwayFund,,"The user has pivoted the **GolfStakes** platform from a transactional, real-money competitive system to a non-monetary, community-focused ranking platform compatible with Garmin R10 and R50 simulators. 

Key changes include:
*   **Removal of Financial Infrastructure:** All payment logic, prize pool ",,bcbe52d6-0a53-4ae6-a846-cfb18c1cfa8d,,Not Supportable,red,60,Gambling and Games of Skill,Games of Skill with Monetary Prizes,['prize pool']
69d39ea00841cb9847b756fa,https://apex-trade-axiomatic-flow.base44.app,ApexTrade,,"The user is developing ""Alfam2dieu,"" a crypto trading platform on Base44 featuring real-time price monitoring, a user-managed watchlist, and portfolio tracking. The project includes a payment-gated trading workflow using ""Base44 Payments"" (Wix Payments), where users pay a $2.01 fee to execute trades",,7ab0b005-e0ee-4a8a-a9ee-49704a97bb89,,Not Enabled for Wix,orange,90,Cryptocurrency Products and Services,Trade / Exchange / Wallets,"['crypto trading', 'crypto']"
69d3a41f276cb57ce4c68d5e,https://adams-wellesley-build.base44.app,Adams Wellesley Construction,,,,029fcd28-f131-44d7-8890-07378f2f5a2f,,Likely Supportable,green,40,,,
69d14b5bf9d419ab7c2d4b64,https://arillm.base44.app,ari.inc+llm,,"The user has developed a local-first application focused on keyword-based text summarization and sentence extraction. Key technical updates include the implementation of an ""Advanced Keyword-Driven Summarizer"" in `utils/summarize.js`, which handles text processing with scoring logic and keyword filt",,dfddf34c-bb94-48a8-be4a-8e7b45be01ec,,Likely Supportable,green,40,,,
69d3861c318b1a465e0c1196,https://stardom-growth-hub.base44.app,Stardom,,"The user has built **Stardom**, a subscription-based social media platform for new businesses featuring video content, live streaming, community donations, and a monthly funding contest ($10k prize). The app utilizes a ""Prime"" membership model and a dark, premium aesthetic with electric purple and g",,ceb93a06-c4d9-4ff5-8406-953702671dc5,,Restricted — Review,orange,25,Fundraising,Standalone Donations / Charity Platform,['donations']
69d219006a987daf10e52fe0,https://neon-spark-match.base44.app,NeonMatch,,"The SparkMatch dating application project has been fully initialized with core functionality including profile discovery, matching, and messaging systems supported by `Profile`, `Match`, and `Message` entities. Recent updates have focused on enhancing user experience and feature parity, including th",,20f36c9b-de5a-4d36-9d2a-1f749d1099c6,,Not Supportable,red,100,"Adult Content, Products, and Services",Dating Apps / Matchmaking / Companionship,"['dating app', 'dating']"
69d37b0c0b343155299af69c,https://daily-oracle-insights.base44.app,The Daily Oracle,,"The user is working on integrating Base44 Payments into ""The Daily Oracle"" application. After encountering ""Network Error"" issues with the `create-checkout` backend function, it was determined that the integration was failing due to missing required environment variables (`WIX_PAYMENTS_API_KEY` and ",,0056e6a6-9b5c-4c3a-bc35-9bdf97e78f99,,Likely Supportable,green,40,,,
69d09c78057ab2356cbf1b34,https://vault-live-cards.base44.app,CardVault XR,,,,f8baf47e-650f-4b90-8598-8e2546f70145,,Likely Supportable,green,40,,,
69d34a51313294071cb4c761,https://slick-1cb4c761.base44.app,Slick,,,,7ec2193d-6f55-43b7-8620-de6119e2f395,,Likely Supportable,green,40,,,
69c403e4da8efc4fda003bbe,https://phi-form-labs.base44.app,PhiForm,,"The user is building a comprehensive typography suite with a focus on geometric principles, particularly the Golden Ratio. The application now features an interactive ""Golden Typeface"" page where users can visualize and download custom fonts. Key developments include the creation of a `GoldenAudio` ",,656b882f-2db8-45f3-9e53-994c87ff2d2d,,Likely Supportable,green,40,,,
69d353ba635abfa7b9c6b913,https://horizon-tune-flow.base44.app,HorizonTuner,,,,606711b1-39da-4e3e-9e56-133f2ec97d6e,,Likely Supportable,green,40,,,
69d2f7de11a20df55f7ab258,https://glaring-swift-cash-flow.base44.app,SwiftCash,,"The user is developing a ""Check Cashing"" application on the Base44 platform, featuring dashboard metrics, a check submission module with automated fee calculations, and a customer management system. The application utilizes a professional financial aesthetic, core `Check` and `Customer` entities, an",,717bad44-6043-4e5b-96cd-c56a8703e07a,,Likely Supportable,green,40,,,
69d33d94a3198a5d1b4395b8,https://massive-blox-market-hub.base44.app,BlockMarket,,"The user is building ""RoboMarket,"" a Roblox asset marketplace. The platform allows users to post assets (with price, file downloads, and category), manage a like/dislike ratio system for each post, and maintain customizable user profiles with avatars, bios, and banner colors.

Key functional impleme",,78cabf61-eba1-4845-9989-aa71077a37a4,,Restricted — Review,orange,70,Marketplaces and Aggregators,Marketplace / Multi-Vendor Platform,['marketplace']
69d3409c5f2b8e61a7ae05af,https://hampton-sports-sync.base44.app,Hampton Sports Network,,,,a400f61a-4b24-4278-9c2d-9f802d61d498,,Likely Supportable,green,40,,,
69d33eb8bb1e092c87438ad1,https://pure-soap-arc.base44.app,Saponified Alchemy,,"The user is building an artisanal e-commerce website for ""Misfit Farm's Soap Shop,"" utilizing an ""Elemental Tactility"" design aesthetic with a dark, immersive color palette and macro product photography. Key components include a product gallery, detailed product pages, a cart overlay, and an About p",,34411632-9812-4217-b6cd-214abeb78495,,Likely Supportable,green,40,,,
69d33517f251405cb28452ec,https://lucky-noodle-tycoon.base44.app,Lucky Noodle Empire,,"The ""Lucky Noodle Empire"" project has evolved into a feature-rich, high-scale idle game. Key structural changes include the implementation of a 15-world progression system (starting at 1 million coins), a rebirth mechanic transitioned from lifetime earnings to total click counts, and an auto-save fr",,4ac89c4f-1bf9-4f56-8b30-0116b781a13e,,Likely Supportable,green,40,,,
69d336748e2a0a89a449baf6,https://clackamastackle.base44.app,HookLine,,"The user is building ""CastAway,"" a premium fishing e-commerce website. The project utilizes the Base44 platform to handle data persistence through `Product` and `CartItem` entities and leverages a custom Tailwind CSS configuration for a professional aesthetic using a deep ocean blue and sandy accent",,480ca7d8-be13-4b51-b0b6-4acdf77d2091,,Likely Supportable,green,40,,,
69d2ad5e23535e9b00aacf76,https://beat-share-flow.base44.app,BEAT Depot,,"The ""SoundDrop"" project, now transitioning into the ""beat-depot"" brand, has evolved into a feature-rich collaborative audio-editing platform. The recent development cycle focused on stabilizing the `AudioEditor` UI and enhancing brand identity. Following the implementation of `Presence` and `ChatMes",,d48bd704-99ef-46bc-b404-cbf980fd7c1b,,Likely Supportable,green,40,,,
69b6167f75d1fe2475ee7c44,https://see-form-fit.base44.app,FormaVision,,,,7a919d53-c9dc-4e20-95f2-d8af6524ec37,,Likely Supportable,green,40,,,
69d32b92e9547c0f50356bea,https://festive-aurum-wealth-path.base44.app,Aurum Wealth,,"The ""Wealth Builders Hub"" project has finalized its core subscription and access control infrastructure. The platform now utilizes the `PlanGate` component with comprehensive prop-based validation (`userPlan`, `userStatus`, `userCreatedDate`, `userRole`) to manage access to premium and VIP content a",,258997e3-8b85-4488-9329-b14b0c3c8162,,Likely Supportable,green,40,,,
69d32814a58632a6c642b0df,https://find-sonic-trails.base44.app,BeatSeeker,,"The development of ""SoundDrop"" has expanded to include a functional ""Artist Studio"" where artists can pay a $1.99/month subscription fee to manage and place music drops on the map. This feature is integrated with Wix Payments, utilizing a newly created `create-checkout` backend function to handle su",,bb05bb9a-6401-45a0-9ff1-c99a2361e95b,,Likely Supportable,green,40,,,
69d310babccd8f80f6d27fde,https://brick-bazaar-hub.base44.app,Brick sell,,"The user is building **BrickMarket**, a mobile-first marketplace application for buying and selling built LEGO sets. The project is structured around a central `Listing` entity, with core features including a browse-by-category feed, detailed product views, a persistent local storage shopping cart, ",,3d95b5f0-7070-498c-9e15-d8f032431339,,Restricted — Review,orange,80,Marketplaces and Aggregators,Marketplace / Multi-Vendor Platform,"['marketplace', 'selling', 'listing']"
69cf0061a3f1db9ca2f57fb2,https://tradematch.base44.app,TradeMatch,,"The project has been significantly enhanced with new employer-centric tooling and improved search functionality. A comprehensive `EmployerDashboard` page was introduced to allow employers to manage their active job listings and view an integrated, status-tracking table of applicants for each positio",,2817c981-17c9-4cf8-acc8-010c284ad260,,Likely Supportable,green,40,,,
69d31a63b632eb955792f20b,https://sparkle-vault-love.base44.app,SparkleVault,,"The user is building a niche social media platform focused on ""feet content"" and ""findomme."" Recent developments have significantly enhanced the application's functionality, particularly in the areas of administration and fan interaction.

Key features and updates include:

*   **Dashboard Enhanceme",,2b7c71ab-c9e6-49a9-8862-09267519f461,,Likely Supportable,green,40,,,
69d318738e2a0a89a449a777,https://freight-pay-sync.base44.app,FreightPay,,"The user is developing a freight delivery invoice payment portal with a dedicated admin management interface. The project utilizes Base44 entities (`Invoice`, `Customer`) to manage logistics data, with the admin portal facilitating invoice creation and customer management. The application provides s",,08fbfd5b-bf86-44c7-9692-a868fd78b2fe,,Likely Supportable,green,40,,,
69d31518ea3d02a6c68b9d79,https://chronovault-app.base44.app,ChronosVault,,"The ChronoStaq platform is evolving from basic brand-based market tracking to a more granular system. The `MarketPriceSample` entity was updated to include `model` and `year` fields, and the `MarketPriceCheck` component was refactored to filter pricing data using this combined criteria rather than r",,cbbc43e2-1c60-4fbe-80c2-8430c968262c,,Likely Supportable,green,40,,,
69d2fc6db78d05ee11160479,https://calm-path-mind.base44.app,NeuroCalm,,"The ""NeuroCalm"" application development continues to focus on refining the audio library within `lib/sessionData.js`. The project has now integrated the latest audio asset for the ""Clear the Mental Desk"" therapeutic exercise, ensuring the session registry points to the correct URL.

The development ",,18512f88-00de-4344-8762-cf430759648d,,Likely Supportable,green,40,,,
69d1acbd77c6a97dfbaa73b4,https://unnatural-spin-luck-vault.base44.app,SpinWin,,"The ""Wraphle"" application has been enhanced with a new `MyAccount` page, providing users with a dedicated dashboard to track their engagement. This page features a real-time token balance display, a history of past raffle entries, and a status tracker for pending payment transactions, utilizing `luc",,9dcbbcb1-9c57-4084-9171-c500e72340ec,,Likely Not Supportable — Review,red,30,Gambling and Games of Skill,Lottery / Raffle / Giveaway with Purchase,['raffle']
69d0885d4a6d38f9498046f0,https://warping-arena-bet-pro.base44.app,ArenaBet,,"The **ArenaBet** platform has significantly expanded its competitive infrastructure with the introduction of real-time communication and community-driven reputation management. Key developments include:

*   **Matchmaking & Social Features:** A new `MatchmakingQueue` entity and `MatchmakingPanel` co",,880d90ab-a027-4669-a6ba-07c8e5929636,,Not Supportable,red,70,"Adult Content, Products, and Services",Dating Apps / Matchmaking / Companionship,['matchmaking']
69bd993a8b3adb55ec5bd2e5,https://holms-jam-lab.base44.app,HOLMS STUDIO JAMS,,"The user has significantly expanded the ""HOLMS STUDIO JAMS"" platform, evolving it from a functional creative suite into a visually immersive production environment. Key enhancements focus on advanced multimedia feedback and a more dynamic user interface.

Major additions include:
*   **Immersive Vis",,7604cf73-3277-4a65-93a9-43b3275b87be,,Likely Supportable,green,40,,,
69cab861aed98f33a7570c0d,https://aunisconecta.base44.app,Aunis Conecta,,"The ""Aunis Conecta"" project underwent a transition to implement production-grade backend functions for Wix payment processing and real-time email notifications. Technical infrastructure was established using the Deno runtime, with specialized entry files created for `create-checkout`, `wix-payments-",,5e5d817d-0369-4c76-945c-f02739172f21,,Likely Supportable,green,40,,,
69d2eebd7c58319f0f8b31e6,https://wildacresfarmsllc.base44.app,WildAcresFarmsLLC,,"The user is initiating the development of an e-commerce platform specifically designed for selling 3D-printed products. The application will feature a categorized storefront where users can organize items into distinct sections or ""areas"" based on product types or collections.

The project is in its",,cf69dcbd-b4f4-4db9-ac91-57a0dd653524,,Likely Supportable,green,40,,,
69d2e541989c58313ea792a8,https://liberal-vaultly-secure-space.base44.app,Vaultly,,"The ""VaultBox"" project continues to focus on refining the user experience for the `FilePreviewModal`. The core issue remains ensuring that navigation controls (swipe gestures and keyboard arrow keys) function reliably, even when native media players or full-screen overlays might intercept touch or k",,cdb079cb-1650-4b76-be62-f7c4b41d60ba,,Likely Supportable,green,40,,,
69d300980273c341ed0a8308,https://precise-link-vault-pro.base44.app,LinkVault,,"The user is building a comprehensive digital product storefront inspired by ""EliSellz Supply"" aesthetics, focusing on purchasing vendor links, maintaining purchase history, and managing reviews. Key entities established include `Product`, `Purchase`, `Review`, `Wishlist`, `Coupon`, and `Category`. T",,50d9a825-a657-4fed-932a-af0f5abfecf4,,Not Supportable,red,50,Illegal Products and Services,Counterfeit / Fake IDs / Human Trafficking,['inspired by']
69d08626218aebcc22805b48,https://terra-flow-core.base44.app,FinWise,,"The FinWise application has been fully transformed into a private, user-authenticated financial planning platform with integrated data isolation. The project utilizes a local username/password system, ensuring that income, expense, and savings data are persisted securely per user account. The core e",,a5d35ed2-a88c-4da3-ae72-0bcde58cda71,,Restricted — Review,orange,25,Financial Services,Financial Consulting / Advisory,['financial planning']
69cb282e7681b92cf7f0d68a,https://ironwhiskerrods.base44.app,Ironwhisker,,"The ""Ironwhisker Rods"" project has established a robust e-commerce storefront with features including real-time stock quantity alerts, a related products recommendation engine, and a side-by-side rod comparison interface. Navigation has been updated to include a direct link to the comparison tool, a",,0af21684-6fc2-462e-8700-6be6401c1181,,Likely Supportable,green,40,,,
69d2eb90ba844f048c4f94ca,https://bank-listing-blueprint.base44.app,REO Listing Pro,,,,303ff446-573c-47d6-bda7-3cbff7ac0d85,,Likely Supportable,green,40,,,
69d2c2c5d37e1ac7c50f4453,https://chase-perfect-cards.base44.app,Chasing Perfection,,"The project ""Chasing Perfection,"" a sports card e-commerce site, has undergone several UI and functional refinements. The site's branding was updated in the navbar with a circular logo, and the hero section was redesigned with a high-contrast black and gold aesthetic to match the user's ""cool"" desig",,ed602bae-0076-40ff-9b8d-2aea333f9cd5,,Likely Supportable,green,40,,,
69cfe47f2606bd6024145e5d,https://star-vault-24145e5d.base44.app,StarVault,,"The project is a celebrity membership directory that uses Base44 to manage celebrity profiles and user membership applications. The directory features a dark-themed UI, global region filtering, and tiered membership visual indicators (Gold, Platinum, VIP) for celebrities. A significant volume of div",,4432b801-3626-445e-94dc-4f56bbdb2779,,Likely Supportable,green,40,,,
69cedfccf8e57a5303ad70f3,https://move-well-buddy.base44.app,PT-Connect,,"The user is building a ""Physical Therapy Buddy Finder"" application, a platform focused on community support, exercise tracking, and a gamified wellness system. Key features include a messaging system, virtual session scheduling, and a dashboard for monitoring wellness progress.

The project recently",,1c6e25aa-3177-40bc-a174-f32e6355e721,,Likely Supportable,green,40,,,
69d2e603df16c198a37e7257,https://forge-furry-fit-flow.base44.app,ForgeFit,,"The project, **""MamaBloom,""** is a specialized postpartum fitness platform. Following a complete rebranding to a warm, rose-themed aesthetic, the focus has shifted to implementing a light color palette (white, baby pink, and gold) and integrating a tiered subscription model using Base44 Payments.

K",,56b2aabf-eb9f-469a-b414-17df7ae7ea01,,Likely Supportable,green,40,,,
69d2d7852086e9e3edaef642,https://grace-round-gives.base44.app,GraceRound,,"The user is building ""Savior Change,"" a micro-donation platform designed to roundup user transactions and donate the spare change to selected churches. The application branding has been refined, and the user is currently focused on the feasibility of automating the roundup and payout process.

Key d",,f0866abd-61b8-42ba-af98-9a4dda409e0f,,Restricted — Review,orange,50,Fundraising,Standalone Donations / Charity Platform,['donation platform']
69d2d8f2ad9677551e10230e,https://ascend-path-pulse.base44.app,Ascend,,"The user is building ""Stride,"" a goal-tracking and financial management platform. The platform has been significantly enhanced for mobile readiness and improved UX. Key UI/UX updates include the implementation of a `BottomTabNav` and `MobileHeader` with safe-area support, adoption of `next-themes` f",,e21c1fa2-cd39-4f93-9076-fe8e357ecc44,,Not Enabled for Wix,orange,70,Financial Services,Digital Banking / Money Services / P2P Payments,['financial management']
69d2d34c7c7e517cbc0531eb,https://belligerent-neon-strike-play.base44.app,NeonStrike,,,,1b3324b0-b683-4da4-9b5b-0e9f66694f02,,Likely Supportable,green,40,,,
69822af283de0065d20afaa3,https://leaky-symphony-book.base44.app,"A Beautiful, Chaotic, Leaky Symphony",,"The application is currently undergoing a diagnostic review to resolve a ""blue screen"" rendering issue that occurs when a user interacts with product items. The project is primarily focused on implementing Base44 Payments (Wix Payments) to replace the legacy Stripe integration, with the backend logi",,374d55a9-5817-4562-852e-1af204c69bd1,,Likely Supportable,green,40,,,
69d2c1a3f8a00c3b6ec6b07b,https://level-up-speed.base44.app,NextLevel Speed,,"The user has implemented a sport-selection feature for the ""NextLevel Speed"" app, allowing users to choose their sport (e.g., Football, Basketball) upon first launch. This selection is stored in the `User` entity, and the app now uses a `useSport` hook to fetch sport-specific data. The `WorkoutDetai",,113a358a-8d4d-4775-b42f-034c4d0ef5ed,,Likely Supportable,green,40,,,
69d2b99f39d77070617d4ef0,https://snobbish-luminous-anchor-life.base44.app,Luminous Anchor,,"The user is building ""Soul Alignment,"" a course platform integrated with Base44 Payments (Wix). The project has evolved from a simple enrollment flow to a comprehensive educational experience. Key technical implementations include securing payment checkout sessions, configuring RLS-protected private",,066b1e62-bb32-4a63-8e1b-75a0662cb200,,Likely Supportable,green,40,,,
69d2c338ea3d02a6c68b91a0,https://accomplished-win-luxe-draw.base44.app,LuxeRaffle,,,,aab55938-1b7f-43fd-809c-f19f31b9097a,,Likely Supportable,green,40,,,
69d2bf82f251405cb2841dea,https://vague-local-task-link.base44.app,NeighborTask,,"The user is finalizing the ""TaskHive"" application, specifically focusing on packaging it as a Safari Web Extension. The primary technical hurdle addressed was the requirement for locally hosted binary assets (PNG icons) for the application manifest, which the platform does not support via direct upl",,7d0ff098-f104-49b4-a5aa-2a4cb0afcff7,,Likely Supportable,green,40,,,
69ce56e80758a42ea3b7bc63,https://adorable-guardia-home-shield.base44.app,Guardia,,"The project ""NetGuard Family Shield"" has established a robust parental control system featuring a `FocusBlock` entity and a comprehensive scheduling module. Building on this infrastructure, the project has integrated Base44 Payments (via Wix Payments) to support a subscription-based model. This incl",,6dcbf7e7-b809-4bd8-a26d-4d818a3164d8,,Likely Supportable,green,40,,,
69d2afb2a641755158dfa682,https://statuesque-echo-sphere-link.base44.app,EchoSphere,,"The ""Novelty"" platform continues its development with a focus on stream management and content refinement. Following previous efforts to ensure user profile pictures are correctly rendered in the `PostComposer` and `PostItem` components, the project has moved into cleaning up specific data entries. ",,18802c03-58e6-4bb6-a527-388f6f57ee57,,Likely Supportable,green,40,,,
69d294e2e66423b4736c7c3f,https://little-terra-link-trade.base44.app,TerraLink,,The user has finalized the integration of the monetization layer into the Jiji-style marketplace. Key structural updates include wrapping the `CreateListing` component with the `PostingQuotaGate` to enforce the 3-listing free tier and redirecting users to the payment flow once their quota is exhaust,,6d747785-28e3-4778-95b3-72e1ef0bea23,,Restricted — Review,orange,75,Marketplaces and Aggregators,Marketplace / Multi-Vendor Platform,"['marketplace', 'listing']"
69d28a96cfb1142f1bc9c8e3,https://find-st-pete.base44.app,Wayfinder,,"The ""City OS"" project for St. Petersburg continues to iterate on its core event-driven interface. Visual updates were made to the `HeroSection` component, incorporating a user-provided image of the city's waterfront pier to better reflect the local identity.

Regarding functionality, the application",,5c86a425-6797-4f90-b569-61a794b869a9,,Likely Supportable,green,40,,,
69cf0e0d6d65304465076c8c,https://pure-poop-scan.base44.app,Real Poop,,"The ""RealPoop"" platform has undergone navigation and layout structural updates to improve consistency and user experience. To resolve issues where the ""Wipeless"" (Leaderboard) page appeared inconsistently or caused the navigation menu to vanish, the `Leaderboard` page was officially integrated into ",,205b4071-d2b7-46a7-9a61-1fa0fbba7954,,Likely Supportable,green,40,,,
69d10b1d43dca5ac276db3a4,https://brainrot-cinema-go.base44.app,BrainRot Arena,,"The project, ""BrainRot Generator"" (formerly ""BrainRot Arena""), has successfully resolved its AdMob configuration issues, ensuring that the `REACT_APP_ADMOB_CLIENT_ID` and `REACT_APP_ADMOB_AD_SLOT` environment variables are correctly implemented for ad delivery. The app branding was updated from ""Are",,1d6ed2d1-5f45-4e5d-a451-fb9ce8049892,,Likely Supportable,green,40,,,
69d1ccd1ee346d4efaa567ca,https://fire-hub-elite.base44.app,FireHub Elite,,"The user is developing ""Free Fire Hub Ultra,"" a gaming community web application initially built with a dark, fire-themed design to track rankings, events, and player statistics using Base44 entities. Key features implemented include an interactive leaderboard with XP updates, event management, and ",,4485c3ec-4047-476b-8d32-f1b057bf31cf,,Likely Supportable,green,40,,,
69c714c2c4808f5eacbe0d5b,https://lodge.base44.app,LODGE,,"The project has shifted focus toward mobile-responsive UI optimizations and refined user interactions. Key updates include the implementation of a full-screen image carousel for property cards and the `PropertyDetail` page, replacing static grids to enhance mobile usability. The layout of `PropertyD",,780669d2-88d9-4d71-8273-1168949d3977,,Likely Supportable,green,40,,,
69d286533ab31d96288e7ba3,https://my-flipfinder.base44.app,FlipFinder,,"The project, **Flip Finder**, is a property investment platform utilizing `Property` and `SavedDeal` entities. Recent development has focused on implementing a premium subscription model using Base44 Payments (Wix Payments). This includes a `create-checkout` backend function and an `/upgrade` page d",,e2c61406-583b-4442-9452-daa6cf9df9fc,,Not Enabled for Wix,orange,40,Financial Services,Loans / BNPL / Brokerage / Neobank / P2P,['investment platform']
69d286a04538d9c727b25cad,https://green-thump-help.base44.app,GardenGuard,,"The user is developing **GardenSitter**, a marketplace app on the Base44 platform connecting garden owners with volunteer helpers. The project utilizes a React frontend with Tailwind CSS and Base44's entity-based backend. Recent development has focused on monetizing the service via a ""Base44 Payment",,9b162686-26a8-47c9-b96f-efc28fe4789d,,Restricted — Review,orange,70,Marketplaces and Aggregators,Marketplace / Multi-Vendor Platform,['marketplace']
69d28438f1954b50ce77948b,https://defiant-fix-pro-flow.base44.app,FixItPro,,,,c1b1e2df-3df6-4167-b7c7-bdb97aa84d84,,Likely Supportable,green,40,,,
69d24587312c3daa7e2abd12,https://interesting-hire-smart-sync.base44.app,TalentIQ Suite,,"The user has built an ""AI Hiring & Talent Intelligence Suite,"" an enterprise-grade platform designed to evaluate job candidates through six specialized AI modules: Resume Analysis, Fit Scoring, Interview Generation, Cultural Fit Assessment, Red Flag Detection, and Final Decision Support. The system ",,4f2e3248-dd3b-42a6-bdb6-fa993a6d5ace,,Likely Supportable,green,40,,,
69d15319f6e0ffb5ff583fe5,https://primal-apex-wear.base44.app,MEGALITH,,"The user has significantly expanded the **MEGALITH** product catalog by adding 21 new items across 8 new categories: shorts, caps, socks, enamel pins, tote bags, phone cases, keychains, patches, poster prints, notebooks, and water bottles. The `Collection` page and `Product` entity schema were updat",,ea6768a6-0804-44cd-ac02-87df33bde093,,Likely Supportable,green,40,,,
69d14bbb69ff6882337ab57a,https://zero-trace-shield.base44.app,ZeroTrace Security,,"The ""ZeroTrace Security"" project has previously integrated the Resend API for notifications and is awaiting domain verification for production email. The project also began implementing an AI support assistant by auditing existing components.

The focus has now shifted to enhancing the user experien",,5905720e-a3cf-4a7e-93d9-0e968b8d6c17,,Likely Supportable,green,40,,,
69d274387d8150ec52decca9,https://hunt-fair-deals.base44.app,Bargain Hunt,,"The user is developing ""Bargain Hunter,"" a modern, accountable marketplace app designed to prevent message ghosting by flagging or removing unresponsive users. The platform uses Base44 entities (`Listing`, `Message`) and features a warm, editorial aesthetic with a typography-focused design. Key func",,b9453efe-6b25-4932-9e14-cd470525a27c,,Restricted — Review,orange,75,Marketplaces and Aggregators,Marketplace / Multi-Vendor Platform,"['marketplace', 'listing']"
69d06067dc06f301ae50ee07,https://flex-match-pro.base44.app,FlexiMatch,,"The user is developing a freelance platform with features for job seekers, including profile management and resume uploads. The platform integrates Stripe for subscription management and utilizes a webhook system for handling payment states. Recent work has focused on resolving a `Base44Error` relat",,53bd43cc-ffc4-4ed4-acb7-d427d842b151,,Likely Supportable,green,40,,,
69d2652e5ba73f18e003bea4,https://scale-armory-pro.base44.app,ArmouryScale,,"The project has progressed into a comprehensive e-commerce platform with integrated payment management and administrative controls. Key developments include:

*   **Checkout & Payment Logic:** The checkout flow was refined to include mandatory shipping information (name, phone, address, etc.) with i",,ba7d89e9-4d90-415c-8d1b-b65641385eea,,Likely Supportable,green,40,,,
69d2639b1876a949a51bb5fa,https://hybrid-beat-lab.base44.app,Hybrid Cook-Ups,,"The user initially encountered an issue with the Base44 Payments integration where the checkout page was opening within an iframe in the app preview, causing redirection problems. The solution provided was to test the published URL, as the iframe environment was blocking the redirect.

Subsequently,",,0cf6bfc8-f800-46f8-a006-8f6a964da94d,,Likely Supportable,green,40,,,
694730d456f9d9629e85a6a2,https://story-forge-9e85a6a2.base44.app,StoryForge,,"The user is developing **StoryForge**, an AI-powered creative writing platform. Recent efforts have centered on integrating **Base44 Payments** (powered by Wix Payments) to enable user donations. This involved implementing a `create-checkout` backend function, configuring necessary environment varia",,e87547b3-a87e-4c6a-8f49-deb879d5717c,,Restricted — Review,orange,25,Fundraising,Standalone Donations / Charity Platform,['donations']
69d245a1c5dc8b02032cb255,https://curated-threshold-living.base44.app,Threshold Estates,,"The ""Aisle Properties"" real estate marketplace has undergone significant branding and content updates. A custom minimalist logo in a golden color palette was generated and integrated into the `Navbar` and `Footer` components, replacing the previous text-based branding. Additionally, the platform’s p",,125ab694-c09e-4487-a605-7fd0e751c81f,,Restricted — Review,orange,70,Marketplaces and Aggregators,Marketplace / Multi-Vendor Platform,['marketplace']
69d240c3b90313bfdd47d690,https://skater-smp-portal.base44.app,SkaterSMP,,"The user is developing a Minecraft server website called ""SkaterSMP"" on the Base44 platform, featuring a crimson theme with live player tracking, a store, and staff applications. Key development milestones included an initial setup for ""Base44 Payments,"" followed by a strategic shift to a manual Cas",,860ef2d0-ea5b-4938-a1c9-128b9722577d,,Likely Supportable,green,40,,,
69b97d536563ed5552ad7012,https://palmm-zion-marley-52ad7012.base44.app,Palmm Tarishi Kebreites,,,,1a04737b-bc9f-4dd5-b1bc-60e338263d94,,Likely Supportable,green,40,,,
69d23b8cf9de546d579e38e9,https://always-near-legacy.base44.app,EternalLink Memorials,,"""EternalLink Memorials"" is a platform for digital memorialization. Recent development has focused on extending the platform's security and accessibility features, specifically regarding content visibility and physical integration.

Key changes include:
*   **Privacy Controls:** A comprehensive priva",,b6ab9409-8ecc-4bb9-9433-4ab3338d1519,,Likely Supportable,green,40,,,
69763cf77ab12f21089b7105,https://refs-089b7105.base44.app,REFS,,"The ""R.E.F.S"" dating platform has expanded its functionality to include a data-driven compatibility matching system and a real-time messaging interface. A new `CompatibilityScore` entity and `lib/compatibilityEngine.js` utility were implemented, featuring a weighted algorithm that calculates scores ",,a87dc12c-07be-4f2a-a117-1ddf3e3136d8,,Not Supportable,red,100,"Adult Content, Products, and Services",Dating Apps / Matchmaking / Companionship,"['dating platform', 'dating']"
69ced5de4b07865bf16e1de6,https://global-bidding-bay.base44.app,gBay,,"The ""gBay"" marketplace has evolved its platform to include sophisticated customization options, specifically introducing animated text effects alongside the existing animated profile borders. This feature set allows users to apply dynamic, CSS-based animations (such as rainbow, fire, and shimmer eff",,5a984385-aa7a-4a9a-833d-587833cad35d,,Restricted — Review,orange,70,Marketplaces and Aggregators,Marketplace / Multi-Vendor Platform,['marketplace']
69d2225bc037cf7b98c43e8c,https://build-clash-io.base44.app,BuildArena IO,,,,bc24dda8-ab62-4d79-86f5-1eb99e3deafa,,Likely Supportable,green,40,,,
69d20b8df765566622fc5051,https://daily-gift-flow.base44.app,StreakCard,,"The **StreakCard** platform is actively expanding its card creation workflow and finalizing payment integration. Recent developments have focused on enhancing the data model and fixing critical backend connectivity for the checkout process.

Key technical updates include:
*   **Data Model Expansion:",,55777565-e6d0-4584-9966-be77f16a45d9,,Likely Supportable,green,40,,,
69d1780004f4ba1c5d58a9bc,https://neon-spark-match-now.base44.app,SparkMatch,,"The user is building ""Flame,"" a mobile-first, Tinder-style dating application on the Base44 platform. The app features a swipe-based discovery interface, real-time messaging, profile management with photo/interest support, location-based filtering, and an admin dashboard. Key technical decisions inc",,e1b166ee-831e-4418-83f7-f98607df3277,,Not Supportable,red,100,"Adult Content, Products, and Services",Dating Apps / Matchmaking / Companionship,"['dating app', 'dating']"
69c40fad0c85fafe2ac417d1,https://noodle-copy-2ac417d1.base44.app,Noodle (Copy),,"The project has expanded significantly with the addition of a comprehensive `Offboarding & PIP` module. This module includes a `TechStackSetup` component for tracking organizational infrastructure, an `OffboardingGenerator` for creating compliance-aware exit checklists, and a `PIPDesigner` for gener",,80486961-94fb-4ba4-8ab8-4e887c6c8372,,Likely Supportable,green,40,,,
69d1d4466934e9d22ab580ae,https://feathered-sparkle-flow-pro.base44.app,SparkleFlow,,"The user is building a comprehensive cleaning company management app. Initially, the focus was on core features like scheduling, financial tracking, staff management, customer management, and communication, along with an AI assistant for business insights. This involved setting up basic entities (Cu",,38140abe-32d6-45fb-8677-48c9b630005e,,Likely Supportable,green,40,,,
69c16dc18d610924ba570670,https://uncovered-echo-mind-path.base44.app,EchoMind,,"The user is building a mobile-first AI companion app featuring two primary personas: ""Future Self,"" a source of wise guidance, and ""Call Me Out,"" an accountability partner. The application includes a clean, modern UI with a bottom-navigation structure, supporting core features such as chat (with con",,20a217a6-886e-4e8d-972d-08178bfb5550,,Likely Supportable,green,40,,,
69d06e5ec4e6549144e66669,https://quick-place-forge.base44.app,AddrGen,,"The user is building a web application designed to generate and validate fake, realistic-looking addresses. The core functionality currently includes an address generation interface using AI, which allows users to select a country and quantity of addresses. The application features a clean, modern U",,ae73f8ed-f6d3-468f-bd2e-f6378f01c292,,Likely Supportable,green,40,,,
69d1de4064e5c2d93365e1f7,https://splendid-link-grow-pulse.base44.app,NetworkFlow,,"The user is building a contact management application with a central dashboard, focusing on robust data display and user-specific features. Following recent refactoring, an error with the `Dashboard.jsx` import path in `App.jsx` was resolved, which also necessitated re-creating the `Dashboard.jsx`, ",,436b5658-d5ba-4e8e-91d9-12c2995362f1,,Likely Supportable,green,40,,,
69cfff77526a402a6eb94a1c,https://bpe17earthpulce.base44.app,EarthPulse,,"The ""EarthVoice"" climate petition platform has been significantly expanded with new content and interactive functionality. The database now includes 17 diverse climate-focused campaigns, and a `CampaignMap` component was integrated into the `Home` page, providing a visual, location-based overview of",,a4e25108-95c2-4ef8-8a5c-afac51adaec6,,Likely Supportable,green,40,,,
69c527ded19b70042ce21925,https://fan-base-bond.base44.app,FanBase,,"The personal fan page application features `Profile`, `Post`, `User`, `FanMessage`, and the newly added `Tips` entity for processing creator gratuities via Base44 Payments. The application utilizes a robust subscription and transaction flow, supported by backend functions (`create-checkout` and `wix",,75cc1c97-ab3b-460d-bc3f-0b9626ff38fd,,Likely Supportable,green,40,,,
69caaaa9dcab0cfe6da95b98,https://cyclesalesco.base44.app,Cycle Sales.co,,"The ""Cycle Sales.co"" platform has successfully integrated Base44 Payments to handle secure transactions, utilizing a `create-checkout` backend function and a `wix-payments-webhook` for order verification. The project uses an `Order` entity to track `checkout_session_id` and a dedicated `ThankYou.jsx",,5960f55c-140d-4eac-9b5a-329b78b1e0bd,,Likely Supportable,green,40,,,
69cdd72e0fe3f5932c4c2d11,https://peak-spike-guard.base44.app,SafeSpike,,"The ""SafeSpike"" project has successfully transitioned from an e-commerce platform to a production-ready professional website. The development focus recently shifted to finalizing the checkout and administrative security infrastructure. The team implemented a seamless checkout flow using ""Base44 Paym",,01bf3c24-989e-4ced-a74b-7f12d628ba94,,Likely Supportable,green,40,,,
69d1bcef9c6fff8e9b7fbdc6,https://private-form-coach-flow.base44.app,FormaSync,,"The project has been expanded to include a client portal, a `WorkoutLog` entity, and a comprehensive workout execution system with interactive tracking. Key technical developments include role-based redirection in `App.jsx` for coach/client dashboards and the implementation of a `WorkoutSession` pag",,e4aef8ec-db11-4176-8891-2f71171865f7,,Likely Supportable,green,40,,,
69cf0d0df1b5edfab971f790,https://strange-titan-track-gain.base44.app,TitanTrack,,"The user has transitioned the application into a freemium model by integrating Base44 Payments (Wix Payments). This involved establishing a `Subscription` entity, creating a `useSubscription` hook to manage access rights based on user status, and implementing a paywall gate. Free users are now limit",,0f3afc96-4960-4ab2-b543-6e1f66c8151b,,Likely Supportable,green,40,,,
69d10dbef7b1995ed0d13ed8,https://attractive-forge-flow-sites.base44.app,WebWorks.io,,"The user is developing ""WebWorks.io,"" a freelance-focused AI website generator. The project features a dashboard for project management, a generation interface with real-time previewing, and a history log for generated assets. Key entities include `Project` and `GeneratedWebsite`, managed via the Ba",,1bb1698d-9d08-4abd-8fd4-6e7943047f44,,Likely Supportable,green,40,,,
690a96a79ff86a6c144b73ea,https://superbrain.base44.app,Super Brain,,,,6eab9c6e-4563-42e7-86fb-0927b3951536,,Likely Supportable,green,40,,,
69cfd715f8e9cb47ea70a177,https://belligerent-clean-link-pro.base44.app,KCA Connect,,"뉴욕한인세탁협회 홈페이지의 UI 고도화와 게시판 기능 확장을 진행했습니다. 주요 변경 사항으로 메인 페이지의 `HeroSection` 내 이미지 슬라이드 화질을 개선하고, 가독성을 높이기 위해 텍스트 배경 처리를 적용했습니다. 또한, `LatestNewsSection`의 카드 레이아웃을 이미지 상단, 텍스트 하단 배치로 개편하여 시각적 직관성을 강화했습니다.

게시판 기능 측면에서는 `News`, `Community`, `Regulation`, `Event` 등 각 엔티티에 이미지와 파일 첨부 필드를 새롭게 추가하고, 공통 `Fil",,21e5a82b-01ac-4dfa-9ab9-860e893b3cd0,,Likely Supportable,green,40,,,
69b8adf1df253a8643079cb4,https://boswell-home-repair-services-copy-43079cb4.base44.app,Boswell Home Repair Services  (Copy),,"The project has evolved into a comprehensive business management suite for ""Boswell Home Repair."" Key features implemented include an employee work-tracking and payroll system, a dedicated Secretary portal for call logging and appointment scheduling, and a visual Service Map for the Admin dashboard.",,017cf8e5-0ac3-418f-a28c-c907a00155db,,Likely Supportable,green,40,,,
69c72df7fcb1ef11a05d81fe,https://spot-ad-pulse.base44.app,Short Shop,,"""Short Shop"" is a mobile-first, short-form video advertising platform built with React and the Base44 SDK. The platform enables users to manage video ads via a `PendingAd` entity and features a three-step upload wizard (**Details**, **Review**, **Pay**) that handles video duration detection and pric",,16020226-f3a7-4b07-b86c-ab24b9fe2792,,Likely Supportable,green,40,,,
69d1ab3a1d265e3fd3ca963c,https://tales-kept-cozy.base44.app,StoryChest,,"The user is building a ""Story Chest"" e-commerce ordering application that allows customers to purchase personalized 4x6 inch chests. Key features include a multi-step ordering flow (theme, felt color, photo/audio upload, and optional add-on engraved keepsakes), an admin dashboard for order tracking,",,2e143909-095c-4ac0-a150-4d086b69df6b,,Likely Supportable,green,40,,,
69d162c036051023ad3ea678,https://prettylittlebundles.base44.app,Pretty little Bundles,,"The user is continuing to refine the ""Pretty Little Bundles"" application. The project now has a dark-themed background, as per the user's request to revert the CSS changes made previously. A significant change involves the integration of a payment system. The user has requested to add credit/debit c",,42a9338a-f5fc-4b3b-aa97-93f120f4e248,,Likely Supportable,green,40,,,
69d05017a815ce8e69788dc1,https://elisellz.base44.app,elisellz,,,,5a72f77a-fef5-4b6a-9e66-d33d1e03ba9c,,Likely Supportable,green,40,,,
69d1987e0c8f83c3a7b61e19,https://med-help-scan.base44.app,MedHelp,,"The project **MedHelp** is a medical product identification app built with React, Tailwind CSS, and Base44 SDK. The application allows users to scan medicine labels using AI analysis (via InvokeLLM) to retrieve and display information such as drug descriptions, specialist recommendations, and safety",,ecd2e713-830c-4d6c-9f25-fb9d5900552b,,Likely Supportable,green,40,,,
69b997323906eb52d61000b0,https://ppatourcards.base44.app,PPA Tour Cards,,"The Pickleball TCG project has been transformed into a high-fidelity, immersive experience featuring a dark-themed, perspective-tilted battle arena. Key architectural updates include the implementation of a comprehensive `deckEngine.js` that now supports 5-seat benches, graveyard tracking for KO'd u",,14cd5aa9-837f-4858-93b3-76b3835927a8,,Likely Supportable,green,40,,,
69cf21b6def9bfa9fad8e118,https://bara-cinematic-core.base44.app,Masterbara54 Studios,,Masterbara54 Studios is an immersive web project currently implementing a `VisitorCounter` component. Development has focused on resolving runtime errors related to data retrieval from the Base44 database. The team previously transitioned from `localStorage` to `sessionStorage` for session tracking ,,667e7c4c-f689-476f-b963-3741d41bcf78,,Likely Supportable,green,40,,,
69cf1e8f3206c71b2a346f30,https://witty-meme-vault-flow.base44.app,MemeVault,,"The user is building **MemeVault**, a crypto meme coin platform featuring individual user wallets, real-time market data, an upcoming coin announcements section, and an admin dashboard for earnings management. The project is built using Base44 entities (Wallet, MemeCoin, Transaction) and a modern, d",,723a2246-6e05-4914-8b42-1533e8de67c5,,Restricted — Review,orange,20,Cryptocurrency Products and Services,Trade / Exchange / Wallets,"['crypto', 'wallet']"
69ce86265fd074630b2cfbeb,https://deep-pulse-living.base44.app,Biological Resonance,,"The project is a sanctuary-inspired website for Naturopathy and Integrative Somatic Trauma Support. Recent efforts have focused on refining the ""About"" page narrative to better align with the practitioner's professional and personal brand. The biography was rewritten to be more empowering and inclus",,ca2c8a2a-db76-49aa-aea0-e680701399ce,,Likely Supportable,green,40,,,
69d17abd84a9677f26b9289d,https://kingdom-intel-core.base44.app,KingDom B.I.,,"The project has finalized its development as **""DOM B.I."" (Black Intelligence)**, an AI-powered conversational application featuring two distinct personas, Dominique and Dominick (both referred to as ""Dom""). The application is built as a highly optimized, standalone HTML file that provides a direct ",,5ca77a33-efd9-4cc2-b113-b4140f932f10,,Likely Supportable,green,40,,,
69d0442e32b317d3bf253aa2,https://getyourcancleaned.base44.app,Get Cleaned Cans,,"The ""Get Cleaned Cans"" project has been finalized with a 6-step cleaning process and optimized UI for the booking section, including a refactored scroll function to ensure proper alignment. The interface explicitly highlights the service details and provides clear calls to action.

The project recen",,219bd51e-f60e-40c2-9953-e7f072085e66,,Likely Supportable,green,40,,,
69cc78b651630065a8609142,https://brown-trade-shield-flow.base44.app,US Import Monitor,,"The ""US Import Monitor"" application has been successfully upgraded to an enterprise-grade platform featuring a tiered subscription model, role-based access control, and specialized industrial features. Key functional additions include a ""Professional"" subscription tier ($499/month) managed via `useS",,7a505c4a-d2b7-453b-bf0d-1c2a9fe862ac,,Likely Supportable,green,40,,,
69cf1b1ff41f5a2cee0c9db3,https://print-bold-craft.base44.app,BBDC's Prints,,"The project, ""BBDC'S PRINTS,"" has seen significant expansion with the addition of several key features. Initially, the focus was on establishing e-commerce functionality, including payment integration and a custom order page. The project has since evolved to enhance user experience and administrativ",,88a6e8d2-b8a6-4097-bc4a-a65b15fa19c1,,Likely Supportable,green,40,,,
69d184a49b38b960424d520a,https://qualified-apex-trade-pulse.base44.app,ApexAI Trade,,,,0a39c6e9-b6b1-43ab-a4ac-b6f6b5a6ca89,,Likely Supportable,green,40,,,
69d17013a6573cce17993092,https://prompt-deal-score-ai.base44.app,DealCheck AI,,"""GoodDeal AI"" has transitioned from a gated, monetization-focused experience to an open-access application. The payment-gating infrastructure (previously handled by ""Base44 Payments"") and associated routes were removed, and the backend checkout logic was cleaned and stabilized to ensure app performa",,a90c9d0a-88fe-4838-a64e-82ad771f135f,,Likely Supportable,green,40,,,
69d170bd679a45aa7ea1c5b1,https://vets-trust-link.base44.app,Trust a Vet,,"The ""Trust a Vet"" platform has transitioned its payment processing infrastructure from Base44 Payments to Stripe. Key changes included refactoring the `create-checkout` backend function to utilize the Stripe Checkout Sessions API and configuring the `STRIPE_SECRET_KEY` environment variable. 

Follow",,3743a644-a200-4827-8574-db21391acf1e,,Likely Supportable,green,40,,,
69d0036ac71bf2cf7f2e5627,https://tigermaxxing.base44.app,TigerMaxxing,,"The ""TigerMaxxing"" application uses Base44 Payments to enforce content gating via a `PaywallModal` and `AppLayout` architecture. The project originally intended to implement a recurring weekly subscription model, but due to the platform's current limitation to one-time payments, the pricing strategy",,3c6addf0-f6b8-422d-a14f-fe6444159881,,Likely Supportable,green,40,,,
69d17631a5190cb6f8369c34,https://super-dave-f8369c34.base44.app,SuperDave,,,,d31d9e2b-b23f-4284-817d-5e1f3631ad1d,,Likely Supportable,green,40,,,
69d17582bb02ef920f550257,https://nexus-truthful-build-lab.base44.app,NexusAI,,,,5594aa99-75ba-48a5-be8b-63c6631cb926,,Likely Supportable,green,40,,,
69d154d078076e768b53ff2f,https://keen-story-forge-pro.base44.app,StoryForge,,,,ea9c3e6a-1d9a-4c7f-9b19-aa28d904e7aa,,Likely Supportable,green,40,,,
69d168ca32bfa6886fa21bef,https://illustrious-smart-tax-flow.base44.app,TaxFlow AI,,"The ""TaxFlow"" platform is an AI-enhanced tax preparation application currently finalizing its monetization strategy. The core filing process, managed via a `useTaxReturn` hook, has been augmented with a new reusable `SectionTips` component. This component provides contextual, collapsible help guides",,a1ca7299-edac-40fa-9e1d-cee8216d9baf,,Likely Supportable,green,40,,,
69b5ca1163d1770e5579d9cd,https://gamenitetarshanrajaguru.base44.app,Gamenite,,"The ""PlayHub"" platform has been expanded to feature three core systems: an **Inventory** (loot management, trading, and market), **Guilds** (real-time chat, missions, and shared stashes), and a **PvP Arena** (1v1 duels, battle logs, and leaderboards). Recent efforts focused on stabilizing the PvP co",,ebd19118-dada-4e37-9c33-01787c0ad6a5,,Likely Supportable,green,40,,,
69d1654dece3d7d456ce8489,https://lev-am-unity.base44.app,Lev Am,,"The ""Lev Am"" platform continues its development as a support-focused discovery tool. The project's hero section has undergone visual refinements, including the generation of custom imagery featuring soldiers on a mission in neutral, patch-free gear and an updated headline to ""Supporting Our Heroes.""",,3f2836d7-c281-432d-92fe-3f51a1be1a78,,Likely Supportable,green,40,,,
69040db4c75d68cbe8a19f68,https://relentless-e8a19f68.base44.app,Relentless®,,"The project is a Base44-powered e-commerce platform that includes a secure checkout system, a custom administrative panel, and an integrated product experience. Recent development efforts have focused on stabilizing the application by resolving syntax and dependency errors, including fixing missing ",,f3e00e5f-43be-4fa0-a854-b441130148f9,,Likely Supportable,green,40,,,
69d15ceefa3f51ebec7ab20d,https://part-dismantle-flow.base44.app,DismantleHub,,"The DismantleHub application has transitioned into a strictly broker-controlled marketplace where AllParts acts as the exclusive intermediary, anonymizing all interactions between buyers and suppliers. A new `Quote` entity and an administrative `AdminQuotes` dashboard were implemented to allow AllPa",,a03f9910-80a9-4747-bf17-84ceffc3ef3a,,Restricted — Review,orange,70,Marketplaces and Aggregators,Marketplace / Multi-Vendor Platform,['marketplace']
69d15ee6772d246ec3e3c508,https://smart-budget-flow-astonishing.base44.app,PresupuestoMate,,"The user is developing a personal budget tracking application that allows users to manage and visualize monthly expenses with category-based tracking. The app includes a dashboard with charts, a detailed expense management page, and a monthly summary feature.

Key technical decisions and changes inc",,97aa6ad7-634f-4a9e-bd28-eae536d76046,,Likely Supportable,green,40,,,
69d15e38e76c33e49cc10c3f,https://qualified-pay-me-now.base44.app,AppMeNow,,"The user is developing ""AppMeNow,"" a payment gateway platform that supports card, recurring, and crypto transactions. Recent developments have focused on user authentication flows and transaction visibility. The app now includes a dedicated `Transactions` page to display history, and the `speedCheck",,1a464520-e8e4-4fd8-9012-f8283bed5254,,Not Enabled for Wix,orange,70,Financial Services,Digital Banking / Money Services / P2P Payments,['payment gateway']
69d15da6f5ac2c579d25e89a,https://park-shore-eats.base44.app,Park Shore Lunch,,"The user has completed the development of a lunch ordering system for Park Shore School. The application features a four-week rotating menu, a multi-step ordering flow, and a secure admin dashboard for order and payment management. Key entities `Order` and `Child` were implemented to handle data, wh",,f75813e8-a8ef-4a8f-bb39-b6513ff11082,,Likely Supportable,green,40,,,
698e3b9d9f3a0511fa45459f,https://refined-daily-spark-now.base44.app,Daily Spark,,"The user is developing ""EVERLASTING,"" a motivational speech app. Recent development focused on adding user personalization and updating brand identity. Key changes included implementing a new `Profile` entity and page for storing user names, updating the navigation layout to include a profile tab, a",,c84d4955-b3ed-403d-8b3f-8bbb6750b502,,Likely Supportable,green,40,,,
69d157802a81661589b28c6c,https://oven-baked-bliss.base44.app,ArtisanalBake,,"The user is building a bakery ordering application that allows customers to browse a product catalog, manage a shopping cart, and place orders. Key entities include `Product` and `Order`, and the application features a warm, artisanal aesthetic designed with Tailwind CSS. The catalog is categorized,",,c6080e4b-f404-4a28-8a37-4eeafc1cd816,,Likely Supportable,green,40,,,
69d1561dbd3cfd4553ec6a19,https://spectral-party-pulse-play.base44.app,PartyPulse,,,,166aad3a-19ea-46c3-beb5-6ebc3d5227aa,,Likely Supportable,green,40,,,
69d14a8f2ecfdb72d629ab84,https://fortunate-omni-cart-flow.base44.app,OmniCart,,,,94fd43a8-df78-4129-8308-f9cb324e86f5,,Likely Supportable,green,40,,,
69d1463ffb4fb0f24046c97e,https://green-pulse-map.base44.app,GreenMetric Health,,"The user is building an NDVI Health Risk Assessment application that visualizes regional vegetation health and provides correlated public health insights (e.g., Lyme disease risks, mental health, and air quality). The platform uses a nature-inspired design system with Tailwind CSS and an integrated ",,4de833ea-844b-4d28-9747-8970f310eb26,,Likely Supportable,green,40,,,
69cf05d8f9d300457e54f9a6,https://lumina-home-7e54f9a6.base44.app,Lumina Home,,"The project is ""FLORA,"" a conversion-optimized ecommerce platform for a feminine fashion and lifestyle brand. The site features a blush-toned aesthetic, responsive Tailwind CSS layouts, Framer Motion animations, and a curated product catalog. Key technical infrastructure includes the Base44 backend ",,2da0ff64-50d4-4cd2-833d-877e77e07f20,,Likely Supportable,green,40,,,
69cd4d2a483d175fbcdd9355,https://stirring-iron-flow-coach.base44.app,IronFlow,,"The user is finalizing the transition of their gym training application into a gated, premium-access platform. The project has moved away from a ""freemium"" model, removing the free plan entirely in favor of Pro and Annual subscription tiers.

Key technical changes include:
*   **Access Control and G",,a0a29539-6097-4536-a883-f5464c27cf9a,,Likely Supportable,green,40,,,
69ceb31ebc1d778135c7b5db,https://myvelociq.base44.app,CatFeed Elite,,"The ""VelocIQ"" project has finalized its authentication and session management flow, ensuring that unauthenticated users are consistently redirected to the landing page and that logout actions effectively return users to the public home state. This was achieved by correcting the initialization logic ",,319b150d-6501-4439-ae8f-a0a7ca25aeb9,,Likely Supportable,green,40,,,
69cf0d9eff370a0c3a2d9311,https://kind-porch-notes.base44.app,Front Porch Letters,,"The ""Front Porch Letters"" project, a subscription service for personalized mail, has undergone refinements to its checkout flow and pricing structure. The user updated the subscription pricing for both the Standard plan (reduced to $11/month) and the Premium plan (reduced to $18/month). These change",,34695647-4f98-45c2-bf5a-bebc17ba60e0,,Likely Supportable,green,40,,,
69d00be359bfe3cdc37ceca7,https://rep4love777.base44.app,Jackpot Genie,,"The ""Bets"" platform has undergone a major rebrand to ""R4L Bets,"" featuring a new ""777"" logo design. The platform has significantly expanded its utility by integrating a comprehensive `BetActivity` entity to track all transactions and betting events, which now includes GPS coordinates, IP addresses, ",,825d1e6a-fd56-4675-94c9-23e40c544ccb,,Not Supportable,red,100,Gambling and Games of Skill,Betting / Casino / Lottery,"['betting', 'jackpot']"
69d1362e15f71ac2f66816c4,https://goal-drop-flow.base44.app,BucketDrop,,,,75293973-1e55-44f8-a88a-db72bf5a0b15,,Likely Supportable,green,40,,,
69cda149f4d96f23aa1a2dbb,https://glaring-unity-hub-connect.base44.app,UnityHub,,"The user has successfully integrated **Base44 Payments** (powered by Wix Payments) into the platform, enabling automated membership dues and event fee tracking. The system now features a robust backend architecture for payment processing, including a `create-checkout` function to handle secure payme",,2db3be4a-5035-43e3-9732-2a84fd8f0838,,Likely Supportable,green,40,,,
69cd5517a203bc12233e3544,https://nexus-msp-sync.base44.app,BidBolt,,"The BidBolt portal has been enhanced to provide streamlined access to paid invoices, moving beyond the initial payment transparency features. Following the successful implementation of Stripe integration—which includes automated status updates on the `Quote` entity and custom-branded, ""BidBolt yello",,a5c85319-9577-4181-957d-295555ae224f,,Likely Supportable,green,40,,,
69d1312845769cccf273b51a,https://life-quest-rpg-copy-f273b51a.base44.app,LifeQuest RPG (Copy),,"The project is a ""LifeQuest RPG"" application that integrates a multi-tier subscription system (Free, Premium, VIP) powered by Base44 Payments. The application supports ""Single-User"" and ""Guild"" modes, gated by tier-based UI restrictions. Key technical infrastructure includes an `OnboardingModal` for",,9ea6eb84-f845-4cf2-95d8-fe7eb93bfe82,,Likely Supportable,green,40,,,
69d129fe3cea107a02681bf3,https://dangerous-thread-flow-shop.base44.app,ThreadFlow,,,,37b610c8-0fb8-4959-97f3-aebabf08c854,,Likely Supportable,green,40,,,
69cca2feb1b2ad2c4abc876c,https://magic-ascend-path-pro.base44.app,Ascend,,"The project has finalized a three-tier subscription model (Free, Basic, Premium) for the ""Ascend"" application. The implementation involved updating the `StudentProfile` entity to track the user's plan status, refining the `usePlan` hook to expose individual plan states, and redesigning the `/Pricing",,5826e6da-9491-4458-be48-3c6e1d97c266,,Likely Supportable,green,40,,,
69d07238cc06c51126e26849,https://sociable-text-vibe-flow.base44.app,TextVibe,,"The user is developing ""Flirtify.ai,"" a teen-focused text-rewriting application that uses LLMs to refine messages based on specific categories (Flirty, Apology, Argument, Love, Casual). The application features a clean, mobile-responsive interface built with Tailwind CSS, Framer Motion, and custom U",,36354dc1-bdca-4f9a-bc80-7dab73ba3e32,,Likely Supportable,green,40,,,
69d11effa6f0310b64e22a81,https://smart-radical-budget-flow.base44.app,BudgetFlow,,,,86a8b343-83e3-4ef3-ab50-95170c9c0360,,Likely Supportable,green,40,,,
69d00e544154c4af3b34d47a,https://second-chance-thifty-furniture-co.base44.app,Second Chance Thifty Furniture Co,,"The project has shifted from a grooming business template to an online thrift store called ""Second Chance Thrifty Furniture,"" specializing in refurbished wooden furniture with a rustic, cabin-inspired aesthetic. The core goal is to showcase unique inventory with high-quality images, provide easy con",,12b9fb52-c3cb-4f7d-a987-2f918e79b10b,,Likely Supportable,green,40,,,
69d1084dab4c318843e43aea,https://angola-home-flow.base44.app,AngolaImóveis,,"O projeto, um marketplace imobiliário angolano na Base44, concluiu a implementação de um sistema de ""Alertas de Imóveis"", permitindo que utilizadores configurem critérios de pesquisa personalizados e recebam notificações automáticas por e-mail sempre que novos anúncios correspondentes forem aprovado",,baa82c17-bda1-4ca3-b33c-dcadff7a7481,,Restricted — Review,orange,70,Marketplaces and Aggregators,Marketplace / Multi-Vendor Platform,['marketplace']
69d10176714bcc5816bfd2d3,https://minion-verse-play.base44.app,MinionVerse,,,,bf7854be-4c4f-44bc-85be-fd7cf9aa821e,,Likely Supportable,green,40,,,
69cfbc1b73dd33084e383a87,https://panama-paw-path.base44.app,Pets to Panama,,"The ""Pets to Panama"" project has established its core landing page and is now transitioning to a gated ""Document Vault"" feature, designed to help users track and organize the specific documentation required for pet entry into Panama. The project includes a defined set of seven static document catego",,23ce30fc-6075-43d3-9c61-81ed00e3b16f,,Likely Supportable,green,40,,,
69b371cb384dd30230809b9e,https://optimus-30809b9e.base44.app,Optimus,,,,bc1ec660-fc28-465f-b1aa-60d1fe4634a2,,Likely Supportable,green,40,,,
69d0e0bbcd9646678d39325e,https://elite-write-flow.base44.app,EliteWriter IA,,"The user has initiated the development of ""ContentPro,"" a freelance services platform designed to help them generate revenue by offering AI-assisted professional services such as copywriting, SEO, and social media management. The application follows a premium, modern aesthetic with a dark-themed UI ",,7a854df6-65ed-4df7-8c00-813a147493bd,,Likely Supportable,green,40,,,
69d0e29300475bf7e1026bf6,https://tangible-revenue-pilot-pro.base44.app,RevenuePilot,,"The user is building the ""AI Revenue Playbook Generator,"" a web application that facilitates the creation of sales playbooks using the Precision Revenue™ Framework. The platform features a multi-step intake wizard, an AI generation engine (Claude Opus 4.6), and a `PlaybookViewer` for final deliverab",,0b740d74-e433-40af-b159-794a6ac063d1,,Likely Supportable,green,40,,,
69d0d995d2fd28ad3f9192c7,https://wave-code-flow.base44.app,Wave.ai,,"The project is ""Wave.ai,"" a specialized coding assistant platform for Roblox (Lua) developers, which also supports multiple languages including Python, JavaScript, and C++. The platform features a premium, ocean-themed aesthetic and utilizes a React/Tailwind frontend. Key components include a chat i",,d6cde1b8-f9f6-42b3-b1b8-a400f0a4daba,,Likely Supportable,green,40,,,
69cc0a4e123ebfb9d9dc6d70,https://soul-recipe-d9dc6d70.base44.app,SoulRecipe,,"The ""Stardust"" recovery application has expanded its monetization and community features, including a `/support` page with a ""Tip Jar"" and gifting mechanisms, alongside an affiliate resource section. Navigation was streamlined by integrating direct access to ""Wishes"" and ""Support"" in the bottom bar,",,d2ee083b-37ce-4f9a-b8be-78dd22b5ad9a,,Likely Supportable,green,40,,,
69d0c30f8e55ccc6fef0c2d0,https://truthful-wealth-sync-flow.base44.app,WealthSync,,,,a5396365-41db-4076-8a8f-ad44c6694fb5,,Likely Supportable,green,40,,,
69d0bc21bc36ad17f56b2550,https://daily-pay-flow.base44.app,DayPay,,"The user is building a ""work today, pay today"" gig platform on Base44 that connects workers with employers for daily labor, monetized through a $10 monthly subscription model. The core requirement is to develop the app's infrastructure and integrate persuasive marketing and advertising elements to d",,a8f211d7-e727-4379-93ef-7cec840d237d,,Likely Supportable,green,40,,,
69d0b3b745c986fa5b841ae2,https://roblox-fan-base.base44.app,OnlyRobloxians,,"The ""OnlyRobloxians"" platform has been significantly enhanced with new social and engagement features. Recent development introduced a robust commenting system with threaded replies, user profile links, verification badges, and ""like"" interactions, alongside a new `CommentLike` entity. Additionally,",,f589749f-f999-4020-b3b0-9ac4240fa372,,Likely Supportable,green,40,,,
69d0b48c2e44c61edd43d366,https://swap-skills-sync.base44.app,Swaply,,"The user is developing a skill-swapping platform on Base44, focusing on monetization, retention, and onboarding. Key developments include the implementation of a ""Pro"" subscription model (powered by Base44 Payments), which offers benefits like a verified badge, priority matching, and advanced feed f",,c10aebc8-62dc-4af5-beb5-b772f8b0674b,,Likely Supportable,green,40,,,
69d0b3f3f101a50231bf5531,https://briefly-meeting-flow.base44.app,Briefly,,,,778aa7c7-8627-4d44-88d4-c4d9695dfce3,,Likely Supportable,green,40,,,
69d0aaa7faf4512c6a8e3d0e,https://nova-gen-fast.base44.app,NovaGen,,"The user is developing an ""AI Video Creator"" within the media suite, which has evolved into a high-fidelity tool for generating cinematic, character-driven content. A major focus has been the integration of ""Character Action"" controls, allowing users to select specific movements—such as walking, run",,081a243a-2035-4900-b846-e80e8b3875c4,,Likely Supportable,green,40,,,
69c9e24a8db732643c706dbe,https://curate-artisan-shop.base44.app,Artisanal,,"The ""Surukotoga Woodworking Studio"" storefront development has transitioned into a focused asset-generation phase. Following the initial UI refinement of the `Storefront` and `ProductDetail` pages, the current priority is populating the product catalog with high-fidelity, AI-generated imagery that m",,0ac8984b-5297-4f70-b880-10caae23c11e,,Likely Supportable,green,40,,,
69d08f3cb376246596fe7907,https://chord-atlas-pro.base44.app,Chord Compass,,"The user has been refining the ""Chord Compass"" application, specifically focusing on the stability and usability of the `ProgressionWidget`. Recent technical efforts resolved critical rendering issues where `fixed` positioning was being overridden by `PullToRefresh` layout transformations and duplic",,0a334778-a5a7-4735-bfbb-5bef50e4a4ea,,Likely Supportable,green,40,,,
69d09eed8f09738b0cba1378,https://new-life-ascent.base44.app,New Life Church,,"The project for ""New Life Church"" has successfully implemented a three-step registration process managed by the `RetreatRegistration` entity. The core functionality centers on integrating Base44 Payments to handle retreat fees, utilizing a `create-checkout` backend function to initiate sessions and ",,36e05c1b-4e2b-4f83-94ef-42f4b3edcad6,,Likely Supportable,green,40,,,
69c4bb7d9a5144ddf21d44a3,https://vital-pet-sync.base44.app,PetPulse,,"The PawGuard platform has successfully integrated Base44 Payments (Wix Payments) to manage recurring subscriptions. Key infrastructure changes include the creation of a `backend/create-checkout.js` function, a new `ThankYou.jsx` page to handle post-payment activation of the `is_subscribed` flag, and",,1f654755-c2e4-4b66-9349-1eeec1d1ebd3,,Likely Supportable,green,40,,,
69d08ce99982bfa738cde9c5,https://capable-speak-fluent-fast.base44.app,Linguistia,,"The user is developing a premium language translation service that offers both text and verbal translation capabilities, integrated with an AI engine. The platform is designed with a professional, indigo-violet aesthetic and includes a subscription-based revenue model set at $10.99 per week.

Key pr",,c57d78f9-e115-4b37-b15a-8166072d26b5,,Likely Supportable,green,40,,,
69cf1495b009aca8b88e0fe9,https://truth-credit-core.base44.app,Truth Credits,,"The project is a clothing brand website (""Truth"") currently transitioning from a mock credit system to a production-ready billing flow powered by Base44 Payments (Wix). Recent backend developments include the implementation of a `create-checkout` function to manage transaction sessions and the creat",,0fb1f6c7-9778-473f-b9e0-dd36a66c7ebf,,Likely Supportable,green,40,,,
69c46f3bf03c93485e349932,https://south-star-vibe.base44.app,SouthStar,,"The project involves the continued development of a product catalog application, with a primary focus on generating high-quality, authentic-looking product photography using the AI image generation tool. The user has been iteratively refining the visual presentation of ""SouthStar"" branded apparel, m",,1c5df7d2-434f-492a-bab7-973586aade62,,Likely Supportable,green,40,,,
69d08501c24990132ba177b8,https://hospitable-quest-map-go.base44.app,AdventureQuest,,"The user is developing ""AdventureQuest,"" a GPS-powered treasure hunting game built on the Base44 platform. The application features an interactive map for tracking random, proximity-based treasure chests and structured treasure hunts, a multi-tier currency system (coins and gems), and a premium memb",,2dfd96bb-d78e-419b-9c96-6176b83eb7ae,,Likely Supportable,green,40,,,
69d082df32ef07d5c532972a,https://imperial-chart-sight-ai.base44.app,CandleLens AI,,"The user is building a trading analysis application featuring a comprehensive library of candlestick patterns and an AI-powered chart analyzer. The project utilizes a dark, terminal-inspired aesthetic and is built with a React-based architecture using Tailwind CSS, Framer Motion, and Lucide icons.

",,7109b99b-d6bb-4899-82c6-6e4eb5689a13,,Likely Supportable,green,40,,,
69d07e7ea82d3a1859aeaf0a,https://lean-quick-cash-go.base44.app,QuickCash Hub,,,,fb7b79af-f234-47b1-8ceb-0f2f7f2c3e70,,Likely Supportable,green,40,,,
69cfde873520b9eb674c4948,https://livvala-deal-flow.base44.app,Livvala,,"The Livvala platform has undergone a comprehensive transformation into a high-engagement, end-to-end real estate ecosystem. Key structural updates include the implementation of a specialized brokerage team portal, a robust support ticketing system, and a tiered subscription model. The platform now f",,45300c09-25bc-408e-a020-3f6830bee86e,,Likely Supportable,green,40,,,
69c0924436e05fe20be764f8,https://arc-store-flow.base44.app,ConversionArc,,"The user has completed the integration of a tiered subscription system powered by Base44 Payments, which includes a backend `create-checkout` function and a `wix-payments-webhook` handler. The platform now features a dedicated `/pricing` page, a `/thank-you` confirmation screen, and a subscription g",,a2058e88-5cc6-4002-b298-0f46efd117ae,,Likely Supportable,green,40,,,
69d0798932b317d3bf254f32,https://sprint-mouse-dash.base44.app,MouseDash,,"The user is initiating the development of a platform for live-streamed mouse races. The project requires a user authentication system and a personalized dashboard where logged-in users can purchase sponsorships to name mice for specific races. The race structure involves six mice per race, six races",,6442ffda-5a68-4e51-a481-9c3a6a016c4c,,Likely Supportable,green,40,,,
69b3b6934ecd41b6c4b54869,https://swift-kmm-move.base44.app,KMM Express,,"The project has reached a stable state with core functionality for both customers and drivers. Key achievements include the integration of ""Base44 Payments"" (Wix Payments) for transaction management, the implementation of a comprehensive ""Become a Driver"" application workflow, and the development of",,a9764812-e5ea-4508-9ab0-1fb111ca0f3a,,Likely Supportable,green,40,,,
69d0743c742ab0c9f6da8f2c,https://super-food-fight.base44.app,Super Food Fight,,"The ""Super Food Fight"" application is evolving with several UI and feature enhancements. The application now features a more visually distinct landing page with updated iconography, including a deeper red for the heart icon and a more prominent orange for the lightning bolt. A promotional feature ha",,1160c6ef-035c-4aa7-838e-9efbd3f065d1,,Likely Supportable,green,40,,,
69cdea56f84aa13e31790a9f,https://heroerp.base44.app,Hero ERP,,"The ""HeroERP"" project is an offline-first React Native and Expo application for shop floor tablets. The project is currently in a transition phase, moving from core feature development to automating mobile binary production via Expo Application Services (EAS). The user is now pivoting their focus to",,61effc33-5fca-4521-9e54-19e1b35c8df3,,Likely Supportable,green,40,,,
69d06e5f322815eaf3e3f831,https://elite-rest-flow.base44.app,EliteRest,,"The user is building a professional, high-end restroom trailer rental business website with an integrated booking and payment system. The site is designed to convert visitors into bookings while managing complex operational needs like multi-use cases (weddings, construction, emergency response), dep",,1412010c-63d7-43e0-a99a-e27f69e908ac,,Likely Supportable,green,40,,,
69d06f3ec9c22e67aed3c190,https://translucent-swift-ship-direct.base44.app,SwiftShip,,,,462f2a27-2107-4853-8be8-1c91cd1bdff4,,Likely Supportable,green,40,,,
69af7b9a044ef54f02e98bba,https://amkgbeyondconsulting.base44.app,"AMKG Beyond Consulting, LLC",,"The user has been working on building a personalized Client Portal. Previously, the email notification address was updated, and a `ClientDashboard.jsx` page was created to display client-specific information. This dashboard was integrated into the application's navigation.

The recent focus has been",,b48f67e1-21e9-4fba-8c10-a20f8fe7e8e3,,Likely Supportable,green,40,,,
69ce7a3c7b51986e5a649cac,https://mayar-lens-aura.base44.app,Mayar Aliwaisi Photography,,"The user is continuing to refine the booking process and website content. Previously, the user focused on adjusting the homepage's featured work section by replacing a specific graduation photo with a new one and ensuring no captions were displayed. They also implemented a system to notify Mayar at ",,aab712dc-054f-4828-b51c-5169a860dd80,,Likely Supportable,green,40,,,
69952bfe4fd49f2e0c281b1f,https://stream-forge-0c281b1f.base44.app,StreamForge,,"The user is building ""VYBE,"" a creator-first live streaming platform with a premium, dark-themed aesthetic. The project has moved from a UI/UX prototype to a feature-rich, production-ready platform. Key pillars include high-engagement discovery, creator-centric tools, and community-building features",,8ba82e3d-4974-4f5a-9a1f-c975a3bd47e9,,Likely Supportable,green,40,,,
69ceeba0d0a3fc72bea2d045,https://archimedes-devils-vault.base44.app,Archimedes Devils,,"The ""Archimedes Devils"" platform has continued its refinement of the navigation and core user experience. Recent updates include a significant enhancement to the `TabSystem` component, which now features an integrated hamburger menu and an `AnimatePresence` dropdown for improved tab accessibility an",,cf38bef9-435e-48e4-b573-1d77102a15af,,Likely Supportable,green,40,,,
69b73fedb921c70f30807601,https://artmonster.base44.app,ArtMonster,,"The ArtMonsterHUB project continues to refine its Base44 Payments (via Wix) integration. Work focused on the `create-checkout` backend function, which was updated to include a 10-second timeout mechanism to ensure the system fails gracefully rather than hanging during API requests.

The user encount",,8494fa08-2461-4dd1-b375-ff0cab44859a,,Likely Supportable,green,40,,,
69cf0465f8d4c8295f1b8618,https://casa-bella.base44.app,Casa Bella Events,,"The user is developing a landing page for ""Casa Bella Events,"" maintaining a dark, immersive aesthetic with a focus on high-conversion event details. Key features include an ""Upcoming Events"" section and a ""Hero"" section that now prominently displays the next event (April 11, 2026), including pricin",,a79c0c34-cab4-49bc-80dc-6aff5a3c2dc2,,Likely Supportable,green,40,,,
69d05e025db2a2de9da6579a,https://grinch-made-nyc.base44.app,GRINCHMADE,,"The user is building a premium streetwear brand website for ""GRINCHMADE,"" featuring a high-end, dark, and luxurious aesthetic. The core of the platform is a catalog of six $500 hoodies with size options (S, M, L) and a integrated payment flow powered by Base44 Payments (Wix Payments).

Key features ",,a7348701-bab2-4da0-91ee-4f609a742406,,Likely Supportable,green,40,,,
69cd798425bb669901c04a83,https://witty-athletix-pro-pulse.base44.app,Athletix,,"The project focus has transitioned toward enhancing administrative control over user data. To allow administrators to manage player accounts, a new `AdminEditPlayerModal` component was created, enabling the modification of player profiles directly from the `AdminDashboard`. This implementation inclu",,eb3c6c77-cfda-4911-ba8f-f348cd09c532,,Likely Supportable,green,40,,,
69d04bc46f7b98830a0a1c5c,https://earned-live-now.base44.app,Earned,,"The ""Wage Meter"" shift tracking application has undergone a significant architectural shift by removing all subscription-based functionality, including the `SubscriptionContext`, premium badges, and gated features. The app has been further simplified by removing the ""Danger Zone"" account deletion se",,1f10ebf0-ad7b-4420-a04d-ed90183adf32,,Likely Supportable,green,40,,,
69c87ec6fb152a4dd350c0e2,https://spirited-quick-stock-snap.base44.app,QuickStock,,The project is a dropshipping-enabled e-commerce platform for electric vehicles. Recent development focused on establishing a secure transaction pipeline by integrating Base44 Payments (Wix Payments). This involved creating a backend `create-checkout` function and an `OrderComplete` page to handle s,,8fd997f6-310e-440d-9ef1-ebf6cf16facf,,Restricted — Review,orange,30,Financial Services,Dropshipping / Resale Consulting,['dropshipping']
69d053ccc7753bc33a4b883b,https://noir-ghost-threads.base44.app,Noir Ghost Apparel,,,,aed617b4-55ec-492e-9c0b-b7c79849396d,,Likely Supportable,green,40,,,
69d03ebdcdf4e77e6f02dd80,https://heretic-aura-sync-soul.base44.app,AuraSync,,"The ""Lumière"" application, a spiritual growth and manifestation platform, has been expanded with a comprehensive **Astrology Ritual Planner**. This feature integrates real-time lunar cycle calculations and sun-sign based astrological transits to provide users with personalized glamour magic, self-ca",,bdc887ab-2caf-473f-99b0-c899cb1b19c3,,Restricted — Review,orange,35,"Unfair, Deceptive, or Abusive Practices",Psychic / Spiritual / Occult Services,"['astrology', 'spiritual']"
69d04fecac53533b2ce346a6,https://metal-value-vault.base44.app,Gold & Silver Calc,,"The project is a metal-tracking application providing real-time gold and silver spot prices. To address rate-limiting issues when fetching daily open prices from Yahoo Finance, the backend `getPrices` function was updated to use a more robust fetch approach with specific browser-like headers. The se",,c0a9a1b1-3f7f-44a4-acf6-bf39dd9db9cc,,Likely Supportable,green,40,,,
69d045f870c3b8468946ae6a,https://notorious-revenue-pulse-pro.base44.app,Precision Revenue Diagnostic,,"The project involves the development of a ""GTM Diagnostic"" web application, which provides users with instant, online AI-generated assessments based on the Precision Revenue Framework (PRF). Key recent work has focused on transitioning the platform from a PDF-centric delivery model to a persistent, ",,1eee3aa2-50f9-4425-9e23-5b65b997c0a7,,Likely Supportable,green,40,,,
69a134f2e03404f467f8f701,https://kid-tok-play.base44.app,KidTok,,"The KidTok project remains focused on a subscription-based model using Base44 Payments. Following the initial setup of the `Subscription` entity and the subscription flow pages (`Subscribe.jsx`, `ThankYou.jsx`), the pricing structure was updated to reflect a monthly cost of $100.00 and a yearly cost",,15026bad-c4ee-4f55-931f-deb8c645ea8c,,Likely Supportable,green,40,,,
69d0340757ddb749e21bbcd9,https://form-guard-flow.base44.app,FormGuard AI,,"The user has expanded the **FormGuard AI** platform into a comprehensive fitness tracking application. The exercise catalog in `Exercises.jsx` was significantly populated with detailed metadata (muscle groups, form cues, and common mistakes), while `Workout.jsx` was refactored to support a categoriz",,5df4d2e1-d756-4fde-80ff-eae8440761df,,Likely Supportable,green,40,,,
69d033597cad9758f528fedf,https://star-vault-vip.base44.app,StarVault,,"The user is building **StarVault**, a celebrity fan club membership platform. The app features a landing page showcasing a curated list of world-famous celebrities, allowing users to register as fans through detailed forms. Key components include a `CelebrityCard` grid, a `CelebrityMembershipModal` ",,bd262837-f3e5-4487-86c7-e985813b91b1,,Likely Supportable,green,40,,,
69d03184cf6f2025258faee2,https://noname-fits-box.base44.app,No Name Fits,,"The user is developing an e-commerce platform for mystery boxes, focusing on enhancing post-purchase user experience and order management. Key updates include the implementation of order tracking features on the ""Orders"" page, which now includes an interactive progress stepper to visualize order sta",,d53a7475-c584-4f57-b28f-36c875fc7edb,,Likely Supportable,green,40,,,
69d02dff9fe0cef6876fc2bf,https://woodoo-slot-pulse-live.base44.app,SlotPulse,,,,0ab551d5-78c8-4993-a0d1-046fbeef6705,,Likely Supportable,green,40,,,
69d003df34e459361bf8767c,https://swim-brand-scope.base44.app,Swim Brand Discovery,,"The ""Swim Brand Discovery"" platform has evolved into a functional administrative suite. Recent development has focused on the backend-integrated management system for the agency. This includes a `NewQuestionnaireModal` for generating secure access tokens for clients and a `SubmissionDetail` page tha",,db0ed3c1-0713-4727-a325-f745e22a7601,,Likely Supportable,green,40,,,
69d02b3d886b362a8145d38c,https://tunneling-tech-solve-pro.base44.app,TechSolve,,,,d0907bfa-5dd4-4fe3-8797-9e50d2d7f143,,Likely Supportable,green,40,,,
69cff124f86bb40d9808e77a,https://mind-space-atrium.base44.app,Cognitive Atrium,,"The user is developing an admissions website for the **Maryam Ibnat Imran Institute**, which features a three-step registration workflow (form submission, payment selection, and confirmation). The project manages registration data via an `Inquiry` entity and is currently integrating **Base44 Payment",,f1b136e5-3ad5-4e7d-b674-2ff6b57f3455,,Likely Supportable,green,40,,,
69cf2facda3e46332ad6a13f,https://distant-lovers-appdealswcill.base44.app,Love Bridge,,"The ""Distant Lovers"" project continues to evolve its character customization system, focusing on a more interactive and ""Toca Boca""-inspired experience. Recent updates have refined the `TocaCharacterBuilder` component to better handle user state and visual feedback.

Key developments and decisions i",,e0904fb4-4a02-4842-bd6d-94adfee50f25,,Likely Supportable,green,40,,,
69b4cc757aaac404a807c8ac,https://glaring-poke-vault-pro.base44.app,PokéTrade Elite,,"The user is developing a Pokemon TCG e-commerce platform on Base44. Key developments include:

*   **Payment Integration:** The project transitioned from the initial Wix Payments integration to Stripe. The `create-checkout` backend function was updated to handle Stripe Checkout sessions using the `S",,e6fdc758-7331-4c0a-9bea-299d1b125c80,,Likely Supportable,green,40,,,
69cfff2d6c73d8253432dac9,https://my-pethub.base44.app,PetCare Hub,,"The ""Pet Hub"" application development has involved several iterations regarding payment processing. Initially, the project moved from a planned Wix/Base44 Payments integration to implementing Square’s Checkout API, followed by a transition to Dodo Payments. These integrations required the management",,ad80992e-565d-4d3d-a377-04f13955392c,,Likely Supportable,green,40,,,
69d01ac8f38ae270ee9ff98a,https://vibe-check-city.base44.app,VibeCheck,,"The event management platform is transitioning from a centralized Wix Payments model to a more flexible payout architecture. A key realization was that current ticket sales are routed entirely to the platform owner, with the existing `EarningsDashboard` providing only estimated earnings for vendors ",,15099494-f73d-4e98-abf7-3c39735c9873,,Likely Supportable,green,40,,,
69d02135d974c05745da2a80,https://smart-study-sync-cocky.base44.app,ScholarPulse,,,,5d204ce3-2003-4e7d-92c7-ee4171e9b7b7,,Likely Supportable,green,40,,,
69c942e34972623694b55669,https://daily-discipline-score.base44.app,LifeScore,,"The user is building ""The Standard,"" a trading journal application. Recent efforts have focused on enhancing the platform's utility and personalization through ""Ethan,"" the AI coach agent. Key updates include implementing a ""No trade taken"" toggle in the `TradeForm` and adjusting the AI's feedback l",,f81a5b96-86ef-4b5d-a666-e08f1f2d0a10,,Likely Supportable,green,40,,,
69cecb519d2638a6ab641448,https://abstract-cast-catch-log.base44.app,AnglerLog,,"The user is building ""TightLines,"" a comprehensive mobile-responsive fishing companion application featuring a dashboard for analytics, a fishing log for catch records, an interactive map using React-Leaflet, and a species guide. The project utilizes the Base44 SDK for data management, with a design",,31aeb6f6-22f5-427e-82a4-5667b1df39c3,,Likely Supportable,green,40,,,
69d00b6773dfac0b9b1a1f70,https://dramatic-pitch-perfect-pro.base44.app,PitchPerfect Coaching,,"The user is building ""Coach G's Football Academy,"" a football coaching platform that facilitates subscription-based video analysis and educational content. The project leverages the Base44 SDK for data management, with key entities including `Subscription`, `VideoSubmission`, and `BlogPost`. The pla",,842fd0e5-3a0e-4323-a108-79323b8ac97e,,Likely Supportable,green,40,,,
69d00994c19ad01e7f153504,https://outfit-mix-style.base44.app,OutfitMix,,"The user has built a ""ComboFit"" outfit-shopping platform on Base44. The app allows users to curate outfits by mixing and matching items (tops, bottoms, shoes, socks, and accessories) from multiple dealers, with a $5 service fee applied to orders. Key entities include `Product`, `Dealer`, `OutfitComb",,6124695a-7c31-4b72-92c3-bb1c9d01fbd3,,Likely Supportable,green,40,,,
69cf8cc9c9e52cc160bde770,https://bodegon.base44.app,Bodegon-Mi Barrio,,"The project is a multi-tenant marketplace platform that recently implemented a subscription-based model for vendors. This system includes a `VendorSubscription` entity, a `createVendorSubscription` backend function using Base44 Payments, and a new `VendorSubscriptionManager` component integrated int",,2c4c6246-598b-4c67-8a8f-5a5735e5112c,,Restricted — Review,orange,70,Marketplaces and Aggregators,Marketplace / Multi-Vendor Platform,['marketplace']
69cf10cc513bc16ae28bafc2,https://kpop-baby-beats.base44.app,KPop Baby,,"The user is building ""KPop Baby,"" a K-pop themed e-commerce application. The project includes a central release calendar for tracking artist debuts and comebacks, a news section for industry updates, and a fully integrated shop powered by Base44 Payments (Wix). 

Key developments include:
*   **Enti",,55de41fe-3f7d-4a55-873e-87d96449242e,,Likely Supportable,green,40,,,
69cff2e0ae9747acdc8cdac3,https://service-radius-pro.base44.app,ServiceRadius,,"The project **ServiceRadius**, sponsored by eZip Mobility LLC, is a trust-focused local services marketplace now specifically optimized for the Florida market, with its headquarters in Jacksonville. The application facilitates connections between customers and verified contractors for tasks like law",,10698d4e-8185-462d-918d-2ac3662efe85,,Restricted — Review,orange,70,Marketplaces and Aggregators,Marketplace / Multi-Vendor Platform,['marketplace']
69cff40982cf0355a3070c68,https://smooth-zen-shop-flow.base44.app,ZenShop,,,,407fa1e5-2e76-458d-acbb-1108a3b7bc78,,Likely Supportable,green,40,,,
69cfeef0ba8a81f8b4b3f184,https://amphibian-trade-flow-guide.base44.app,TradeFlow,,,,91d25e3a-3fd3-4898-ae13-92b90beb191a,,Likely Supportable,green,40,,,
6979810a6395fb4eaadc0a5b,https://nascira.base44.app,Hyperbaric Oxygen Therapy Leasing Platform,,"The Nascira Wellness application has transitioned to a model supporting both leasing and direct sales of hyperbaric oxygen chambers. Key UI updates include a refined homepage featuring a ""View Catalog"" call-to-action and a revamped ""Catalog"" page that utilizes a toggle to switch between leasing info",,77eb8020-73cf-4ce6-ac21-0e12376af848,,Likely Supportable,green,40,,,
69cfed4496c29010c28652fe,https://majestic-chic-closet-core.base44.app,Cher's Closet,,,,cd63d581-c512-42e8-90fa-cef259a77c51,,Likely Supportable,green,40,,,
69cc3fba0023657246bfa6cb,https://purpose-puppy-wear.base44.app,PUPPY.CORP,,"The project is a brand-focused e-commerce platform for ""Puppy.corp"" featuring a persistent shopping cart integrated with Base44 (Wix) Payments. Key development efforts focused on bridging the cart functionality with the Base44 Payments hosted checkout flow. An `OrderInfo` entity was created to track",,21eabf37-2d76-4c68-a630-0e14863ea20d,,Likely Supportable,green,40,,,
69cfeb771fec64b752f00f1b,https://neubie-flow-well.base44.app,Neubie wellness,,"The user is building a service-oriented website for ""Neubie"" electrical therapy and facial services, featuring a complete booking management system, service catalog, and package offerings. The platform is designed with a clinical-yet-luxurious aesthetic and is built on the Base44 ecosystem, utilizin",,d2a0db47-db53-421b-b09c-fc67d8b70720,,Likely Supportable,green,40,,,
69cfe5c7ae9747acdc8cd4f8,https://happy-arena-rival-clash.base44.app,Arena Rivals,,"The ""Rivals"" project has successfully integrated a quest system to incentivize gameplay. The system utilizes two core entities, `Quest` and `QuestProgress`, which track player activities—such as total wins, damage dealt, and specific fighter trials—and award keys upon completion. The `Quest` entity ",,4cf04a47-8214-4647-a4fd-b676e616b827,,Likely Supportable,green,40,,,
69ca8d9d76403940ce1ad6fa,https://score-ly.base44.app,Scorely,,"The user has finalized the integration of Google AdSense by creating a `public/ads.txt` file and implementing conditional logic in the `pages/Scoreboard` view to disable ads for subscribed users via the `useSubscription` hook.

To enhance the visual appeal of the dashboard, the user implemented dyna",,50364c55-528f-43b1-8186-0ec6b35e3b4d,,Likely Supportable,green,40,,,
69ced46e3206c71b2a3446ea,https://celestial-oracle-flow.base44.app,Celestial Oracle,,,,2c76d48f-2d3c-4012-ad47-27c0eb8ac96f,,Likely Supportable,green,40,,,
69cfaa5565fa7742142f49fa,https://craft-show-flow.base44.app,ShowLogistics,,"The ShowFlow project has completed UI optimizations for mobile-native compatibility, including `env(safe-area-inset)` support in key components. The application now features robust optimistic updates for data operations to enhance user experience. The focus has shifted to monetization, and the user ",,353f7139-7e14-4762-bd4a-6d0eb9aa9f7f,,Likely Supportable,green,40,,,
69cfcd3f61f20d7128c9ad08,https://find-heart-beats.base44.app,Heartbeat,,"The user is building a dating application on the Base44 platform featuring user profiles, a swipe-based discovery feed, real-time matching, and private messaging. Key entities include `UserProfile`, `SwipeAction`, `Match`, and `Message`, supported by custom UI components such as `ProfileCard`, `Swip",,4e3bb66e-daa2-4a98-bc12-00b6fe6b6df0,,Not Supportable,red,100,"Adult Content, Products, and Services",Dating Apps / Matchmaking / Companionship,"['dating app', 'dating']"
69cfb6b99fced17b8e3ee88b,https://our-space-story.base44.app,OurSpace,,"The project has transformed from a creator-centric storytelling platform into a high-performance social networking ecosystem with real-time engagement mechanics and monetization features.

Key developments include:

*   **Social & Engagement Engine:** Implemented a ""Kinetic Stream"" ranking algorithm",,4b971dc5-a255-4965-bc03-e7c9dfbce6d6,,Likely Supportable,green,40,,,
69c9c8109c137bb63e429bf6,https://valkyriesflagfootball.base44.app,Valkyries Flag Football,,"The user is currently troubleshooting the ""Valkyries"" flag football team website, specifically addressing an issue where the payment submission button enters an infinite loading state. The project has previously implemented Base44 Payments using the `create-checkout.js` backend function, a `Support.",,e83b74ed-de8d-48a3-a741-b56e07c98df7,,Likely Supportable,green,40,,,
69cfc1dc375d159fd318c097,https://my-lifeline-career.base44.app,Lifeline Resumes,,,,16b30bc3-f0e3-48d5-aeaf-ad27eb70ca81,,Likely Supportable,green,40,,,
69cfb89dd1ff262a465ed494,https://determined-swap-style-loop.base44.app,ThreadCycle,,"The ReThread sustainable fashion marketplace has been successfully deployed, featuring a core flow for trading in used shirts and browsing a marketplace of pre-owned items. The platform utilizes a custom warm, earthy design aesthetic and includes key components like a responsive navbar, product card",,fca0d228-9fa1-4d13-ab44-026248c5cd0b,,Restricted — Review,orange,70,Marketplaces and Aggregators,Marketplace / Multi-Vendor Platform,['marketplace']
69cfb45565fa7742142f4f29,https://memoria-life-story.base44.app,Memoria,,"The ""Memoria"" app is transitioning to a $1/month subscription model to simplify its business operations, moving away from a transactional ""Print & Ship"" service to a model focused on content curation. The technical architecture relies on Base44 Payments (Wix Payments) to manage recurring revenue, wi",,489e6b63-635b-4a9f-9b7d-876b5ed9cd64,,Likely Supportable,green,40,,,
69ce0760cb259389050d10c4,https://holms-studio-jams-copy-050d10c4.base44.app,HOLMS STUDIO JAMS (Copy),,"The project has evolved into a comprehensive music production workspace, with recent efforts focusing on mobile-first optimization, user management, and project-level collaboration. Key infrastructure changes include global `select-none` constraints on UI chrome, system-level dark mode synchronizati",,0ace795d-1d8b-407c-9b5c-a2d6bb07c1b3,,Likely Supportable,green,40,,,
69cf86f8a6d502f2386feac8,https://carolina-lease-link.base44.app,CarolinaRentals,,"The user is building a North Carolina rental application platform. The application originally used Base44 Payments for a $35 background check fee. The user has now requested to switch the payment integration entirely to Stripe and update the fee to $50.

The assistant has implemented this change by:",,8f6b9598-62ea-4f91-8be7-2d65303a5ecd,,Likely Supportable,green,40,,,
69cf69cafab4925b6658a03a,https://dungeon-hire-space.base44.app,DungeonHire,,,,d803660d-4e3d-42fc-ae94-40d8bc7651db,,Likely Supportable,green,40,,,
69cf61007b6af23b41de5414,https://peak-career-quest.base44.app,LevelUp Career,,"The user is developing a gamified career progression application featuring 100 unlockable levels, skill assessment, and community-driven features. The platform aims to visualize user growth through animated level-ups while gating access to specific chat groups, mentors, and training modules based on",,84c24f9c-5621-4340-a3d5-66da07798851,,Likely Supportable,green,40,,,
69cf5fc7af41384670ccb967,https://hasty-closet-style-flow.base44.app,ClosetAI,,,,f61996e9-66be-4014-acd7-9e8448d099c7,,Likely Supportable,green,40,,,
69cf5cf041768e4623068b9b,https://publish-profit-launch.base44.app,Ebookify,,,,1c0ce69e-9164-4d8a-ad8c-58140eee8fb0,,Likely Supportable,green,40,,,
69cf3f3f4c709407ade0ba8d,https://hulking-style-snap-sync.base44.app,Wardrobe Wizard,,"Wardrobe Wizard’s ""Base44 Payments"" integration is undergoing final technical refinements. Recent efforts addressed a request mismatch where the `base44.functions.invoke` call, which defaults to `GET`, was incompatible with a backend function enforcing a `POST` method requirement. To resolve this, t",,3f8c9a99-03f8-4ac8-99a8-23d07fb3583b,,Likely Supportable,green,40,,,
69cec93e98568252872e5200,https://atomic-heritage-872e5200.base44.app,Atomic Heritage,,"The user successfully refined a LinkedIn banner image to match a professional headshot. The process involved multiple iterations to adjust the color palette to cool navy, steel blue, and grey tones while preserving the original composition of three diagonal contrails. The final step involved enhanci",,0d82880e-98b0-4122-b4a8-bbf2f9ddef55,,Likely Supportable,green,40,,,
69cf3e6bd44823fee513f46a,https://nebulous-clear-thought-flow.base44.app,Simplifi,,"The project is an AI-powered text simplification tool that provides users with multiple complexity levels, including a premium ""In Depth"" tier. The app is built with a React-based frontend featuring a clean UI with text input, level selection, result display, and a paywall modal for premium access.
",,6e04da68-6439-42bb-8d98-1b9d794db421,,Likely Supportable,green,40,,,
69cf316610ac70fec23727a0,https://terrestrial-aether-dungeon-quest.base44.app,AetherBound: Ruin Crawler,,"The ""Ruinfall"" project has successfully transitioned into a highly optimized, mobile-first RPG experience with a focus on instantaneous UI responsiveness. The development has prioritized fluid transitions and performance, moving away from heavy, real-time asset generation in favor of a hybrid, cache",,b9b8fc2c-66c0-45d2-85ba-b24a6f8a757b,,Likely Supportable,green,40,,,
69cf2b9e49b91c682a8a8026,https://grow-oxygen-click.base44.app,Eco-Clicker,,"The ""Eco-Clicker"" project has finalized its transition to a high-performance navigation architecture using a centralized `TabLayout`. By moving the `BottomNav` into `TabLayout` and ensuring pages remain mounted during switches, the app now achieves near-instant tab transitions and preserves scroll p",,39ac6b49-5a8a-4659-b59c-a3f072c59f93,,Likely Supportable,green,40,,,
69cf33e7f7f36885e00eaeb3,https://kin-track-care.base44.app,KinTrack,,,,e4888e36-0ade-499d-bbb2-d5ddd7417ce8,,Likely Supportable,green,40,,,
69c94f89a423ce7c04fb8fe3,https://renda-ai-04fb8fe3.base44.app,RendaAI,,"The user has finalized the integration of a gamification system and refined the SaaS user flow for **RendaAI**. The project is now a stable, role-based platform with distinct ""Free"" and ""Premium"" tiers, using a centralized `UserProfile` entity to track progress.

Key project updates and technical im",,2f6d748e-a7cd-49d3-a0ab-f13d4cc199d6,,Likely Supportable,green,40,,,
69cf19e80e395a040eb15cf1,https://adaptable-peak-study-pulse.base44.app,Student Signal,,The **Student Zip** application has evolved to manage user check-ins by enforcing unique daily entries. The application logic was updated to prevent the creation of duplicate records for the same date; it now performs a lookup on component mount and date change to determine if a record already exist,,5e7c788b-819e-4e6a-86f2-96ee5695c6df,,Likely Supportable,green,40,,,
69cf0bc6f41f5a2cee0c969b,https://launch-biz-box.base44.app,Business In A Box,,"The project has expanded to ensure consistent access to service documentation across both the `PackDetail` page and the user dashboard. Building on previous work that integrated Google Document links for ""Garage Cleaning"" and ""Window Washing"" into the detail view, the agent has now extended this fun",,fc17a182-91b3-435f-bf68-20a4c8083501,,Likely Supportable,green,40,,,
69c601a268d0463ff7382c54,https://wool-lens-snap.base44.app,SheepCamera,,"The user is building ""SheepCamera,"" an image and video studio app with integrated social, productivity, and AI-powered editing tools. Key features include a daily rewards/streak system, a ""Studio"" with 500+ free and 250+ Pro tools, and a ""My Collections"" feature for organizing content. Users can now",,1b118a7f-d910-4b8d-aa5a-696125ed354b,,Likely Supportable,green,40,,,
69c72b31c4808f5eacbe1a82,https://br3dprints.base44.app,Br3D Prints ,,"The user is developing ""Br3D Prints,"" a 3D print store on the Base44 platform. The project features a public storefront and a dedicated `/admin` dashboard for managing products, store settings, and order statuses. Recent developments have focused on enhancing customer engagement and finalizing the e",,b36aa1bc-3b11-4cd8-a099-c65064ec9ab8,,Likely Supportable,green,40,,,
69cf0e4a49625dee6ec3b62f,https://solid-growth-base.base44.app,Bedrock Wealth,,"The user has focused on UI enhancements for the ""Markets"" and ""Coach"" (Analyst) pages. Key updates include replacing the third-party TradingView ticker tape on the Markets page with a custom, auto-scrolling `TickerBar` component. This new component allows users to click symbols to open the existing ",,0cf1c17d-77d0-4809-9432-cfb2e6a012c1,,Likely Supportable,green,40,,,
69c5e76a3670d950c1aeccce,https://gift-card-vault-copy-c1aeccce.base44.app,Gift Card Vault,,"The project is a gift card management application that has recently undergone critical security hardening for its backend infrastructure. Following a security review, the backend functions `expiryReminder` and `lowBalanceAlert` were identified as lacking proper authentication, potentially allowing u",,b3bacd3a-4730-4beb-b775-8de9f06092e7,,Not Enabled for Wix,orange,70,Financial Services,Digital Banking / Money Services / P2P Payments,['card management']
69cc55b031fba1e402b4166e,https://proficient-truck-sync.base44.app,TruckSync,,"The TruckSync platform has finalized its mobile-optimized architecture, incorporating persistent navigation, system-level dark mode detection, and Framer Motion transitions. The backend infrastructure now features secure Base44 Payments integration, utilizing `create-checkout` functions and robust e",,b9e32ba9-3efa-42b4-bb4e-f749a25f600c,,Likely Supportable,green,40,,,
69cdcec9c5454eb3783448af,https://ouu.base44.app,Ouu,,"The project is a gamified social delivery platform with integrated automated logistics and financial tools. Recent development focused on enhancing the `Live.jsx` page by implementing a real-time driver registration modal, allowing users to input name, vehicle type, and zip code for immediate activa",,b8c5aeea-b2af-40b3-a592-a7ba39c26199,,Likely Supportable,green,40,,,
69cf0a35e0168e5a288fc7dd,https://lume-vault-edit.base44.app,Luminescent Archive,,"The project is a luxury e-commerce application featuring a curated catalog of jewelry, wristwatches, beads, and human hair, utilizing a ""Celestial Neutral"" editorial aesthetic. The application is built with a React-based frontend and Base44 backend services, incorporating a custom product schema, a ",,3553d2f4-98b5-4f51-8ea7-1423e1ea559a,,Restricted — Review,orange,50,Illegal Products and Services,Luxury Dropshipping / IPR Risk,['luxury e-commerce']
69c2f83e6d8ba581cf2172a5,https://your-channel-flow.base44.app,YourChannel,,"The user is developing a video-sharing platform, ""YourChannel."" Recent progress included adding a navigation ""Account"" button and a ""Settings"" page for profile management. The current focus has shifted to implementing a payment flow using Base44 Payments (Wix Payments integration), specifically scaf",,07f35cc6-8c7c-4bbe-b252-318dc5381fbe,,Likely Supportable,green,40,,,
69a2e6b45858d424cc162a1b,https://crafted-creations-copy-cc162a1b.base44.app,Crafted Creations (Copy),,"The ""Crafted Creations"" app has been expanded with a new dedicated ""Learn to Crochet"" page, providing users with a 6-step instructional guide and resource links. Navigation has been updated to include this new page in both the desktop and mobile menus.

In addition to the content updates, the applic",,fdc3c09c-0d47-4fa4-a6b3-6285b8e86ed3,,Likely Supportable,green,40,,,
69cead2c513bc16ae28b45fb,https://jim-app-e28b45fb.base44.app,Jim — App,,"The user has successfully integrated Wix Payments (branded as Base44 Payments) into the platform to enable product purchases. The project now includes the necessary data architecture, backend logic, and frontend components to support a functional e-commerce flow.

Key changes and additions include:
",,a0858ee0-ab44-4929-a70c-da8f9701f28a,,Likely Supportable,green,40,,,
69cc97a1eefc65fe7f9ec9f1,https://luxe-view-copy-7f9ec9f1.base44.app,LuxeView (Copy),,"The user is building ""Luxe Ads,"" a designer fashion advertising platform that manages advertisement entries, tracks performance metrics (views and CPM-based earnings), and provides analytics dashboards. The application uses a React frontend with Tailwind CSS and a Base44 backend for data persistence",,00985ff1-266b-40b0-8121-f66f47a06175,,Likely Supportable,green,40,,,
69cf02c27b6af23b41de3e35,https://stoic-smart-flow-pay.base44.app,FlowPay,,,,d8fcda33-5621-473b-9a63-bb6826f91a2f,,Likely Supportable,green,40,,,
69cf03f311101b9b983b3422,https://easy-idle-yield.base44.app,IdleFlow,,,,c83fafe4-d94b-4a79-b0aa-4d3fde678939,,Likely Supportable,green,40,,,
69cdc808f39a1fa2884f5166,https://luxury-scent-link.base44.app,LNK,,"The user is building ""LNK,"" a luxury e-commerce platform for high-end fragrances. The project utilizes a centralized admin panel for product management, with a frontend `StoreFront` that displays `BrandCard` components which trigger `BrandModal` selection and `CheckoutForm` flows.

Key technical imp",,5faa5c8a-a266-48f3-9a50-251587023bbc,,Restricted — Review,orange,50,Illegal Products and Services,Luxury Dropshipping / IPR Risk,['luxury e-commerce']
69cda494b832cadae60d9e79,https://optimistic-digi-vault-pro.base44.app,DigiVault,,"The user is operating a fully functional digital product storefront built on Base44, configured to accept PayPal payments directly to a specified account. The platform features a responsive, branded UI with a product catalog, individual detail pages, a shopping cart, and a dedicated admin dashboard ",,95e48aee-af36-48f0-bc6e-ce4bda899080,,Likely Supportable,green,40,,,
6923568c4b1c9a82ab3e3807,https://sanctuary-life-ab3e3807.base44.app,Sanctuary Life,,"The user is building ""Natural Shield,"" a holistic wellness platform dedicated to EMF protection, natural healing, and informed healthy living. The platform integrates educational resources on topics such as heavy metal detox, parasite cleanses, and EMF mitigation using materials like shungite, coppe",,fbe6c176-acb7-44b7-b5d7-375bb9a801fc,,Likely Supportable,green,40,,,
69cefede73f8a2872d6e7804,https://pure-granny-goods.base44.app,Green Granny,,"The user is developing ""Green Granny,"" an e-commerce platform for organic Indian spices and sustainable goods. The project has moved beyond basic product cataloging and cart functionality to include a comprehensive suite of administrative and informational features. Key additions include a new `Revi",,22c0e024-8f7e-4305-b4dc-a7f93377b160,,Likely Supportable,green,40,,,
69cc046a2147f8e47e21b325,https://pure-oasis-home.base44.app,Oasis Cleaning Solutions,,"The user is continuing to refine the pricing details for the cleaning services offered. The latest updates involve adjusting the prices for apartment and residential home cleaning options to reflect new rates provided by the user. Additionally, the user requested a visual upgrade for the recurring s",,b2450e10-c4bb-4c43-895f-6aaa2af10c69,,Likely Supportable,green,40,,,
69cefd785f0e6633e6ece2d0,https://gainful-care-sync-link.base44.app,CareSync,,"The HALO project has been updated to improve native mobile usability while maintaining desktop compatibility. Key changes include the addition of a responsive `BottomNav` component for mobile devices, the implementation of a `PullToRefresh` wrapper for the `BrowseCaregivers` and `MyBookings` pages, ",,9de7e986-9b0e-4423-ad61-30ca38f9e811,,Likely Supportable,green,40,,,
69b98101c1b99df18a8454d1,https://brite-trace-path.base44.app,BriteTrace,,"The Brite Trace Academy platform project is currently focused on resolving data parsing issues for knowledge check modules. The primary technical challenge involves ensuring the LLM consistently generates and formats rationale text for multiple-choice questions, which the frontend's `KnowledgeCheckB",,3cf83896-3bf5-44b3-b129-2f465659d087,,Likely Supportable,green,40,,,
69cb123e27b94e4517201240,https://clause-clear-17201240.base44.app,ClauseClear,,LegalLens has successfully implemented a comprehensive Base44 Payments (Wix Payments) integration. The project now features a `create-checkout` backend function to trigger subscription sessions and a `wix-payments-webhook` to securely handle order fulfillment and user account upgrades. A new `ThankY,,62c5b8e0-08c9-49cb-92af-5be33a9b1913,,Likely Supportable,green,40,,,
69cefb678d013de8f2c0c304,https://translucent-pure-amino-flow.base44.app,Synthetix Bio,,"The user is building an e-commerce website for selling injectable amino acids, modeled after ""omegamino.net."" The platform utilizes Base44 Payments (Wix Payments) to manage credit card transactions, with a custom backend (`create-checkout.js`) and a webhook handler (`wix-payments-webhook.js`) to aut",,e0a94b33-72d2-47a4-b33e-c63705d37683,,Likely Supportable,green,40,,,
69cef9176c058912fcc46e7c,https://daily-yes-ritual.base44.app,Yes,,,,18773400-af49-4c51-a0cc-fb63258bc192,,Likely Supportable,green,40,,,
69aba0740597f9c675b95fa5,https://apex-trade-75b95fa5.base44.app,Mob Money World Trade Center ,,"The platform, now branded as **Mob Money Financial**, has evolved into a comprehensive crypto-financial terminal developed by Mob Ties Creative LLC. Recent functional additions include a **Crypto Academy** for interactive learning and a **Portfolio Rebalancer** that enables users to manage target as",,f5405fca-3af9-4fc3-86ac-b3427d76d55d,,Likely Supportable,green,40,,,
69bf6070e5eb78184083a9b5,https://clearcode.base44.app,Clear Coad,,"The project has evolved into a comprehensive inquiry management system with real-time capabilities and integrated user notification preferences. Key structural components include the `EmailSubscription` entity and dedicated frontend pages (`/email-preferences` and `/unsubscribe`), allowing users to ",,a519db5f-cca7-4a59-b980-caeb8e935c37,,Likely Supportable,green,40,,,
69b6fbc4fee70ead52e52990,https://betel-shop-1-copy-52e52990.base44.app,Betel Shop,,"The project has expanded to include a refined order fulfillment workflow where `DependientaPortal` now triggers a PDF voucher generation upon updating an order to ""Entregado Almacén."" This flow allows staff to print or download vouchers directly via a new modal prompt, using a centralized `generateV",,700cc486-bc02-4d6b-b606-9a61c394820d,,Likely Supportable,green,40,,,
69ceb8c73f696956004a9dae,https://supplycultureclothing.base44.app,StreetSnap,,"The **supply.culture** project has evolved from a small shop into a comprehensive e-commerce platform. Key structural changes include moving the entire product inventory into a centralized `lib/products.js` file to support scalability, and implementing a dynamic, keyword-based image mapping system t",,70b51d8b-3f1a-4d7e-be28-6494f78d588a,,Likely Supportable,green,40,,,
69cee2ec9b95988463b68eb6,https://grinning-safe-sub-flow.base44.app,SubGuard,,"The user is building **SubGuard**, a web-based subscription tracking and alert application. The project is designed to help users monitor subscription costs, track introductory period expirations, and visualize spending patterns through a clean, dashboard-oriented interface. The core data structure ",,bc2e296c-06db-4b2d-9cdf-d53c4b6928b1,,Likely Supportable,green,40,,,
69b1daef886de3bf17f0f823,https://show-ready-path.base44.app,ShowReady AI,,"The user is refining an animal management application with a focus on log tracking, AI analysis, and subscription management. Key features include a ""Daily Goals"" panel for the Daily Planner, an AI analysis tool for assessing animal condition, and a notification system on the dashboard that alerts u",,9ea69a6e-e851-4f98-b259-3017d910ca38,,Likely Supportable,green,40,,,
69ced952d0628c6b94ce4893,https://elevate-virtue-aid.base44.app,Elevate,,"The user is building a professional platform for a virtual assistant service, targeting both individuals needing partial support and those requiring full-time assistance. The core offering is structured around four pricing tiers: Basic, Premium, Elite, and Enterprise, which vary by hourly commitment",,d7f5daae-00ef-4fbd-ab54-2a2f11b2d54f,,Likely Supportable,green,40,,,
69c5a068fc024ed0b304905d,https://watch-vault-go.base44.app,WatchBox,,"The **WatchBox** project has successfully implemented **Base44 Payments (Wix)** to enable in-game currency purchases. A secure backend function, `create-checkout.js`, manages checkout sessions, and the `CoinShop` component was updated with robust error handling to guide users through the payment pro",,47369243-7786-4ac4-9eeb-1ac6cdeb9c84,,Not Supportable,red,70,Gambling and Games of Skill,Virtual Casino / Loot Box / Cash Prize Games,['in-game currency purchase']
69cece29b1c251e1ee72e5e0,https://fluffy-vision-craft-labs.base44.app,VisionCraft,,"The user has finalized the integration of a document export feature for design prompts within the **MagicTransform** application. This feature allows administrators to download a comprehensive list of all 74 available style prompts via a new button on the `Account` page, which invokes the `downloadP",,380177ec-f7d0-45cd-8ac7-fe04a442aa96,,Likely Supportable,green,40,,,
69ceccec42f0ddb1ad38d7e8,https://loud-pristine-home-flow.base44.app,PurePerimeter,,"The project has transitioned into a guest-friendly, subscription-focused service platform. Key architectural changes include the implementation of a guest checkout system that removes mandatory login friction, while maintaining optional account functionality with persistent session management and a ",,19a34175-ade9-45c1-be58-5b03a2afda1f,,Likely Supportable,green,40,,,
69cd61650ba084243397ac9f,https://cove-plan-3397ac9f.base44.app,Cove Plan,,"The Haven platform has refined its consultant-facing subscription management system. Following a transition away from sandbox payment testing due to limitations in the Wix/Base44 Payments environment, the user is now managing subscription tiers manually via the database.

Key interface updates were ",,aea8797a-5844-4451-a69e-95b1563174d0,,Likely Supportable,green,40,,,
69cec8050e395a040eb132b4,https://play-arcade-cash.base44.app,ArcadeCash,,"The project is a ""Minigame Hub"" application featuring 30 distinct minigames across six categories (Tap, Memory, Timing, Luck, Puzzle, Skill). The application uses a React/Tailwind frontend, a robust `GameShell` component for progress and reward tracking, and a centralized `gameRegistry` to manage di",,1a37efd3-cf2d-4081-b46c-efd27e5acb9b,,Likely Not Supportable — Review,red,40,Gambling and Games of Skill,Virtual Casino / Loot Box / Cash Prize Games,['minigame']
69cec7e487a76d017225646d,https://devs-trade-pulse.base44.app,Devs Trades,,"The **Devs Trades** project has successfully implemented a tiered membership system using the `PricingSection` component, featuring a free ""Basic"" tier and a paid ""Premium"" tier priced at $35.99/mo. The integration of Whop links for checkout has been established, and the ""Basic"" tier features were s",,c94b1036-4c2c-48ae-bf13-05d72ac941a5,,Likely Supportable,green,40,,,
69bb53bd8d5d59dc96f5bc67,https://enigmatic-quiz-mind-master.base44.app,StudyFlow,,"The project involves integrating a hybrid payment architecture into a student dashboard, supporting both Wix Payments and Stripe. The user is actively transitioning to Stripe as a secondary payment channel, which required implementing backend functions for checkout sessions and webhook processing, a",,8917b5f9-6c7b-4204-a077-7d5deafd348d,,Likely Supportable,green,40,,,
69cec7b746008fe35728b299,https://nail-glow-streak.base44.app,NailBiter,,"The user is developing ""NailBiter,"" a gamified nail-biting recovery application built on the Base44 platform. The app features daily photo check-ins, a streak-tracking system, a point-based leveling mechanism, and a competitive leaderboard. The core experience is designed with a vibrant ""Duolingo-in",,bfefbeae-1455-4874-bec6-a16e7462af98,,Likely Supportable,green,40,,,
69ce94ee5f901620a1dbd4a1,https://greg-coastal-catch.base44.app,Greg's Coastal Charters,,"The user is building a professional, cinematic single-page marketing website for ""Greg's Coastal Charters,"" a fishing service based in the Gulf of Mexico, Florida. The project uses the ""Salt & Steel"" design system, characterized by a dark ""Abyss Black"" theme, Apex Orange accents, and a combination o",,51e782f0-1ba1-4589-bccf-2a17fabbb310,,Likely Supportable,green,40,,,
69c9cf0603aeb289b652f307,https://translucent-ink-flow-lab.base44.app,Inkflow AI,,"The ""Colorist AI"" project is currently focused on resolving persistent timeout errors occurring during the AI-driven prompt generation process in `ProjectDetails.jsx`. Previous architectural efforts to mitigate these timeouts involved splitting the monolithic generation process into two sequential A",,d7c4392e-000b-4258-868f-04f158be6937,,Likely Supportable,green,40,,,
6959ac54b9c22436524f95b5,https://red-flag-reality-by-revoheart.base44.app,Red Flag Tracker,,"The ""Red Flag Tracker"" app for *Revolution of the Heart* has been fully realized as a trauma-informed, mystical-aesthetic digital companion. Key functional additions include a robust safety suite consisting of a passcode-protected sensitive entry system, audio-guided grounding exercises (Box Breathi",,17fb1e11-78fe-4c26-b90b-fd24d6688e2c,,Likely Supportable,green,40,,,
69a9b8a479b2fe82c9afe752,https://grid-pro-scout.base44.app,Athlete House,,"The **Athlete House** platform has standardized its authentication and navigation logic, ensuring consistent `authError` handling across the `MyBookings` and `TrainerDashboard` pages to prevent login redirection loops. The Trainer Dashboard has been significantly refined to improve the user experien",,c6fe4347-2e74-4160-bd67-8efa022eab15,,Likely Supportable,green,40,,,
69c0c79ff5bba48b63f442c1,https://civilian-bridge-path.base44.app,BridgePass,,"The ""Reintegrate"" application is a military transition assistant built on the Base44 platform, featuring a checklist-based `TransitionTask` system, a `ResourceLibrary`, a `Journal`, and a multi-purpose `ResumeTranslator` suite. Recent development has focused on transforming the platform into a compr",,5ea606e6-a8c2-44e7-85d0-5b9b075f5d99,,Likely Supportable,green,40,,,
69ceaa6569cf5873475e8319,https://petite-resume-pro-path.base44.app,ResumePro,,"The user has developed ""ResumePro,"" an AI-based resume rewriting service with a professional aesthetic featuring gold accents and serif typography. The core functionality includes a contact form that captures service requests (package selection, industry details, and notes) and uploads user resumes ",,fa429b04-de9b-44c6-b121-3f793ed45984,,Likely Supportable,green,40,,,
69cc2926786a99bc4ed1aecf,https://truck-toll-path.base44.app,TollTrack Pro,,"The ""TruckTollPro"" platform has evolved into a comprehensive trucking management solution. Key refinements include updating the multi-language switcher to support only English, Russian, and Uzbek, and enhancing the ""Market"" page with a prominent ""Update from DAT One"" button, which triggers real-time",,d864a453-b70b-43fe-8942-bdc2b9b03643,,Likely Supportable,green,40,,,
69c73789b3da2b9c614135f3,https://pulse-cannabis-drops.base44.app,Mdcandeal,,"The **MDCannabisDeals** platform has undergone technical refinements to ensure consistent data filtering, asset loading, and site performance. Key updates include modifying `DealsGrid` to correctly render ""statewide"" deals within regional filters and updating dispensary slugs in `DispensaryDiscounts",,517d4fdd-2136-479d-bf24-6ee45b1c2c85,,Likely Not Supportable — Review,red,40,Marijuana and Related Businesses,Marijuana / CBD Products,['dispensary']
69ceab038d013de8f2c094b1,https://natural-snack-snap-go.base44.app,SnackSnap,,"The user has developed a school snack shop application using the Base44 platform, featuring a catalog of snacks, a shopping cart, and integration with Base44 Payments for card transactions. Key data entities include `Snack` (for inventory) and `Order` (for transaction tracking), with a UI built usin",,98a8763f-1d3c-45c5-8957-084181df8a99,,Likely Supportable,green,40,,,
69ce9d771cfb99fac969713f,https://collect-scan-vault.base44.app,Collectify,,"The user is building **Collectify**, a comprehensive, AI-powered platform for identifying, valuing, trading, and managing collectible items. The project is designed with a premium, futuristic aesthetic featuring a dark mode, glassmorphism, and neon UI elements.

**Project State & Architecture:**
- *",,68600533-891c-4539-8899-170c5b788ef2,,Likely Supportable,green,40,,,
69cdd193bec75246d54bf2b3,https://economic-style-sync-flow.base44.app,StyleSync,,"The project, **StyleMatch Fit**, has focused on integrating Base44 Payments (Wix Payments) to enable premium subscriptions. Initial implementation faced challenges with the `create-checkout` flow, specifically regarding backend response handling and communication with the payment service. To resolve",,c695f00b-7670-4d4d-bab7-583229aaa81c,,Likely Supportable,green,40,,,
69ce996a99c1907b56646a04,https://omniscient-flow-state-pro.base44.app,FlowBook,,"The project, **FlowBook**, is a service business management platform modeled after HoneyBook, featuring a robust CRM, project management, contract templates, proposal builder, and scheduling tools. Recent development focused on populating the application with sample data across `Project`, `Proposal`",,7066b7de-226d-429c-b61a-9159522f0bb2,,Likely Supportable,green,40,,,
69ce9d983ba6640954dc40d0,https://flow-biz-bill.base44.app,FlowPay B2B,,,,3f4c77c4-2a26-45a7-8f78-9d832b521e06,,Likely Supportable,green,40,,,
69ce98e48ca363dba41faee4,https://smart-competent-lead-flow.base44.app,Lead Reactor,,"The Lead Reactor application is fully implemented, featuring a comprehensive suite of tools for lead management, sales pipeline tracking, automated campaigns, and review management, all built with a responsive Tailwind CSS UI. Key components include a Kanban-style pipeline, activity timelines for le",,08c77071-801b-4f11-9d39-9ee2bc0b6e1f,,Likely Supportable,green,40,,,
69828d02dcd6f48c53bc8fa7,https://event-flow-copy-53bc8fa7.base44.app,EventFlow (Copy),,"The user is working on integrating a referral program into their application. Previously, the focus was on building the administrative backend for managing referrals, including a dashboard with statistics and a detailed table of referral data. This involved creating new components like `ReferralMana",,b3fe11b9-ea3a-4c81-a1a8-88fff2dcf953,,Likely Supportable,green,40,,,
69ce6e46755dd26a04fb9aa0,https://rainbow-candy-co.base44.app,Rainbow Candy Vending Co.,,"The user is developing a candy e-commerce platform called ""The Prism Gallery,"" featuring a vibrant, ""80s retro"" aesthetic. Key visual elements include a light-themed background with a subtle neon grid overlay, ""Bungee"" retro typography for headlines, and ""prism-shifting"" rainbow gradients for key te",,f50df028-653b-4f13-8361-f92309ebaccb,,Likely Supportable,green,40,,,
69aedde404c2d3988e108b63,https://craft-wx-trainer.base44.app,CRAFT/WX Trainer,,"The user has finalized the integration of a monetization system for the ""CRAFT/WX Trainer"" application, implementing a 15-day free trial followed by a $20 lifetime access purchase. Key technical changes include:

*   **Payment Infrastructure:** Wix Payments was integrated to handle one-time transact",,a69c0c4e-132c-456d-84a2-fe20bf48bd6e,,Likely Not Supportable — Review,red,30,"Unfair, Deceptive, or Abusive Practices",Negative Option Marketing / Hidden Subscriptions,['free trial']
69cc3b3337cfef5d80f3848a,https://artfullywell.base44.app,Artfully Well,,"The project, ""Artfully, Well,"" is a professional art therapy website featuring a ""Somatic Modernism"" aesthetic. Recent development has focused on implementing a robust, four-step booking flow within the `BookingSection` component. This flow includes session selection (with integrated pricing), an in",,3d515a48-4dd7-44b7-ad9c-889ea63dcdd0,,Likely Supportable,green,40,,,
69cb19c05724bd492c1bf222,https://dual-story-hub.base44.app,LinguaLivre,,"The project has transitioned from a bilingual book preview and reader application to a full e-commerce sales platform for Bishop Philippe Remy's work, ""The Power of God."" The interface features a navy blue aesthetic across all components, including the sales page, which now supports three book forma",,acd03393-a6bf-428b-861c-fdca0cdcba0d,,Likely Supportable,green,40,,,
69cbf40c343aa57f2d3dbfb9,https://acutabove.base44.app,Verdant Cut,,"The user is developing a lawn care service website and has transitioned from building frontend UI components (pricing tables, FAQ accordions, and testimonial carousels) to integrating backend functionality. Following a decision to prioritize email notifications over SMS due to subscription limitatio",,d66c6d59-0017-4e4a-a99d-9ad5cdfa065a,,Likely Supportable,green,40,,,
69ce71067a767ca701593699,https://squatch-word-woods.base44.app,Squatch Word Forest,,"The user is building ""Squatch Word Forest,"" an interactive word-of-the-day app for children. The app will feature friendly sasquatch characters, a forest theme, and will have both free and premium versions. Key components being developed include visual elements like Sasquatch characters, forest scen",,464a19bc-baee-4044-823f-4b8c34db2247,,Likely Supportable,green,40,,,
69ce6ff8246eea2ce1887055,https://fit-obedient-flow-go.base44.app,FitFlow,,"The user is building a fitness tracking app. Initially, the app focused on weight management goals, calorie tracking via AI image recognition or search, and recipe recommendations. The core entities (UserProfile, MealLog, SavedRecipe), essential components (Layout, CalorieRing, MacroBar, MealCard, R",,380b6a12-12b1-4d9e-89c9-0af0e376104d,,Likely Supportable,green,40,,,
69c522ee8599af644af5bebd,https://grid-snap-chart.base44.app,IN GAME ANALYTICS,,"The user is building a football play-calling and statistics application. Recent development has focused on refining the `GameSettings` module and the play-calling form.

In `GameSettings`, the user has consolidated the terminology reset functionality. Instead of resetting individual categories, a ne",,007a49c8-6e9c-4285-a9dd-fc0b69a9e2da,,Likely Supportable,green,40,,,
69ce63bd2fb90fbad4ee922b,https://bright-sync-point-connect.base44.app,SyncPoint,,"The user is developing ""NearBy,"" a networking app designed to connect individuals based on proximity and shared interests. The project has evolved from a basic discovery tool into a freemium platform. Key features include user profile management, location-based matching, and a robust interest-taggin",,1220f471-da98-4df4-9b68-d0ee9814f432,,Likely Supportable,green,40,,,
69cd5ad93e23608c6e7a637d,https://studypodsedu.base44.app,StudyPods,,"The **StudyPods** application has been expanded with a robust, real-time chat interface to facilitate communication and file sharing between matched study partners. The implementation includes a new `ChatMessage` entity, a dedicated `Messages.jsx` page, and specialized components (`ChatBubble`, `Cha",,39c4836b-40a8-452d-8e8d-eb2e1f380d53,,Likely Supportable,green,40,,,
69ce62c85d9bb2e84adcae66,https://clarity-quill-flow.base44.app,Clarity Quill,,"The user is building an AI-powered writing assistant designed to provide grammar, style, and clarity improvements for text. The application features a sophisticated, minimal UI using a warm cream and slate color palette, with a primary focus on a functional writing interface.

The project structure ",,6b8156d6-7fcf-43ed-a374-c6f4ee69bf43,,Likely Supportable,green,40,,,
69ce6122e3a171f9b84981c4,https://courageous-swift-pay-direct.base44.app,SwiftPay,,,,f0a53ae4-5453-45dd-a6b4-d0bf1d239094,,Likely Supportable,green,40,,,
69ce5c3c524bdd08261a4c77,https://quick-sift-snap.base44.app,QuickSift,,"The user is building an AI-powered search and summary application, featuring a multi-step `OnboardingPage`, ""BoB"" developer mode, and payment infrastructure powered by Base44 Payments (Wix Payments). Recent developments have focused on enhancing the user experience within the `SearchPage` by adding ",,5cf633fa-fba4-4cb9-9caa-fef5cdf4a933,,Likely Supportable,green,40,,,
69ce52786bf0f813dc4a7a95,https://terra-forma-pay.docker-pr-6688.velino.org,TerraForma,,,,b3400f6f-3979-4233-ae3e-fdfb11570030,,Likely Supportable,green,40,,,
69ce4c9158ca532cfb9d9803,https://slim-velox-pay-flow.base44.app,VeloxPay,,,,d0ca5b60-eaf3-43ee-a025-f171f2424129,,Likely Supportable,green,40,,,
69ce481bb36112eb64fa3886,https://fit-flow-copy-64fa3886.base44.app,FitFlow (Copy),,,,f8eb8ec2-7eff-4ad7-b17c-47bccf66b98b,,Likely Supportable,green,40,,,
69b34f8c92004d139d4bae6f,https://perfect-live-arena-pulse.base44.app,NextPlay,,"The application, now rebranded from ""SportPulse"" to ""NextPlay,"" has undergone significant functional and branding updates. A core architectural change was made to the `ProGate` mechanism, which now defaults all new users to ""Pro"" status, while the `Pricing` page has been expanded to a three-tier mod",,891307f1-7d60-46bb-a5a5-876f58218bd4,,Likely Supportable,green,40,,,
69ce461ddb36dc079b6e767b,https://fit-smooth-flow-pro.base44.app,FitFlow,,,,167a3998-4fdf-4a96-ad48-ffd61f28aa12,,Likely Supportable,green,40,,,
69ce3b1a5d5545ccc6637549,https://jarvis-c6637549.base44.app,Jarvis,,,,7b57e9cf-536e-472f-9dcb-38aca451b874,,Likely Supportable,green,40,,,
69cbfc2e4698cc0a5ab3856c,https://small-easy-tax-flow.base44.app,TaxFlow,,"The **American Tax Hub** has been significantly expanded with a **Tax Projection Engine**, a **Manual Bank Feed** for CSV transaction reconciliation, and a fully integrated **payment system** using Base44 Payments (powered by Wix). The project now features a complete checkout flow, including a `Pric",,79d523a4-8633-422b-a627-214e14fc520e,,Likely Supportable,green,40,,,
69ce33b3ef5464d8539a62ea,https://talented-pay-flow-go.docker-pr-6679.velino.org,PayFlow,,,,a8ac7140-bec8-49ab-8323-de90a5976871,,Likely Supportable,green,40,,,
69ce28ea05e66a8a4f54348e,https://heretic-sparkle-meet-glow.base44.app,Live Time,,"The user is developing a live-streaming platform, StreamCircle, and has recently implemented several new features. The platform now includes ""Fan Milestones"" for viewer engagement, a ""Creator Insights"" tab on user profiles displaying stream performance metrics, and a ""Duet Request"" feature for colla",,bcb1321b-855a-4d32-a78b-8ed8a47867b2,,Likely Supportable,green,40,,,
69cdea4fbe4c9c57df014725,https://picvote.base44.app,picvote,,"The ""PicVote"" application is a photo-voting platform featuring user-based voting, streaks, and milestone bonuses, with integrated Base44 Payments. Recent development focused on application stabilization, specifically refactoring `AuthContext.jsx` to resolve an unhandled promise rejection error cause",,abb169ea-af62-413f-a2dc-a9e0ec0534e2,,Likely Supportable,green,40,,,
69ce04ad05e66a8a4f542623,https://jumping-velvet-lens-live.base44.app,Velvet Lens,,"The user is building ""Nocturnal,"" a live webcam platform featuring a dark, cinematic UI. The site includes a homepage with a performer grid, individual stream rooms with integrated chat functionality, and an admin dashboard for managing performers, broadcast permissions, and viewing real-time site s",,b0bdebe5-c714-45b6-bbef-c765092748f8,,Likely Supportable,green,40,,,
69cdfe019a9fa2164d672dcd,https://toy-tales-talk.base44.app,ToyTales,,,,eecf5f9f-99eb-499b-95a3-02a753a6e084,,Likely Supportable,green,40,,,
69cdfdcd7396bf1b0d4de6f6,https://poetic-velvet-vault-live.base44.app,VelvetVault,,"The user is building ""The Sensual Archive,"" a premium, editorial-style 18+ content platform. The project features a sophisticated, dark-themed UI (obsidian, gold, and parchment palette) with a focus on immersive typography and cinematic imagery.

Key technical components implemented include:
*   **E",,abc3f1f1-122e-4f82-8590-8f03fe980d45,,Likely Not Supportable — Review,red,40,"Adult Content, Products, and Services",Pornographic Imagery,['18+ content']
69cdec1b5b57fbfc3ed9743a,https://cardtrackrhub.base44.app,CardTrackr,,"CardTrackr is a full-stack trading card discovery platform for the Tri-State Area built on the Base44 platform. The application features a comprehensive suite of tools for collectors and vendors, including a card search engine, interactive show maps, wishlists with notification support, and vendor i",,3d328f78-f44e-472c-bc40-fa31a5f00ce0,,Likely Supportable,green,40,,,
69cdefd124027563dcd22e86,https://daily-win-pot.base44.app,DailyPot,,"The user is building a daily raffle application where users pay $0.25 to enter, and the winner receives 2/3 of the total pot. The project features a frontend built with React and Tailwind CSS, utilizing Base44 entities to manage raffle states (`Raffle`, `RaffleEntry`) and a referral system (`Referra",,7d32a816-4d9c-48df-9e25-a7737927f6f8,,Likely Not Supportable — Review,red,30,Gambling and Games of Skill,Lottery / Raffle / Giveaway with Purchase,['raffle']
6993ae6681cc8886605f2e62,https://track-stock-sell.base44.app,Consignment Inventory Tracker,,"The ""Taxaura"" platform has undergone significant architectural and functional updates to streamline invoicing and data management. Key enhancements include the integration of a `Business` entity with a dedicated `address` field, which now auto-populates business information into generated invoices. ",,7d701a1e-65df-4b6c-b6a9-3d9a6a251e1e,,Likely Supportable,green,40,,,
69cdea5218e7056ffa04de84,https://impossible-serenity-flow-book.base44.app,Serenity Flow,,,,fb3d9118-878c-4672-9b84-360c5a4a8904,,Likely Supportable,green,40,,,
697e351635e62b1a097e0712,https://visual-resale-ai.base44.app,AI Visual Studio for Resellers,,"The SnapSell project has evolved into a robust SaaS platform with a focus on high-performance image processing and a modern, high-converting marketing presence. Key updates include the transition to a dynamic, database-driven pricing model, where the `Plans` entity serves as the source of truth, ena",,539f9ec7-4c95-4ad3-972d-4720cb2b745a,,Likely Supportable,green,40,,,
69cde1c5115e563d8336f83e,https://sonance-award-flow.base44.app,Sonance Awards,,"The project is a ""Music Awards"" application on Base44, featuring a cinematic dark-themed UI for browsing categories and voting. The core functionality has shifted to a paid model, where votes are gated by Base44 (Wix) Payments. To support this, the app uses a `create-checkout` backend function to ha",,f984c4d4-1025-4925-b6e4-315cd6acb476,,Likely Supportable,green,40,,,
69cd95299b3f7266fd4c6cae,https://pure-nectar-sip.base44.app,NectarFlow,,"The user has implemented a loyalty points system for the ""Sippd"" platform. Key architectural additions include a `LoyaltyPoints` entity to track customer points by email and a `LoyaltyProvider` context to manage point calculation and discount redemption logic. A new `Profile` page was created for us",,640d8ac8-22c8-42d5-8dc8-1ab6611bce44,,Likely Supportable,green,40,,,
69cddde59fce038b13f55942,https://fit-vision-core.base44.app,FitVision Coach,,"The user has successfully built **FitVision Coach**, a modern, mobile-first fitness PWA featuring a dark-themed UI with teal accents. The core functionality includes an onboarding flow, a home dashboard with daily motivational content, a comprehensive workout library with categorization/filtering, a",,b87e91db-86fe-43be-8a38-a76af4a18717,,Likely Supportable,green,40,,,
69cdd8d9833cf2714a0f404f,https://estatefund.base44.app,EstateFund,,"The project, **PropVault**, has undergone a structural update to support a ""Coming Soon"" status across Properties, Businesses, and Projects, alongside a critical security hardening phase to restrict administrative actions.

**Key features and structural updates include:**
*   **Status Management:** ",,a717303b-cf4c-4366-a443-e1071d9bcddd,,Likely Supportable,green,40,,,
69cdd748493cff1ce3b67a2d,https://track-the-buck.base44.app,DollarDash,,"The user is building an interactive web application where visitors pay $1.00 to view an animated breakdown of how that dollar is distributed (e.g., transaction fees, infrastructure, development costs). The project is built using React, Tailwind CSS, Framer Motion for animations, and includes a dedic",,2716e182-00a1-409a-8f9c-7b934c2c8f23,,Likely Supportable,green,40,,,
69aad231efb084fa3debd1e0,https://sabor-daily-track.base44.app,Sabor Tracker,,"The user is developing the ""Mi Comida"" health and wellness application. Recent efforts have focused on expanding the food library with authentic Mexican items (salsas, street food, candies, and condiments) and implementing a subscription-based model using Base44 Payments.

Key technical milestones i",,faede129-b391-48b3-8e73-7afd4a5be770,,Likely Supportable,green,40,,,
69cd824518e7056ffa04b673,https://raw-nomad-radar.base44.app,LLL,,"The user is continuing the development of the **""NomadRadar""** travel platform, focusing on refining the **Base44 Payments** (Wix Payments) checkout integration and expanding site functionality. Key technical accomplishments include debugging a `SyntaxError` related to backend JSON responses, resolv",,5c2cecf2-e23b-4b7b-b645-493817034684,,Likely Supportable,green,40,,,
69cd5d18791c408fb2157bd3,https://vault-stream-prime.base44.app,StreamVault,,"The project, **StreamVault**, has transitioned its payment infrastructure from a planned Stripe implementation to **Wix Payments (branded as Base44 Payments)** to simplify the integration and maintenance of checkout flows. This decision was driven by the user's preference for a streamlined, managed ",,8dfc5a71-e4d4-40e5-9738-d6b1849d9fee,,Likely Supportable,green,40,,,
69cdcb10bec75246d54bf1f9,https://makina-scan-pro.base44.app,Kontrollo Makinën,,"The project has pivoted from a vehicle history lookup tool (“Kontrollo Makinën”) to a car marketplace platform branded as “Shit Makinën Shpejt” (SHMSH). The user rejected the previous database-driven model in favor of a user-generated content platform where sellers list their vehicles, and the platf",,a2345f2c-f156-4645-a871-517e85547114,,Restricted — Review,orange,70,Marketplaces and Aggregators,Marketplace / Multi-Vendor Platform,['marketplace']
69cd16017ece64b06294d41b,https://passionate-grow-smart-plan.base44.app,GrowSmart,,"The user is developing ""GrowSmart,"" an AI-powered gardening assistant featuring a `PlantCamera` for health assessments and a `Planner` page. Recent progress involved implementing a dynamic time-based greeting in the `Layout.jsx` navigation bar using `useEffect` and `setInterval` to update the UI bas",,0d98784e-d83f-472c-8702-2df4278515f4,,Likely Supportable,green,40,,,
69cdbde364b46ff4fc26060f,https://dramatic-pure-sound-vault.base44.app,SoundVault,,"The SoundScroll platform has undergone a major feature expansion to enhance both creator tools and user engagement. Key technical additions include a high-performance `AudioPlayer.jsx` component featuring playback speed controls, an equalizer, and a visualizer, alongside a new `EventsPage.jsx` scaff",,38bfb9aa-e861-490d-afb7-5f5b85dda0f2,,Likely Supportable,green,40,,,
69cd6b32db3303eefa702a45,https://farm-to-you.base44.app,Farm to you,,"The development of the ""Home2You"" marketplace has focused on strengthening user authentication gates and implementing robust communication features. The platform ensures that core actions like selling and messaging are restricted to authenticated users, with UI feedback provided for non-logged-in vi",,de9235f9-635c-4e5a-90dc-7f217cf87594,,Restricted — Review,orange,75,Marketplaces and Aggregators,Marketplace / Multi-Vendor Platform,"['marketplace', 'selling']"
69cdc55e1abf859be0566583,https://virtu-flow-labs.base44.app,VirtufyAI,,"The user is developing ""VirtufyAI,"" a chat application featuring file/photo uploads, AI image generation, content moderation, and a premium subscription model ($3/month with a 3-day free trial). The UI is built with a dark theme and custom branding, including a specific ""V"" inside an outlined cube l",,a1421201-a1c8-4835-ab1f-7c7f2a7db5fc,,Likely Not Supportable — Review,red,30,"Unfair, Deceptive, or Abusive Practices",Negative Option Marketing / Hidden Subscriptions,['free trial']
69cd1c7af3d091e5e3cdc7e7,https://cunning-smart-travel-path.base44.app,BudgetTrip,,"The user is building ""BudgetTrip,"" a mobile-first travel planning application. The app generates cost-optimized itineraries based on user-defined budgets and trip lengths, utilizing an AI-powered generator. Recent development has transitioned from basic trip generation to a multi-destination model w",,af092846-677a-4f2e-a74f-efb774004418,,Likely Supportable,green,40,,,
69cdae592e8d88e81bec98ba,https://dude-1bec98ba.base44.app,dude,,,,ae7093cb-f529-42c6-a348-2f9e30f41f6e,,Likely Supportable,green,40,,,
69cdb9bbd3ed52f2bb2d4bd2,https://gabby-easy-tip-flow.base44.app,TipFlow,,"The user is building a tipping application that facilitates both sending and receiving tips, featuring a personalized dashboard for each user. Key functionalities implemented include the generation of unique QR codes per user for seamless tipping, an integrated manual entry system using unique text ",,92a9269a-4c2b-4848-be60-26c114d7b706,,Likely Supportable,green,40,,,
69cdb968830d73164940fbc3,https://smoke-vault-essentials.base44.app,SmokeVault,,"The ""Smoke Shop"" e-commerce platform has evolved to include an interactive search feature, where a `SearchTrend` entity tracks query popularity. The `Navbar` component was updated to include a `SearchDropdown` that provides live product results and displays trending search queries as clickable chips",,c9d70e10-b383-4b16-9c48-2a21dea05ae6,,Not Supportable,red,70,Marijuana and Related Businesses,Marijuana / CBD Products,['smoke shop']
698bc0893a47c966cdb8d8a6,https://jump-start-quick.base44.app,JumpStart Express,,"The JumpStart Express platform has been refined with several technical and content-based updates. To ensure stability, a React linting error in `App.jsx` was resolved by correcting the conditional invocation of the `useLocation` hook, ensuring it executes consistently across renders.

The applicatio",,2f47f924-b9ba-4274-be22-2ce68294c893,,Likely Supportable,green,40,,,
69cc20465e7db4dfe43bb691,https://imprint-thought-trace.base44.app,Imprint,,"The project is currently focused on stabilizing the mobile-first navigation and layout architecture. Following the implementation of `Framer Motion` animations and refined safe-area handling, the user reported issues with navigation leading to blank pages. This was identified as a routing conflict c",,619142bd-2ffa-4c7a-8202-8c453d872a9a,,Likely Supportable,green,40,,,
69cdb5d2d3fc2e131abb7295,https://digitax-vault-flow.base44.app,Digitax,,"The user is initiating the development of an e-commerce platform focused on selling 200 digital goods across 40 global markets. The core objective is to build an automated, ""autopilot"" system that handles the entire transaction lifecycle, from product browsing and ""buy and download"" functionality to",,1545884c-22e6-49bb-b6dd-dfe843399b1d,,Likely Supportable,green,40,,,
69cdb21562a9374f3215b288,https://enthusiastic-rhythm-connect-hub.base44.app,GigLink,,"The user is building ""GigLink,"" a musician hiring and networking application designed to facilitate connections for gigs, collaborations, and professional work based on location. The platform features an integrated system for musician profiles, a gig board, and a connection request mechanism. 

Key ",,ac71d2fe-72b5-4788-a5a2-98d25b179447,,Likely Supportable,green,40,,,
69cc711661f4150080dfbb18,https://jacked-com.base44.app,Jacked.com,,"The project, now branded as **jacked.com**, is a social workout-tracking application built on the Base44 platform. The core functionality allows users to join groups and view a centralized feed of shared workouts posted by group members. Users can interact with these workouts by marking them as ""com",,eca1a998-d474-4fb8-98bc-b58700562181,,Likely Supportable,green,40,,,
69cdb0faf72ed39bedb8caf7,https://jerrys-sip-speed.base44.app,Jerrys Liquor Delivery,,"The user is initiating the development of a delivery application for ""Jerry's Discount Liquor Store."" The project scope includes a comprehensive set of features: customer profile management with favorite product tracking, an integrated online payment system, and order management functionality suppor",,4e5b5954-d9af-4ba4-8d98-b76f1c39c2e5,,Restricted — Review,orange,50,Alcohol,Alcoholic Beverages,['liquor store']
69cae74357b5c4bdd9112a5a,https://savvy-prime-stay-flow.base44.app,WipeRight,,"The ""Wipe Right"" property management and cleaning platform has been updated to streamline internal operations between owners and staff. A new ""Guest Stay & Cleaning Prep"" panel was added to property details, allowing owners to track check-in/check-out dates, guest counts, and bed utilization to assi",,5e18b49a-ad8e-4ff4-8606-d97a76e4c068,,Likely Supportable,green,40,,,
69cd18604e3738c611ae3b0a,https://dandelion-canvas-flow-create.base44.app,Custom Threads,,"The user is developing a custom merchandise design-to-order platform on Base44. The core workflow—moving from `ProductDetail` through the `DesignEditor` to `Checkout` and `OrderConfirmation`—is functional. Recent technical efforts focused on site stability, specifically diagnosing a blank-screen cra",,aec943d2-7f52-4a5b-9ec7-a4e6f79304ed,,Likely Supportable,green,40,,,
69c039381880c9bb9a87ac43,https://vegan-rise-daily-habit.base44.app,DailyRise,,,,2910f1ac-d6b6-4ea2-b77e-aec8b58d3078,,Likely Supportable,green,40,,,
69cdaa2e0bf5af58ec8fdba0,https://dynamic-craft-your-tongue.base44.app,LingoCraft,,"The user is developing a web application that allows users to create and manage custom languages, targeting an all-ages audience with a playful and colorful design. The project incorporates a monetization model where users pay a $0.50 fee to finalize their language creation.

Key technical component",,47a9b3ec-6fef-464b-a13f-7b755a690c03,,Likely Supportable,green,40,,,
69cda4fb5b57fbfc3ed966a8,https://quizzical-prime-view-vault.base44.app,41 Productions Rent/Buy Movies,,,,5470ee22-809a-4137-8e17-f4869951814a,,Likely Supportable,green,40,,,
69cd93b3c7407420a4ea53e7,https://futuristic-chronos-path-quest.base44.app,ChronosPath,,,,f64298a3-80e9-4d43-9885-aaca6dd6d951,,Likely Supportable,green,40,,,
69aa1ac1c1b2135a46044a49,https://last-banana-quest.base44.app,Banana Odyssey,,"The project is an apocalyptic-themed narrative platform centered on the story of ""The Last Banana."" Recent developments have expanded the app into a full-featured community and e-commerce experience. Key additions include a ""Fan Contributions"" module, which allows users to submit art and stories, an",,3f5f51fb-8df2-4493-af40-138b0db759cf,,Likely Supportable,green,40,,,
697c12b08c4c2cfc90c246d0,https://math-masters-integrated.base44.app,Math Masters Tutoring,,"The user continues to refine the booking and pricing logic for their math tutoring platform. Recent efforts focused on fixing calculation errors where the price increase after 10 sessions was incorrectly applying a flat $10 fee instead of doubling the rate, resulting in incorrect pricing displays fo",,0ca9094b-835d-4b64-9f26-a04d79633498,,Likely Supportable,green,40,,,
69c4a694d587138e2ab06d4a,https://fresh-share-crop.base44.app,AvocadoShare,,"The ""Avocado Share"" platform's payment integration has been refined to improve error handling and debugging for the `create-checkout` backend function. The system, which utilizes Base44 Payments (Wix Payments API), was updated to address issues where failed API requests returned non-JSON responses, ",,88d64b86-f719-4055-ae60-8c20fafb01dc,,Likely Supportable,green,40,,,
69be09d942c94a4d5a18b859,https://armored-front-clash.base44.app,Armored Front,,"The project is a 3D tank combat simulation featuring procedurally generated terrain, diverse vehicle classes (e.g., M3 Bradley, T-80/T-90 series), and advanced gameplay mechanics. Combat now includes functional ATGM systems, gun depression limits, and a dual-input control system where mouse movement",,6fc7ff6e-a649-40c9-9d97-c05a58421234,,Likely Supportable,green,40,,,
69cd9cb52aeab0e60b0cd289,https://active-smart-chart-pulse.base44.app,ChartAI Intelligence,,,,b83ff462-971c-47d4-82b8-d96e5b22bc97,,Likely Supportable,green,40,,,
69cd91962eb514da10ef70cd,https://eastside-social-hub.base44.app,Eastside Collective,,"The project is a restaurant ordering and membership app for ""Eastside Café,"" built on the Base44 platform. The app features a comprehensive, modern mobile-friendly menu, a secure checkout flow, and a specialized subscription-based ""Tipsy Gnome Wine Club."" 

Key technical achievements include:
*   **",,b2b4092b-7c95-4089-8208-9e3223ea212c,,Likely Supportable,green,40,,,
69cd9ad79413f21f6d033735,https://vector-tactical-hub.base44.app,Vector Dynamics,,"The user is building a high-end, tactical-themed e-commerce website for KRISS Vector and Glock-compatible magazines and accessories. The platform uses a ""Ballistic Modularity"" design language with a dark, HUD-inspired aesthetic (Onyx, Alpine, and FDE color palette) and integrates the Base44 SDK for ",,3580f123-d0ef-43a9-93f8-e510a1a1f83b,,Likely Supportable,green,40,,,
69cd996409ba2e9187d21230,https://care-link-save.base44.app,HealthLink Savings,,"The user is building **MedSave**, a comprehensive healthcare platform designed to connect patients with doctors and provide tools for prescription cost savings. The platform features a searchable doctor directory, a prescription savings comparison hub, a personalized ""Get Help"" intake form, and a pa",,7cc57452-d13e-42ef-b9ca-1ddbe3bb2d62,,Likely Supportable,green,40,,,
6976789982521de3aff313d2,https://zesty-sips-stand.base44.app,ZestySips,,"The ""Zesty Sips & Sweets"" e-commerce application is a platform integrated with Base44 Payments. Key features include a birthday-based incentive system for complimentary items, an AI-driven `menu_advisor.json` assistant for product recommendations, and administrative overrides for testing order fulfi",,1586b93b-910e-4f12-892c-4408a1a8b60d,,Likely Supportable,green,40,,,
69c35ea6c1acdb194fbd8740,https://smart-bili-grade.base44.app,BiliGrade,,"The ""Valedictorian"" application, an AI-powered essay generation tool, maintains a subscription-based model with ""Plus"" and ""Exclusive"" tiers. Recent development focused on broadening language support in the `Practice` module to 26 languages and configuring the platform for ""Base44 Payments"" integrat",,7e4963ee-c05a-4189-9006-83972bd6bee1,,Likely Supportable,green,40,,,
69c33cf840d74618d4ad0bd0,https://nwpopen.base44.app,Achdut Open: North Woodmere Tennis,,"The platform for a fundraising tennis tournament is undergoing significant adjustments. Previously, the focus was on enabling individual player promotion with dedicated pages and shareable links, alongside updating registration requirements to include specific apparel sizing and skill level inputs. ",,bd177975-aab9-4421-a75f-fe6112dcbfc8,,Restricted — Review,orange,25,Fundraising,Standalone Donations / Charity Platform,['fundraising']
69cd7e7624027563dcd2047f,https://prove-your-path.base44.app,Proof,,,,d88ebb1c-071e-4ca6-9310-764735e770d3,,Likely Supportable,green,40,,,
69cd7d09823836af5150167b,https://courageous-dirt-shift-pro.base44.app,DirtMover Pro,,"The user is developing **""CrazyMover Pro""**, a construction-themed game built on the Base44 platform using React and a canvas-based game engine. The project has evolved from a 2D grid-based rendering system to incorporating **Base44 Payments** for in-game purchases, requiring backend server-side che",,0b12dd1f-2607-4e5c-8e30-aba0b180e6a0,,Likely Supportable,green,40,,,
6984d2fca15e508cf4b8442f,https://anime-story-chat-copy-f4b8442f.base44.app,Anime Story Chat ,,"The user is developing ""Anime Story Chat Plus,"" an AI-driven chat application. Key development efforts have focused on implementing ""Base44 Payments"" for subscription management, including the creation of backend functions (`create-checkout` and `wix-payments-webhook`) and a dedicated `Profile` page",,4a64cc87-5408-4fa0-b713-afc519a88c35,,Likely Supportable,green,40,,,
69cd6a6d483d175fbcdda323,https://quick-step-bcdda323.base44.app,QuickStep,,"The user is building ""Clean & Sweet,"" a hyper-local service app for trash pickup and snack delivery designed as a walking-based side hustle. The application features a mobile-first interface with two primary service flows: a ""Trash Pickup"" order form (with options for volume, heavy items, and urgenc",,8c76d1d1-3088-4802-bc08-11400487a05f,,Likely Supportable,green,40,,,
69cd3330a480ccfcc00540b5,https://arcane-kinetic-forge-gear.base44.app,Kinetic Forge,,"The project is a UTV performance parts platform built on Base44, currently focused on optimizing the site for public-facing use without requiring user authentication. Recent development has prioritized UI improvements for mobile responsiveness, specifically addressing issues with the navigation menu",,27cf553c-e2c8-4c7f-83d7-18d7fdb264eb,,Likely Supportable,green,40,,,
69cb2630c165d171692696f4,https://iwo.base44.app,IWO,,"The user is building ""IWO,"" a minimal, high-fashion brand website centered on storytelling and themes of resilience. The site features a sophisticated, monochromatic design palette (sun-bleached linen, charcoal, stone) using a combination of custom Tailwind CSS configurations, Framer Motion animatio",,7c99f300-1687-48ab-b1b7-307362c326a7,,Likely Supportable,green,40,,,
6949905c5041089493a3a741,https://eme-cognitive-energy-community.base44.app,E=ME: Cognitive Energy Community,,"The ""CEC (Cognitive Energy Community)"" application has seen significant feature expansion across its sectoral pages. The Octahedron sector now features a structured 8-step therapeutic recovery program designed for professional use, including accountability checkpoints, clinical note editing, and a s",,c745d02e-370d-42a2-b06b-3409a79920f0,,Likely Supportable,green,40,,,
69cd701249593b73d29a6698,https://inbox-clear-crew.base44.app,InboxClean,,"The user is building ""Unsubly,"" an email management platform featuring dashboard analytics, subscription tracking, and a security-focused risk scoring system. The project utilizes Base44 entities for data management and a UI styled with a blue-teal theme. Recent development has focused on implementi",,63dc9d25-f023-4b86-9161-7952c5b5e50b,,Likely Supportable,green,40,,,
69ccf49d896643f59ba1957c,https://meaty-vegas-lux-play.base44.app,VegasLux Casino,,"The user is building a luxury-themed, Las Vegas-style online casino application on the Base44 platform. The project is centered around a ""gold and black"" aesthetic, utilizing Tailwind CSS for styling and a structured lobby layout to house 10 distinct casino games, including Slots, Blackjack, Roulett",,458e1179-e741-42aa-88f1-42564d231899,,Not Supportable,red,100,Gambling and Games of Skill,Betting / Casino / Lottery,"['online casino', 'blackjack', 'casino', 'blackjack']"
69cd570a313d4d62516e8801,https://hissing-peak-score-pulse.base44.app,ScoreStream MN,,"The user is developing a subscription-based, mobile-first web app for reporting Southeast Minnesota high school sports scores. The platform features public score browsing, team-specific detail pages with historical records and schedules, and an administrative interface for manual score entry. Data i",,645afdf8-a142-4fc2-a6f6-365a1d50362d,,Likely Supportable,green,40,,,
69cb26553648d7932587f49e,https://lively-taste-ethiopia-now.base44.app,Mesob Origins,,"The project, ""Origin,"" is a premium Ethiopian restaurant website built with a ""Tactile Earth Modernism"" aesthetic. The site features a comprehensive design system utilizing a dark, organic palette (Obsidian, Parchment, Berbere, Gold, Enset) and immersive food photography. The platform includes a ful",,018a6386-daac-4052-8f9f-050e6ba9ea2e,,Likely Supportable,green,40,,,
69cd6558106532a087df9ed8,https://silent-fair-ride-flow.base44.app,FairRide,,,,fe38a84b-ecf4-4c96-b17e-51e426aa6c88,,Likely Supportable,green,40,,,
69825c14a32fc2800d61f38a,https://quilt-ruler-log.base44.app,Quilting Ruler Organization,,"The user is continuing the development of the quilting ruler collection management application, focusing on refinements for the mobile-first UI and user experience. Key updates include the integration of a pull-to-refresh mechanism on the `Home` page using a custom hook, and the implementation of op",,f3adde79-51b1-4457-a0ae-c5d26ceada03,,Likely Supportable,green,40,,,
69cd5e7c24145e335808191a,https://glitch-bazaar-swap.base44.app,GLITCH BID,,"The user is building ""Brainrot Bazaar,"" a specialized marketplace for trading and selling in-game characters from the Roblox game ""Steal a Brainrot."" The platform features a dark, glitched aesthetic with custom entities (`Item` and `Offer`) and supports secure transactions via a Base44 (Wix) Payment",,ed7271f4-c2b0-4576-bf14-5db1b8c40f37,,Restricted — Review,orange,75,Marketplaces and Aggregators,Marketplace / Multi-Vendor Platform,"['marketplace', 'selling']"
69cc1eca41f5596eeaad03da,https://luminous-botanical-vault.base44.app,Luminous Conservatory,,"The project has successfully transitioned into the ""Lumière"" silver jewelry brand. Following the initial site-wide rebranding, recent efforts have focused on refining the `Gallery` page to align with the brand's luxury aesthetic and specific content requirements.

Key updates include standardizing b",,bbe1605c-e85c-44f6-a30b-82814a2de825,,Likely Supportable,green,40,,,
699f348425b6af074017c533,https://sideline-sports-now.base44.app,Sideline,,"The project has been enhanced with a new ""repost"" functionality and improved user profile data management, along with a fix for API rate limiting issues on the Messages page.

**Repost Functionality:**
*   A `Repost` entity was created to track user reposts.
*   The `PostCard` component was updated ",,cd4aeff7-a3a8-4cf9-a493-d4d007448800,,Likely Supportable,green,40,,,
6959c3fabc2bad7d09b9c69d,https://stylos.base44.app,STYLOS,,"The project, STYLOS, has successfully implemented a comprehensive subscription framework and expanded its core planning and styling capabilities. Key advancements include the integration of Wix Payments (managed via a new paywall system and `usePremium` hook) to gate premium features, such as the AI",,85c890a2-5734-4f2c-8600-1e21f04d576c,,Likely Supportable,green,40,,,
69cd58f8150637e7077ef0f6,https://rare-clip-flow-master.base44.app,ClipFlow AI,,,,064efcce-c807-49f9-8f29-baacced0f6af,,Likely Supportable,green,40,,,
69c318afd164610dab785bd4,https://pennyaimarketing.base44.app,PennyAI Toolkit,,"The ""Penny AI Marketing"" HVAC SaaS platform has finalized its branding assets and is now focused on implementing core functionality. The project is currently configured for the ""Base44 Payments"" (Wix Payments) integration, with the necessary environment variables (`WIX_PAYMENTS_API_KEY`, `WIX_PAYMEN",,407c6549-fe90-417f-9e0f-40ce2e92f478,,Likely Supportable,green,40,,,
69b196fe3d3b4f53fef1f9f6,https://fsbocommercial.base44.app,PropDirect,,"The project is a commercial real estate ""For Sale By Owner"" (FSBO) marketplace built on the Base44 platform. The application includes core features for property management, such as listing creation with photo support, advanced search and filtering (by property type, price, and size), detailed proper",,dab28a00-ef8b-44b5-abad-e4a60f23bd68,,Restricted — Review,orange,80,Marketplaces and Aggregators,Marketplace / Multi-Vendor Platform,"['marketplace', 'for sale', 'listing']"
69cbea8c03b3ed837dbbadec,https://roundtripper.base44.app,DingerVault,,"The user is developing ""DingerAI,"" an MLB home run prediction and parlay betting application. The project includes a ""Parlay Builder,"" a ""LiveTracker"" for bets, and an analytics dashboard. Development has focused on structuring the app to support authenticated user workflows and integrating Base44 P",,5563d744-70f9-4086-8aaa-c9b3adc17503,,Not Supportable,red,50,Gambling and Games of Skill,Betting / Casino / Lottery,['betting']
69cbce296d4ef5133255b9a8,https://pay-flow-copy-3255b9a8.base44.app,PayFlow (Copy),,,,c886d95f-f725-4040-8bcf-44c51e960545,,Likely Supportable,green,40,,,
69cd4e82df61c599917048a9,https://spirited-flow-budget-smart.base44.app,DailyDollar,,"The ""DailyDollar"" application has transitioned its payment infrastructure from Base44 Payments to Stripe to support recurring subscription models. This shift involved replacing the previous one-time payment implementation with a robust backend architecture using `createCheckout.js` (configured for s",,b13deca4-a190-4d7a-99ae-030c08dffd7f,,Likely Supportable,green,40,,,
69bcea1c5333a0ec43d15472,https://tune-43d15472.base44.app,Tune,,,,3beb1388-577f-4975-a019-e1dd0a7e2b6a,,Likely Supportable,green,40,,,
6995f1fa6a281bf677041c22,https://highereducation.base44.app,HigherEducation,,"The user's project continues to evolve with a focus on refining user profiles and addressing technical issues across different pages. Following the previous update that streamlined administrative and educational features, the current tasks involve a significant overhaul of the user profile section. ",,53ca6d72-2aca-4d7e-998c-d1377c7e8aea,,Likely Supportable,green,40,,,
69c720bf9b99638fe7df592d,https://stable-budget-smart.base44.app,BarnBooks,,"The ""BarnBooks"" project, a horse management and expense tracking application, has shifted toward a public-facing, unauthenticated model while maintaining its core dashboard functionality for logged-in barn owners. Recent updates include refining the `ExpenseForm` with auto-population features for ca",,5edf40a1-a8f0-49a5-8791-883835f44e74,,Likely Supportable,green,40,,,
69cd4db5a480ccfcc0054c7e,https://overjoyed-smart-admit-path.base44.app,AdmitIQ,,"The user is building a college application analysis platform, now branded as **AppGenius**. The application features an AI-driven extracurricular ranker (scoring activities 1–10 with improvement feedback), an essay planner for prompt analysis and structured outlining, an automated essay grader, and ",,594fbe49-c885-4fa1-91a2-eb0f7ebd85f5,,Likely Supportable,green,40,,,
69cd4a18d0c9c6c7656526f5,https://helpful-prime-path-pro.base44.app,TY Productions Financial Solutions,,"The user is building a professional financial services website for ""TY Productions LLC."" The project is structured around a comprehensive suite of service categories, including credit repair, mortgage/real estate solutions, business funding, insurance, financial consulting, and legal/estate services",,6910426d-5fb0-46b6-92d0-f92486c3f864,,Not Supportable,red,70,Debt and Credit Services,Debt Collection / Relief / Credit Repair,['credit repair']
69cd461db9dc4314ee17bf09,https://burrowing-rent-flow-pro.base44.app,Rentflow,,,,c6ec5f28-d828-4da9-839c-37048399f794,,Likely Supportable,green,40,,,
69cd38697540575707cfbdad,https://aicoach1.base44.app,AI Coach,,"The user is building **""AI Coach,""** a premium, futuristic SaaS platform providing personalized AI assistance for both students (study plans, homework help) and fitness enthusiasts (workout/diet coaching). The website is designed with a dark, high-converting aesthetic featuring deep purple and cyan ",,a7990944-909a-4e5c-bc2b-3cac52aabe01,,Likely Supportable,green,40,,,
69cd43774772e2e251150b3f,https://prep-kitchen-flow.base44.app,PrepKitchen,,,,d15a8d23-babe-4f4e-bfa0-f5d5e0bc39b3,,Likely Supportable,green,40,,,
69cd41eff4d96f23aa19f4aa,https://book-bottle-vibes.base44.app,BottleDash,,"The project is a venue and reservation management platform featuring a centralized `AdminDashboard`. Recent efforts focused on refining administrative workflows, specifically enabling granular venue oversight through a comprehensive management dashboard that allows admins to handle product managemen",,43ac3ddd-3cbe-4086-92cf-1533826e34c5,,Likely Supportable,green,40,,,
69cd42dfac76762f79743fa2,https://vector-forge-path.base44.app,VectorForge,,"The project involves the development of ""StarkRegistries,"" a marketing-focused website built on the Base44 platform. The user has been working on refining the site’s navigation, specifically focusing on the footer components (`FooterCTA.jsx` and `FooterOnly.jsx`) and managing site-wide page accessib",,29ff8757-d953-41d2-a209-4ac14cef98ef,,Likely Supportable,green,40,,,
69cd3f5da1806d3b5c829e6c,https://wandering-smart-brain-boost.base44.app,BrainRevive,,"The ""BrainRevive"" quiz application is undergoing significant data structure expansion and UI refinement. The project now requires a comprehensive content overhaul to support its 22 distinct categories, each featuring 10 levels of progressive difficulty. To ensure unique and increasingly challenging ",,4835bdee-cd74-4dbf-9e0e-fc0997a4fc22,,Likely Supportable,green,40,,,
69b022c6b62cdd572eae0bd4,https://dungeon.base44.app,Dungeons,,"The project has focused on significant architectural and gameplay refinements for the multiplayer dungeon crawler. Key changes include moving the core game modules (`DungeonGenerator`, `GameLogic`, `PixelRenderer`) to extensionless files to match the platform's routing requirements. Functionality wa",,f19a7a1d-0c1f-42f6-b196-5ae939400cee,,Likely Supportable,green,40,,,
69b9dbd2a85647815e5cca52,https://warm-evolve-care-path.base44.app,EvolveHealth Consulting,,"The user is building a website for ""Meridian Health Consulting,"" a premium consulting firm specializing in healthcare patient experience, advocacy, health equity, and community engagement. The site features a refined design system and core pages like Home, About, Services, and Contact.

The project ",,2aaa550b-2fa0-47c1-8cfb-77119d323892,,Likely Supportable,green,40,,,
69ca387f70614dbc5376928a,https://leettrain.base44.app,Leet Train,,"The ""Leet Train"" application has successfully resolved its initial backend integration issues, confirming that the Stripe checkout process is fully functional. The project is now transitioning from stability fixes toward feature expansion, prompted by user feedback requesting support for tracking sp",,82f8b7df-d404-4699-8837-da743de10c33,,Likely Supportable,green,40,,,
69cbad3ea08b4f0d08157975,https://oners-home-flow.base44.app,Oners,,,,e0a1a23f-d6b2-408a-a161-b4587284e650,,Likely Supportable,green,40,,,
69ca4495cc31dd8d205febf4,https://sonoraai.base44.app,Sonora AI,,"The project is a comprehensive music education platform on Base44 that has expanded to include robust offline capabilities, interactive composition tools, and social gamification. Recent development efforts have focused on integrating the `StaffMelodyEditor` into the Composition Studio and defining ",,db8604d9-809d-44ab-bd5c-24268c8befdb,,Likely Supportable,green,40,,,
69cb6502ac30ae100b31fb80,https://angler-market-pulse.base44.app,AnglerIndex,,"The project has successfully pivoted to a verified-farmer-only auction platform called ""FarmHub,"" utilizing a subscription-based model and document-based verification. The platform features real-time bidding, proxy bidding, and automated auction status transitions. Community engagement is supported ",,ae124b91-4c0e-42fa-9c7f-e79c7e57c28e,,Likely Supportable,green,40,,,
69b52965c8dd9201e728837d,https://impartial-safe-guard-path.base44.app,GuardianPath,,"The user has successfully developed the full structure for the ""FamiSafe"" anti-bullying landing page. The implementation involved setting up the environment with Tailwind CSS, Framer Motion for animations, and Lucide-react for iconography. A complete component library was created, including a Navbar",,cd8f4605-47b2-4910-a05e-4b2c54a8d99b,,Likely Supportable,green,40,,,
69cb9330c69ac52b2356befa,https://unnatural-aura-calm-rise.base44.app,Aura,,"The user is building a premium, modern self-improvement and wellness platform focused on emotional healing, ambition, and focus. The application is designed with an ""emotionally intelligent"" aesthetic, utilizing a sophisticated color palette (sage, cream, gold), editorial typography, and high-qualit",,a3481b5c-d636-46cd-bcd4-cb5c5f81780e,,Likely Supportable,green,40,,,
69cb87a63630026db24416af,https://optimistic-book-flow-pro.base44.app,FlowBooking,,"The user is building a service booking SaaS platform with a multi-tenant architecture. The project has transitioned into an operational phase, featuring a client-facing booking interface, an owner-side dashboard for business administration, and a formal administrative layer for platform management.
",,4d1d1f71-d56b-47cd-92f9-7111c301f9cf,,Likely Supportable,green,40,,,
69cb78785b45b156c59f349a,https://link-babylon-base.base44.app,Babylon Connect,,"The user has evolved ""BABALONIUM 2.0"" from a desktop-centric AI trading platform into a fully responsive, mobile-ready application. Key developments include the integration of browser-based system notifications for automated trade execution, price alerts, and backtest completion. The app now feature",,65c477c1-9bc6-4f65-90e9-d7971bace9af,,Likely Supportable,green,40,,,
69c8eeb22ca54316f6db6d19,https://reactor-ai-studio.base44.app,ReactorAI,,"The project, now named ""ClickPilot,"" is evolving with a focus on its `ThumbnailAnalytics` module and payment integrations. Recent developments included integrating Base44 Payments (formerly Wix Payments), which involved backend setup, environment variable configuration, and Deno-based request handli",,57b707ec-6771-4181-a3f5-7acacc6e51c5,,Likely Supportable,green,40,,,
69cb6aa60bb9f83914e4d66e,https://boss-glow-regal.base44.app,Bossuplee Skincare,,"The user is building ""Bossuplee Skincare,"" a luxurious, royal-blue and gold themed e-commerce website catering to diverse skin concerns. The platform will feature a product catalog, customer testimonials with before/after galleries, a skincare tips blog, and an inquiry/contact system.

To support th",,ff348d9e-2aeb-46ab-ac8f-4e627af0929b,,Likely Supportable,green,40,,,
69cb67eac14fb18798ef2adb,https://complex-nurture-path-pro.base44.app,NurturePath Academy,,,,3fbebc28-a804-43ec-851c-5ff1769cb69b,,Likely Supportable,green,40,,,
6952d269e64b4e00b552db74,https://love-cards.base44.app,CardConnect,,"The user is developing a digital greeting card application with custom, paid add-ons and an expanding library of card categories. Recent iterations have introduced ""Happy Birthday"" music as a $0.50 upgrade and added eight new card designs for family members and friends, each featuring specific backg",,0be17b78-37d9-4cad-8b32-6e287bbb55d3,,Likely Supportable,green,40,,,
69cb45d99a7518e2546d4d9b,https://daily-trade-sync.base44.app,TradeReady,,"The user has expanded the trading application by implementing a comprehensive **Trading Journal** module. This includes a new `Trade` entity for tracking daily options activity (entry/exit prices, contracts, and outcomes) and a dedicated `/journal` page. The journal features a data-driven dashboard ",,aa6618ea-f4b2-4ce8-8286-3c43e35aa3fc,,Likely Supportable,green,40,,,
69cb0105575abb18a596c984,https://active-wellness-link.base44.app,AthleticoWell,,"The project is a community platform for activity clubs built on the Base44 platform. The current development focus is on resolving syntax errors within the club components and preparing the infrastructure for ""Base44 Payments"" (Wix).

**Key Features and Technical Changes:**
*   **Bug Resolution:** T",,6a0192ae-5aca-40cc-9a5a-64401ddc8563,,Likely Supportable,green,40,,,
69cb578c4de65096746ad85f,https://predicta-edge-wins.base44.app,PredictaEdge,,,,fd56d650-48c3-4745-b21f-0975237eaadf,,Likely Supportable,green,40,,,
69c9b33d74930a99f6c8efa7,https://reclothsustainability.base44.app,Threadloom,,"The user is building ""recloth,"" a stylish, editorial-style marketplace for reselling clothing, garments, and handmade items. The application is built on the Base44 platform using React, Tailwind CSS, and Framer Motion, featuring a hero section, category browsing, product filtering, a shopping cart, ",,c12c2ff2-a48a-4ce7-a86d-cfc63fa606ba,,Restricted — Review,orange,70,Marketplaces and Aggregators,Marketplace / Multi-Vendor Platform,['marketplace']
69cb44f18f076d6e9d8e7ad7,https://clear-consent-link.base44.app,Consentic,,"The user has completed the ""MutualConsent"" application's core functionality, which includes a comprehensive legal suite involving ESIGN/UETA-compliant signatures, government ID verification, witness support, and sobriety/boundary affirmations. The application is now fully functional and positioned f",,a1874fde-913d-416b-97e2-cbf16a4c333b,,Likely Supportable,green,40,,,
69cb4915bf4138c716ae79b1,https://canvasly-curate-flow.base44.app,Canvasly,,"The user is developing a social discovery platform with key features like feeds, user profiles, and a ""CreateSpot"" page for image uploads. Recent efforts focused on resolving image display issues in the `CreateSpot` component.

Initial attempts to fix image uploads involved moving processing to a se",,4341d121-4858-4953-b310-8cd22691f34c,,Likely Supportable,green,40,,,
69b26a5c347c6a5b9dc68af4,https://my-box-vault.base44.app,MyBox,,"The `Paranoid` (formerly `DarkBox`) project is a zero-knowledge encrypted vault application for storing sensitive data like passwords and files. It uses AES-256 encryption and integrates with ""Base44 Payments"" for a one-time purchase model, leveraging a `create-checkout` backend function. The applic",,464ba017-7ea5-4a02-acf2-a0930331c0db,,Likely Supportable,green,40,,,
69cb2adf05710e24970c4b3b,https://spiritual-spark-intimacy-lab.base44.app,Spark,,"The user is building a collaborative date night planner. Key features include saving date night ideas, a shortlisting system with voting, and the ability to schedule these activities on a calendar. The application will display ideas using `IdeaCard.jsx`, allow scheduling through a `ScheduleModal.jsx",,8497123b-7956-459b-959b-eb7d33c4a145,,Likely Supportable,green,40,,,
69c9d7516a2acb2bb0f5d65c,https://nexus-attractive-chat-flow.base44.app,Ryzo Ai,,"The user is developing **Ryzo AI Bot**, an AI assistant on Base44 featuring persistent conversation history and specialized, personality-driven AI modes (Default, Creative, Coder, ELI5, Roast, and the newly added ""Unhinged""). The project has undergone a complete UI/UX overhaul, transitioning to a pr",,7e788574-1384-4694-a2db-d7ac3a832ac9,,Likely Supportable,green,40,,,
69c752b896f8bf11c74aeab2,https://cute-vault-guard-pro.base44.app,SecureVault,,"The ""SafeNest Vault"" project is currently focused on resolving connectivity issues within the Base44 Payments (Wix Payments) integration. After addressing initial API key permission errors, the focus shifted to reconciling the `WIX_PAYMENTS_SITE_ID` environment variable, which currently points to a ",,66c46574-a036-4242-b290-ee6d49f3a767,,Likely Supportable,green,40,,,
69cb413ad8ef3f32b83045a2,https://golden-grace-gather.base44.app,Silver Soirée,,"The user is developing **Golden** (formerly **GoldenBond**), a luxury dating and lifestyle platform for the 55+ demographic. Recent work has focused on finalizing the core event-management infrastructure, specifically integrating Base44 Payments (via Wix Payments) for third-party event listings, and",,beb438a1-cd26-464a-a8a1-b0b6a8a9eec6,,Likely Not Supportable — Review,red,40,"Adult Content, Products, and Services",Dating Apps / Matchmaking / Companionship,['dating']
69c9a0a13697466f894205be,https://original-teen-task-go.base44.app,TeenTasker,,"The user is refining the financial and UI logic for TaskSnapper. The platform fee has been updated from 20% to 14%, with adjustments applied consistently across the AI task-pricing system prompts, payout calculation logic in `PayoutNotifications`, and internal task budgeting.

On the UI front, the p",,1fa5dc01-853c-4b3a-9425-7fe3245f6b81,,Likely Supportable,green,40,,,
69c9d43914a7401cab314c0b,https://lingua-learn-languages-the-right-way.base44.app,Lingua - Learn Languages the Right Way,,"The Lingua application has transitioned into a monetized platform with a gated subscription model. Following the successful implementation of the `/pricing` page and backend payment infrastructure, the application now enforces `is_pro` status across key features. The project architecture has been up",,ad866678-bf97-49a2-a59b-b1dfdd1b4a70,,Likely Supportable,green,40,,,
69cab25c0916e78eed2004dc,https://bourbon-value-scout.base44.app,Bourbon Value Checker,,"The ""Bourbon Value Checker"" application has finalized its transition to a real-time, AI-driven valuation engine using the `gemini_3_1_pro` model with enabled web search. Technical maintenance included fixing a linting error in `backend/create-checkout.js` by explicitly defining `Deno` as a global va",,8fc31f3f-ba0c-490c-a5cf-bdfc9c7cc49d,,Likely Supportable,green,40,,,
69cafcc0205a8115f3f0bc7b,https://cross-culture-f3f0bc7b.base44.app,Cross Culture,,"The project, ""Cross Culture,"" is a high-end streetwear store featuring a dark, monastic brutalist aesthetic. The platform utilizes a custom backend via the Base44 SDK, featuring a `Product` entity for inventory management and a decoupled React architecture with Framer Motion for animations. Key UI e",,37563ff7-7c9c-4f83-af34-dbf3c07d74b6,,Likely Supportable,green,40,,,
69cb33dbe959e37ecd8e1307,https://nearby-treasure-trail.base44.app,Neighborhood Finds,,"The user is developing ""YardSailor"" (formerly ""YardFind""), a marketplace for yard sales that utilizes Base44 backend services and entities. The platform features an interactive map for locating sales, a hosted checkout flow via Base44 Payments for memberships and credit-based item searching, and an ",,4d9fdfa9-8fcf-4202-b487-659ea247375f,,Restricted — Review,orange,70,Marketplaces and Aggregators,Marketplace / Multi-Vendor Platform,['marketplace']
69cb22a86cbdda9f92637e61,https://holley-shine-flow.base44.app,Holley’s Auto Spa,,"The user is developing ""Holley’s Auto Spa,"" a premium, mobile-first website for a car detailing business in Orlando, FL. The project features a black and gold luxury aesthetic and focuses on a streamlined booking experience, complete with dynamic price estimation, automated upsell suggestions, and a",,84bae23c-bfe7-4f92-a87a-9353078b2fb5,,Likely Supportable,green,40,,,
69cb2e8edffb908a425f376e,https://vivid-aim-hub.base44.app,Vivid Cheats,,,,5c341b2e-8dd2-4f30-aae9-5415da33c4dd,,Likely Supportable,green,40,,,
69caa118f3838be67ad965c8,https://rough-detail-flow-pro.base44.app,DetailFlow,,"The project has been significantly refined with the implementation of a new `Settings` module and an upgraded `Schedule` interface. The `Settings` page now serves as a centralized hub, consolidating existing text template management with new administrative tabs for Business Information, Services & P",,28bfb6fe-7b4d-4e21-b9e7-db199c43cc02,,Likely Supportable,green,40,,,
69ca581d7b01f5f7bbb97bef,https://lush-peak-stream-pulse.base44.app,ProStream,,"The ""ProStream Services"" project is a power washing business website being developed with React and Base44. Recent development has focused on enhancing the `Flyer.jsx` page, which is designed for offline marketing. Key UI refinements include the addition of a ""Prices vary depending on size"" disclaim",,4b55ef4a-2707-4ee1-8fdd-60168b7f773b,,Likely Supportable,green,40,,,
69c9d16c8db732643c70640a,https://lurking-civic-pulse-connect.base44.app,CivicPulse,,"The NextBallot platform has transitioned to a free-tier promotion model, where premium bill placement is now offered as ""temporarily free."" The project has moved away from the previously planned Wix/Base44 payment integration, removing all associated backend functions and dependencies. The demograph",,4b25d823-8928-4d6e-89ce-9ce3eb1b7bbf,,Likely Supportable,green,40,,,
69cb23ab461ede78c517eb37,https://tangible-stay-smart-suite.base44.app,StayConcierge AI,,"The project is a luxury hotel guest experience platform featuring a Netflix-style recommendation engine. The system is built using a React frontend with Tailwind CSS, leveraging Base44 entities (Guest, Stay, Recommendation) to manage profiles, stay history, and personalized offers (e.g., room upgrad",,a42b3def-7e29-411d-9e56-c4e05c5e8f93,,Likely Supportable,green,40,,,
69cb255919f0ecfe4f129c84,https://fanatic-tactical-radio-link.base44.app,TacRadio FiveM,,,,0802dbe5-a1dc-4e65-addb-f0eb3bee18e3,,Likely Supportable,green,40,,,
69cb2306cc424fb148bacb11,https://find-kin-connect.base44.app,Kinship,,"The user is building ""Friendr,"" a social application for finding friends based on interests and location. The project uses a React/Tailwind stack with Base44 entities (`FriendProfile`, `FriendConnection`, and the newly added `PremiumSubscription`) to manage core application data and user status.

Ke",,58eae5ec-db5f-4a4f-a176-514980389a2d,,Likely Supportable,green,40,,,
699a9722b1c2153fb4e55fdc,https://primitive-companion-connect-now.base44.app,Companion Connect,,"The user is expanding the ""Rendezvous"" platform's monetization strategy by implementing a comprehensive system for subscriptions, in-app purchases, and profile enhancements. Key developments include the creation of a `Purchase` entity to track boosts, super likes, and profile upgrades, along with a ",,a7565166-1144-48df-813d-032bd3091488,,Not Supportable,red,70,"Adult Content, Products, and Services",Dating Apps / Matchmaking / Companionship,['companion connect']
69cb0f9e9dbd564bfdacc9d3,https://carrot-chill-vibe-zone.base44.app,Good Guy Chilling,,"The ""Good Guy Just Chilling"" project is an interactive web experience that allows users to trigger character actions through tiered payments using Base44 Payments (Wix Payments). The application includes a responsive dashboard, an ""Ocean Rank"" leaderboard, and a dedicated splash page for onboarding.",,965ab282-76ae-4f57-97e9-de2e4b776b4b,,Likely Supportable,green,40,,,
69c737ee74a0eec7b004239f,https://agile-pilot-your-flow.base44.app,AutoPilot Life,,"The ""AutoPilot Life"" application has undergone a significant architectural shift from goal-based task generation to a dynamic, quiz-driven onboarding flow. The project now utilizes a comprehensive task library containing over 100 categories with extensive task templates, replacing the previous limit",,8f7daef3-cd89-403c-8d6b-2fda53b9d9fd,,Likely Supportable,green,40,,,
69cac8085c6b41b7607d6a40,https://velvet-table-book.base44.app,VelvetTable,,"The project is a club management and booking platform. Recent development has focused on a significant structural update to the `Club` entity and a major UI overhaul of the public-facing `ClubDetail` page to enhance venue presentation.

The `Club` entity schema was expanded to include richer data po",,019e4ec2-d1da-457a-97ef-ccc6afa2423f,,Likely Supportable,green,40,,,
69cb1999575abb18a596d140,https://nimble-sharp-style-sync.base44.app,Quick Cutz,,,,86a31ca7-c481-4328-a436-0d2afd1029d4,,Likely Supportable,green,40,,,
69cb1285f2380f1fff7a78fe,https://defiant-nebula-bet-pro.base44.app,NebulaBet,,,,0a7883b8-d107-48c3-a095-c1b05e15f2c4,,Likely Supportable,green,40,,,
69c3482ac3ea29a438d30084,https://roam-smart-sync.base44.app,ByTravelAI,,"The user has completed the integration of the **Travel Operations Agent** into the TravelAI platform. This feature provides a dedicated, intelligent support interface designed to handle real-time disruption management, booking modifications, and policy interpretation.

Key additions and architectura",,4270777e-b834-447f-8127-93100ce438ec,,Likely Supportable,green,40,,,
69cb12bad31c11614a0adf6d,https://servicely-tech-pro.base44.app,Servicely,,"The user is building a comprehensive field service application for appliance technicians. The platform is designed to manage daily service operations, track technician time, provide quick access to parts warehouse resources (Marcone, Sears Parts Direct), and facilitate customer payments. Key entitie",,559b4bdd-22e3-4b18-89a7-6e89dde48dde,,Likely Supportable,green,40,,,
69c449ada77bb1cb92bd4e27,https://smilecrewapp.base44.app,Smile Crew Ability Fitness,,"The *AbilityFit* application has undergone significant structural updates to its onboarding, role-management, and member-lifecycle workflows. All role assignments (admin, trainer, user) are now mediated through secure backend functions (`setupTrainer.js` and `setupUser.js`) using the `asServiceRole`",,616192f6-a0fb-45c4-a3b2-70b45c650fda,,Likely Supportable,green,40,,,
69cb0c161f3e4df954e1382d,https://talented-sentinel-guard-pro.base44.app,Sentinel,,"The user is building a credit repair application designed to help consumers manage and improve their credit scores through systematic dispute processes and action plans, moving away from purely informational tools. The application is built on the Base44 platform using custom entities and React-based",,e7e34d6e-e7e9-4353-83d5-2ca9b28d88a1,,Not Supportable,red,70,Debt and Credit Services,Debt Collection / Relief / Credit Repair,['credit repair']
69c03719e1158b0528b5869f,https://mediarollstudio.base44.app,MediaRoll Studio,,"The ""Media Roll Studio"" project has transitioned to a production-ready state, with a primary focus on payment infrastructure and mobile optimization. Recent developments centered on replacing legacy payment methods with a native ""Base44 Payments"" (Wix Payments) checkout flow.

Key technical developm",,3ea17a7e-ddb4-4217-be67-fbda695b87e0,,Likely Supportable,green,40,,,
69caf098f36633d8a7105a00,https://cuss-win-spin.base44.app,CUSSino,,"The project is ""CUSSino,"" a profanity-themed sweepstakes slot machine application featuring a dark, neon-lit casino aesthetic. Core functionality includes a custom slot machine interface with animated reels, a payout system, a leaderboard of ""degenerates,"" and a daily bonus system. The application u",,8b8d6430-664c-41a6-8481-c66b7cb71f03,,Not Supportable,red,100,Gambling and Games of Skill,Betting / Casino / Lottery,"['slot machine', 'casino', 'slot']"
69caed5479982c195be6d492,https://invisible-pro-roster-link.base44.app,Molander Ventures,,"Molander Ventures is a sports representation platform designed to connect athletes with verified agents. The project features a clean, professional aesthetic using a deep navy and electric gold color palette, leveraging a mobile-first design approach. The site includes a full suite of pages—Home, Fo",,d7310376-3f48-4944-a143-008ecf692d7b,,Likely Supportable,green,40,,,
69a4f0dfd9744882d99b97c6,https://basundari-bali-wellness.base44.app,Bali Retreat,,"The project maintains feature parity across all retreat pages, with a robust ""Sold Out"" capacity management system implemented for Byron Bay, Portugal, and Bali. Retreat tiers are dynamically rendered as unavailable when capacity thresholds are reached (Early Bird: 5, General: 12-15), with checkout ",,1556d934-3dbb-4d2f-ba9d-69a743ea1b24,,Likely Supportable,green,40,,,
69cada8064bd3bdc6c01ee3e,https://story-sell-spark.base44.app,Story Selling Engine,,"The ""Story Selling Engine"" project initially resolved a critical deployment issue where the ""Buy"" button failed to redirect to Stripe Checkout due to browser popup blocking. The fix involved implementing a conditional redirect: the application now detects if it is running in the Base44 preview sandb",,595ae3e7-19ae-4566-aa7e-124a25d9d204,,Likely Supportable,green,40,,,
69b86fcb7620791472bd9890,https://fairway-elite-gear.base44.app,Fairway Elite,,"The ""Alpine Golf Company"" e-commerce project has undergone significant styling and structural updates to align with a specific aesthetic vision. All instances of ""iron covers"" have been removed from the product catalog, navigation filters, and the `Product` entity.

Design updates focused on standar",,42693eb5-b59f-4be2-88cc-3adddabe0ada,,Likely Supportable,green,40,,,
697cedb7e299b1012172d230,https://freightbid.base44.app,Freight Bid,,"The project has focused on stabilizing the application's UI, navigation, and core functionality. Key refinements included resolving modal overlap issues by gating the `OnboardingTour` behind the dismissal of the `WelcomeModal`, and correcting data mapping in the `DispatchBoard` to ensure shipments c",,492b519b-f58c-4b7a-a5dc-27923d4deaae,,Likely Supportable,green,40,,,
6972507238273b63a7b2c6af,https://glamour-book-a7b2c6af.base44.app,GlamourBook,,"The project has transitioned into a sales-focused e-commerce platform with a modern landing page, an affiliate system, and commission tracking. Recent updates focused on refining the user experience within the cart, including the removal of free shipping messaging from the homepage and the enforceme",,7b773e6b-1230-4421-8440-e2b87bc290df,,Likely Supportable,green,40,,,
69cadf8da0d64434e67c1e55,https://market-eccentric-flow-pro.base44.app,MarketFlow,,"The user has successfully integrated Base44 Payments into the ""MarketFlow"" SaaS platform, enabling subscription checkout flows for various pricing tiers. Key technical implementation includes a `create-checkout` backend function that initiates secure payment sessions via Wix Payments and a `Pricing`",,765d6724-67f9-42e0-8215-996f4242be1b,,Likely Supportable,green,40,,,
69cadee8a2756f895662b20d,https://hive-care-link.base44.app,CommuniHive,,"The user is building a community management platform called ""Commune"". The platform includes features such as community feeds, donation campaigns, real-time chat, and task management, utilizing entities like `CommunityPost`, `DonationCampaign`, `Donation`, `ChatMessage`, and `HomeTask`. The UI has a",,c71dcd51-1e03-471c-9dc3-e75fc66a5fed,,Likely Supportable,green,40,,,
69cadf0a36940b36a93e6c6b,https://pastoral-pixel-quest-core.base44.app,PixelQuest Nexus,,,,f2540de7-4a15-478c-81b9-c8e44e7254c3,,Likely Supportable,green,40,,,
69ca8576b7e84c79b0d203bc,https://trade-candle-mind.base44.app,Candle Mind,,"The project, **CandleMind**, has completed a comprehensive overhaul of its mobile installation experience. The `usePwaInstall` hook was rewritten to support a wide range of mobile environments, including specific logic for iOS (Safari, Chrome, Firefox), Android (Chrome, Samsung Internet, Edge, Opera",,e051e78b-de47-4e19-84a1-d770dd793e1c,,Likely Supportable,green,40,,,
69b746706a48e96370f81fbf,https://etheria-reads-daily.base44.app,ISSUES,,"The user has continued refining the ""Issues Magazine"" application, focusing on site management and promotional updates. Key activities included administrative tasks, such as adding a collaborator for analytics access, and the implementation of a new advertisement.

The user integrated a promotional ",,1aeafb77-bd00-42c9-8eed-dcccf497b164,,Likely Supportable,green,40,,,
69cad8850695aac256e11781,https://statuesque-smart-estate-flow.base44.app,EstateFlow,,"The user is building a comprehensive CRM platform for real estate investors using the Base44 platform. The application is designed to manage property portfolios, tenant information, lease tracking, rental income, and payment processing. Key functional modules include a central dashboard for analytic",,ec764151-51be-4071-a6e0-0c72b81d7d3c,,Likely Supportable,green,40,,,
69c488303f4e8acd82b898c5,https://wealth-friendly-path-pro.base44.app,Rivermont,,,,1678f177-8e94-4120-bfe4-9479a51c33f0,,Likely Supportable,green,40,,,
69bd49af7b50f4245067d9e7,https://selfcarecollective.base44.app,Self Care Collective ,,"The ""Self Care Collective"" platform has successfully implemented an automated membership flow using ""Base44 Payments."" The integration involves a `createCheckout` backend function that redirects users to the payment portal and a `wixPaymentsWebhook` handler that automatically invites purchasers to t",,5693604f-d299-40e7-a1ef-966e269f1759,,Likely Supportable,green,40,,,
69ca02eec256f45edb06c242,https://winged-sonic-score-sync.base44.app,ScoreFlow,,"The user is developing ""ScoresFlow,"" a web application for generating sheet music from audio. Recent progress has focused on access control, tier-based user restrictions, and implementing an automatic inactivity logout system to enhance security.

Key changes and decisions include:
*   **Tier-Based ",,9914d4c8-db3b-495b-be42-7441265439d2,,Likely Supportable,green,40,,,
69c9c058251a5c9e78c19192,https://hungry-luxe-lash-link.base44.app,LuxeLash Studio,,,,464cd686-e9e2-4b39-858e-a64907b23796,,Likely Supportable,green,40,,,
69bc0e8449e925b4f346049a,https://altz-gen.base44.app,RoGen,,"The ""BlitzHub"" platform has been updated with a new visual account grading system (Bronze, Silver, Gold, Diamond) that determines account rarity deterministically based on account IDs, paired with a client-side 'Verify' tool to simulate validity checks. These features are integrated into both the ac",,0c44809f-8a87-4c0f-be71-47638cea131e,,Likely Supportable,green,40,,,
69cac3c9ab7a60ec40727fb8,https://safe-bed-path.base44.app,Bed Down Safety,,"The project is an educational platform where development has focused on resolving data integrity issues within the `UserProgress` entity. Repeated ""blank"" records were being generated due to a race condition and redundant executions triggered by the `ThankYou` page's `useEffect` hook, which was inco",,494d44d9-6865-43a5-b78f-8470c34d47c1,,Likely Supportable,green,40,,,
69cabac0f673c1f53982f1fd,https://triumph-softball-hub.base44.app,TeamTriumph Softball,,"The user is building a comprehensive softball team management application on the Base44 platform. The application requires a multi-role authentication system that differentiates access levels for players, coaches, and parents, with coaches granted administrative access to all data. Key features incl",,53d801b8-f121-4e70-9238-c62186dd4309,,Likely Supportable,green,40,,,
69cabb378d1f1e9224aee4ab,https://flora-scan-snap.base44.app,FloraID,,"The user has significantly expanded ""Flora Lens"" into a social and competitive botanical platform. Key additions include:

*   **Social & Competitive Features:** Integrated user profiles (`UserProfile`), a friendship system (`Friendship`), and competitive weekly challenges (`Challenge`). These featu",,c8ae33aa-4c90-45ce-b9f8-b80f56f27cf3,,Likely Supportable,green,40,,,
69cabacfa105835154af05d3,https://epoxy-crew-connect.base44.app,EpoxyConnect,,"The user is refining the application's navigation and user input forms, particularly for a ""worker"" role. Initially, the navigation was adjusted to display ""Feed"" on mobile and ""Job Feed"" on larger screens, and the ""Search"" functionality was removed from the bottom mobile navigation. The hamburger m",,2723a846-22e8-4912-8eb1-b3924c05eedf,,Likely Supportable,green,40,,,
69cab47ca17506f70c6237ba,https://kinetic-detail-pro.base44.app,Kinetic Detail,,"The ""Kinetic Precision"" car detailing platform is refining its booking workflow to improve user experience. A key architectural shift has been implemented: the `ThankYou.jsx` page now provides immediate visual confirmation to the user, offloading the previously synchronous, blocking email notificati",,ae04b4df-6b90-44c4-b377-52070f4da132,,Likely Supportable,green,40,,,
69cab9dd3eaddec94802a4b7,https://track-flat-flow-money.base44.app,FlowBudget,,"The user is developing a mobile-first, iOS-inspired budget management application for small businesses, utilizing the Base44 platform. The project is currently structured with core entities for `Transaction` and `BudgetCategory`, along with a React-based dashboard featuring interactive charts, trans",,dd5bdbcd-e1e9-40e7-9fdf-212ec39dd11e,,Likely Supportable,green,40,,,
69cab2422eca3c2f2e2890df,https://parlay-pal-bet.base44.app,ParlayPal,,,,0a92126b-5f97-48d7-bfc2-3e797f2bf079,,Likely Supportable,green,40,,,
69cab102a4016fdcc7a67608,https://swap-cautious-skill-sync.base44.app,WannaTrade?,,"The user is building ""WannaTrade?"", a mobile-first barter application. The platform integrates a Tinder-style ""Explore"" discovery interface, a structured trade negotiation flow, and mandatory government ID verification for all users. The UI is built with Tailwind CSS, utilizing a mobile-first layout",,b6c9a5fa-fafa-4e33-bb24-c5e6a64e748b,,Likely Supportable,green,40,,,
69b5da9ae577052383187de2,https://dan-story-vault.base44.app,"Dan McGinnis Creative LLC — Writing, Books & Journals",,"The project involves building a newsletter subscription system. A `Subscriber` entity is used to manage data, with future plans to use `Core.InvokeLLM` and `Core.SendEmail` for automated engagement. The user has implemented a non-intrusive, animated `SubscribePopup` component that integrates into th",,656ac246-bae9-46d1-b5dc-1a0c84eb5d15,,Likely Supportable,green,40,,,
69caa66a5bca7375e60308d1,https://smart-spend-smiling-flow.base44.app,Budget Friendly,,,,1effc1c2-8244-4a15-8f8a-4ba3b409158b,,Likely Supportable,green,40,,,
69caa62d9bba3b356c5746fe,https://tentacled-peak-soccer-path.base44.app,RecruitIQ,,,,8e2100ff-72e9-46f4-a328-15ebcbb962fe,,Likely Supportable,green,40,,,
69c2ef4ffffa95f734cbbafa,https://flip-luck-tee.base44.app,FlipDeal,,"The **Flipdrip** project has integrated a high-stakes, risk-reward game engine modeled after competitive gambling platforms. Users can now select from multiple discount tiers (10% to ""FREE""), which dynamically calibrate win probabilities, stake amounts, and loss penalties.

Key architectural and fea",,0191fdd5-499a-438d-99c8-4440460487ea,,Likely Not Supportable — Review,red,40,Gambling and Games of Skill,Virtual Casino / Loot Box / Cash Prize Games,['high-stakes']
69c694687672ae1454388058,https://hashikawasportsdesign.base44.app,Micah Hashikawa Sports Design,,"The ""Micah Hashikawa Sports Design"" portfolio has undergone a significant expansion to its content management system and a full integration of payment processing.

**Key Changes and Decisions:**
*   **Content Management:** The admin interface was extended with a new `ContentEditor.jsx` page, allowin",,6190ac14-2699-4678-8b79-8597b0b276c7,,Likely Supportable,green,40,,,
69ca9833e2ca5e8673d78e89,https://swinging-swift-ship-flow.base44.app,SwiftShip,,"The ""SwiftShip from MCS"" platform continues its development with a focus on resolving technical integration issues for its location tracking features. Following the implementation of order management and role-based access control, the project recently shifted toward configuring the `DeliveryMap` com",,5dcd8183-eb34-4aaa-8f00-57ffa7ef55c1,,Likely Supportable,green,40,,,
69ca90a44f473178688884c5,https://logical-ace-coach-flow.base44.app,AceCoach,,"The user is configuring ""AceCoach,"" an AI-powered interview coaching agent within the Base44 platform. The agent is designed to provide structured, realistic interview practice by conducting mock sessions, scoring responses, and providing actionable feedback using the STAR framework. Key features in",,aac7daa0-f04b-4a7d-9b93-c4ba99c33784,,Likely Supportable,green,40,,,
69c860ce06be3a309cc1d45b,https://jolly-wealth-flow-path.base44.app,Welth Flow,,"The user has built ""Welth Flow,"" a personal finance platform featuring a content learning hub, financial calculators, and goal-tracking tools. The application is built with a responsive design using a deep teal and gold palette, with navigation supported by a centralized router that enforces authent",,e97587cc-2d96-4337-ab1b-026d162b7a86,,Likely Supportable,green,40,,,
69c52d85ee42282184690b45,https://jolin-84690b45.base44.app,Jolin,,,,e013c8af-ea20-4849-af68-cdc68c74cafc,,Likely Supportable,green,40,,,
69c8a02c9f546b6e6427bfb5,https://placid-spot-wise-park.base44.app,SpotWise,,"The ParkSmart application, which uses a pre-populated database of 44 `ParkingSpot` records, is being updated to include accurate, real-world location data for Atlanta, GA. Following the user's request to avoid synthetic or ""fake"" data, the project is shifting towards sourcing verified public parking",,d89f5baa-7dd2-4080-b848-f37178e642c7,,Likely Supportable,green,40,,,
69ca80539493e528274773db,https://enormous-pay-flow-go.docker-pr-6176.velino.org,PayFlow,,,,75601b12-15e2-44cd-aa54-542efe90ad57,,Likely Supportable,green,40,,,
69ca0975fd98786f4df173bb,https://smart-service-base.base44.app,ServiceFlow,,"The project has reached a high level of operational maturity, with the core notification and communication infrastructure now fully implemented. Key updates include the integration of Twilio SMS across all primary backend functions—specifically `sendReviewRequest`, `sendPaymentReceipt`, `sendOverdue",,0f8b06fa-049f-486d-887d-703817e62d28,,Likely Supportable,green,40,,,
69c9f6126fef92c04509d936,https://loadpilot.base44.app,LoadPilot,,"The **FleetStorm Pro** platform has transitioned from a proof-of-concept to a functional SaaS application with a structured subscription and trial management system. Key features implemented include the integration of Base44 (Wix) Payments to handle tiered subscription models (Starter $29, Growth $5",,0ce22e29-9b48-4c19-a34d-8ecdc09eb668,,Likely Supportable,green,40,,,
69ca7eb89493e528274773d7,https://lumora-launch-pad.docker-pr-6176.velino.org,Lumora,,,,71537b15-2e0f-4f64-83fe-3fbd63024f27,,Likely Supportable,green,40,,,
69c83ec997aeebc86927c5e7,https://ellisonexchange.base44.app,Ellison Exchange,,"The project, Ellison Exchange, is currently undergoing a systematic data quality audit and remediation phase focused on the ""Listing"" entity. The primary objective is to ensure that all catalog items feature accurate and relevant imagery. Following the initial structural validation of the database, ",,201200fb-d06b-4075-b938-be718ee73b7d,,Likely Supportable,green,40,,,
69ca70fa81fcfdc795f70c8d,https://inspecta-spot-check.base44.app,Inspecta,,"The user is building an inspection management application on Base44 designed for various sectors, including restaurant operations, building maintenance, and groundskeeping. Key features include a dashboard with statistical overviews, category-based inspection templates with checklists, status/result",,05d9c791-c4d1-4b94-81ba-6c7e8c2295e2,,Likely Supportable,green,40,,,
69ca4aaacb836fd4ed9a497e,https://leadsindepth.base44.app,LeadForge,,"The user has built **LeadPulse**, a B2B lead generation and cold outreach management application. The app enables users to search for businesses by city and type, generating a curated list of up to 50 leads enriched with contact details, review analysis, website status, and pain point identification",,ccf233d4-2ed2-4e55-8f99-b247c1167a75,,Likely Supportable,green,40,,,
69ca6b7fab2e88b8b371a8bb,https://essentia-scent-club.base44.app,Essentia,,,,86e6749c-c9fa-43da-aa78-44204e6d575e,,Likely Supportable,green,40,,,
69ca69694280d75e3c1e1d91,https://save-forest-now.docker-pr-5527.velino.org,ForestGuardian,,,,82ce9a92-db78-47f2-a477-e3196b79244e,,Likely Supportable,green,40,,,
69ca688f4280d75e3c1e1d8b,https://save-ocean-pulse.docker-pr-5527.velino.org,OceanPulse,,,,63dd6de1-5152-4f10-9af8-8bb15911fa9a,,Likely Supportable,green,40,,,
69ca62e60d211c7e01ff71e8,https://code-word-link.base44.app,CodeWord,,"The user is building a web-based link redirection system similar to ""Downloader"" but using ""codewords"" instead of numbers to trigger file downloads. The project consists of two primary interfaces: an Admin panel (`/admin`) for generating random alphanumeric codewords mapped to specific URLs, and a P",,6d58a9e4-9f14-4f09-906a-379057af57ba,,Likely Supportable,green,40,,,
69ca673b917521c4703d8d8b,https://give-ripple-now.docker-pr-5542.velino.org,Radical Ripple,,,,21527fd6-7c40-4c86-a3f5-3572a5bbc16e,,Likely Supportable,green,40,,,
69ca631428ae61f6ed493b6f,https://urban-drop-hub.base44.app,DRPLBL,,,,c9791380-8d84-485c-a511-b1cf6ae5eb91,,Likely Supportable,green,40,,,
69ca484d6a6e46d3707bb290,https://morpho-magic-lab.base44.app,Morpho,,"The project is an AI-powered image transformation platform currently focused on multi-person analysis and sophisticated editing features. The development team has expanded the suite of transformation tools to include `weight_swap` and an admin-exclusive `love_potion` effect, both designed to maintai",,87c51846-c83d-4ac3-8af2-8a273c33faea,,Likely Supportable,green,40,,,
69ca50e151af0dbffb693163,https://airborne-zenith-vault-go.base44.app,Zenith Bank,,"The project, ""Zenith Bank,"" is evolving from a sandbox-based fintech application into a production-ready infrastructure using the Column banking API. Key architectural progress includes the implementation of a KYC (Know Your Business/Customer) verification workflow, integrating automated entity crea",,88beb3ea-caf5-41a4-b607-99032e67648a,,Not Enabled for Wix,orange,65,Financial Services,Digital Banking / Money Services / P2P Payments,"['fintech', 'bank']"
69ca55c2917521c4703d8d62,https://pulse-give-now.docker-pr-5542.velino.org,Kinetic Compassion,,,,fd71af29-f9ec-4a16-919f-7d268cb19106,,Likely Supportable,green,40,,,
694e1e203a2f1ccfe4e7c496,https://financial-stability-pro-e4e7c496.base44.app,Financial Stability Pro,,"The ""ND Life Harbor"" application has evolved into a comprehensive financial management suite. Key recent developments include the deployment of a `DebtPayoffCalculator` at `/DebtPayoffCalculator` and the integration of a `StrategyComparison` component into the `Debt` page, which provides interactive",,6f3212f3-7974-435e-af0b-26e5448e6a9e,,Not Enabled for Wix,orange,70,Financial Services,Digital Banking / Money Services / P2P Payments,['financial management']
69ca2a0b94a982b49cc8cdb0,https://luminal-wellness-path.base44.app,LuminalLife,,"The user is initiating a project to build a comprehensive, automated business system designed to generate full-time online income for individual consumers. The core objective is to establish a niche-focused brand that delivers highly personalized experiences through a complete digital infrastructure",,7b8c685c-bed3-4c64-8677-293b71f9b424,,Likely Supportable,green,40,,,
69ca258d95f57da0c6a4ac2e,https://scent-stack-lab.base44.app,Scent Stack Builder,,"The user is building ""Scentsy,"" a mobile-friendly fragrance layering and collection management app. Key features include a Stack Builder that uses AI to suggest scent combinations based on the user's specific collection, a demo mode for non-subscribers to preview functionality, and a payment integra",,843f4526-410d-459f-9345-104c263b6756,,Likely Supportable,green,40,,,
69ca0fbd0f32bb2f0e1d6926,https://strict-signal-core-live.base44.app,Stock Signal Hub,,"The user is building ""Stock Signal Hub,"" a dark-themed, HUD-inspired stock analysis platform designed for beginners. The core functionality centers on a search-driven interface where users input a stock symbol to receive a BUY, SELL, or HOLD signal based on 50-day moving average trends, accompanied ",,c5da3009-1a0e-4461-9aae-761ed3dc1891,,Restricted — Review,orange,60,Financial Services,Trading Signals / Investment Advice,['stock signal']
69c9f7eacc74d74300e42540,https://alpha-mind-labs.base44.app,AlphaMind Club,,"The project has successfully established a robust framework for managing legal documentation, specifically ""Terms of Service"" and ""Privacy Policy"" pages. These documents are modularized using `lib/termsData.js` and `lib/privacyData.js` to facilitate multi-language support (English and Chinese) and l",,6ed108ab-85a8-40ba-ab1e-4ec249269e8b,,Likely Supportable,green,40,,,
69c8c8c3cdf2609174e55569,https://daily-plate-prep.base44.app,Daily Plate,,"The project is a 7-day meal planning application that enforces strict scheduling, dietary, and time-based constraints. Recent updates integrated a ""Max Cooking Time"" feature, allowing users to select limits (15, 30, 45 minutes, or no limit) via an onboarding dropdown, which the `mealPlanService.js` ",,caa9b6a5-f099-415e-b2cf-510206f1c129,,Likely Supportable,green,40,,,
69c9f72a7dd074885aaa06e0,https://markus-ad-flow.base44.app,Markus AI,,"The project is currently focused on optimizing the ""Markus"" AI agent interface and resolving integration-related performance and API issues. Key project states and changes include:

*   **Performance & API Limits:** To address integration usage limits caused by excessive LLM calls, the `Insights` pa",,d90c12dc-7839-451c-8ea5-c0dd1c6b0c7d,,Likely Supportable,green,40,,,
69c4fc9f053932b8f2558200,https://flow-state-tasks-copy-f2558200.base44.app,FlowState Tasks (Copy),,"The user is building the ""FlowState Tasks"" application, which has transitioned from core authentication and dashboard UI development to implementing a freemium business model. Key milestones include the integration of user-specific authentication, the addition of a user profile section in the app si",,658098e1-6320-4482-ab04-a9a09460f653,,Likely Supportable,green,40,,,
69c91fb18a591b6a2bb2acc2,https://dad-card-pro.base44.app,DadCard.ai,,"The user is developing **DadCard.ai**, a platform for family and gift management. The project has expanded from its core ""Safety Tracking"" functionality to include a public-facing **Landing Page** (`/welcome`) designed to drive user acquisition. This page incorporates a hero section, feature highlig",,fcb9cd08-ff74-4b51-9150-8b7932afc3b3,,Likely Supportable,green,40,,,
69c8af3cc96aa9512b3cef7c,https://kindra-self-care.base44.app,Kingdra Labs,,"The project has been successfully rebranded to ""Primal Essence,"" transitioning from a ""ritual""-based concept to a modern e-commerce storefront. Key architectural updates include the implementation of a persistent `useCart` hook, a `CartDrawer` component for checkout navigation, and updated `ProductC",,2b85873e-b033-42a7-a37e-b7e044155811,,Likely Supportable,green,40,,,
69c9d334e98a2300fc81e985,https://vido-clip-gen.base44.app,VidoAI,,,,938ba56b-0b67-47e9-81bc-2af4a9e73d7f,,Likely Supportable,green,40,,,
69c9a47db69ac9e31029bc31,https://southernscareguide.base44.app,CarolinasHaunts.com,,"The user has rebranded the platform from **CarolinasHaunts.com** to **SouthernScareGuide.com**, including updates to the site branding, navigation, footer contact information, and meta tags. The project remains a comprehensive directory for haunted attractions across North and South Carolina, utiliz",,08a83182-bf75-4826-a5cb-be7ca1a97a1b,,Likely Supportable,green,40,,,
69c5e174b79adf6ea143ebb9,https://courageous-viral-flow-growth.base44.app,ViralFlow AI,,"The user is developing ""Luminary,"" a quality-first content intelligence platform for creators. The project is built using React and Tailwind CSS with a premium dark-themed UI. Recent development overhauled the platform's branding, adding a ""Content Quality Score"" system—featuring a visual score ring",,e987019d-0865-4e4c-b6fe-8bd6436eb6d2,,Likely Supportable,green,40,,,
69c85dc3878b610e3bfcf20e,https://proxima-prompt-ai.base44.app,ProximaAI,,"The project has evolved into a highly customized, theme-centric AI application. Key UI enhancements include a ""galaxy"" background integration, a replaced ""comet"" mascot in the `EmptyState`, and a redesigned, taller input interface. The user has streamlined the chat experience by removing horizontal ",,e13ca8e7-3bee-4f1a-964d-774c46feb873,,Likely Supportable,green,40,,,
69c78ea8338e0ede8003f989,https://divergent-solo-forge-flow.base44.app,SoloForge AI,,"CodeFreeGenie is an AI-powered SaaS platform for generating business toolkits. The project has moved into its final ""go-live"" phase, having successfully implemented a persistent, multi-feature architecture (including Client Manager, Invoicing, and Kanban Sales Pipeline) and a fully functional subscr",,b9a47831-a8fc-4f81-82f0-491d1c30cbc3,,Likely Supportable,green,40,,,
69c94351129abc6397f48d67,https://math-mojo-buddy.base44.app,MathMojo,,"The user is developing ""MathBuddy,"" a gamified educational web application featuring dynamic problem generation, flashcards, and quizzes tailored to grade-specific configurations (1st–12th grade). The platform utilizes a mobile-responsive UI built with Tailwind CSS and Framer Motion, with access gat",,5539fa4f-0516-478f-ac8c-dd65a68bd8a4,,Likely Supportable,green,40,,,
69c9b48c1a06658c5504c660,https://hope-5504c660.base44.app,Hope,,,,1f19ccbe-d1da-4af6-9f7e-79cb16ae7a51,,Likely Supportable,green,40,,,
69c72c3926fe59ce28e47402,https://impartial-kinetic-growth-core.base44.app,KINETIC,,"The project **""VITALÉ Wellness""** has focused on refining the aesthetic and interactivity of its landing page, specifically within the product discovery components. The main interface, `MakeupSection`, underwent a significant redesign to replace crowded elements with a cleaner, professional layout f",,3be60a79-f9b2-4ac2-8b13-e831738f7d4d,,Likely Supportable,green,40,,,
69c99a736a2acb2bb0f5adf2,https://fight-ready-gear.base44.app,OctagonGear,,,,ed1b13ca-2d28-45df-91c0-90b2c2d1382c,,Likely Supportable,green,40,,,
69c661bf8b7458cb4d2b91a6,https://goldrush-4d2b91a6.base44.app,Goldrush,,,,bbd80d13-e52c-43a7-9304-88a8e6bd99d6,,Likely Supportable,green,40,,,
69c9979cbf01c3c62fc5df7d,https://trust-work-verified.base44.app,TrustWork,,"The user is initiating the development of ""TrustWork,"" a freelancer transparency hub designed to bridge the trust gap between clients and freelancers. The platform aims to provide a verified portfolio system where freelancers can upload project evidence (contracts, screenshots) and showcase feedback",,7c2b7ad2-f6c9-4962-be14-3a30c9342722,,Likely Supportable,green,40,,,
69c98a077de2d41e3aba0a48,https://resourceful-next-stop-go.base44.app,Next Stop,,"The ""Next Stop"" project is a mobile-first, dark-themed web app providing AI-powered local recommendations based on user preferences. Key features include a multi-step discovery flow (location, mood, vibe, genre, time, budget) and modular UI transitions using `framer-motion`.

The project recently in",,b5135e3b-d8d4-40a5-b7b0-94404d5e9662,,Likely Supportable,green,40,,,
68dda0db4d9580a38edf1d5e,https://xplore-copy-8edf1d5e.base44.app,XPLORE,,"The user is building an Indiana-based quest application on the Base44 platform, featuring daily quests with streak tracking and AI-verified photo submissions. Recent development focus has shifted toward refining the quest generation logic and implementing subscription management features.

Key techn",,578d4839-a7dc-4be0-8a8b-f07a047a421e,,Likely Supportable,green,40,,,
69c9839dcd9899e4d0cc71f5,https://fidget-fun-joy.base44.app,Fidgets For Fun,,"The ""Fidgets For Fun"" web shop is evolving to automate its fulfillment workflow by integrating with the SimplyPrint API. Previously focused on geocoding improvements and manual fulfillment queries for Bambu Lab printers, the project transitioned to implementing an automated print queue system after ",,e2b267cf-7860-48cb-9da3-a5793b4bc14c,,Likely Supportable,green,40,,,
69c3facc30c4eeaf25175607,https://tagdslabs.base44.app,TAG'd Slabs,,"The user is building an application that involves managing offers and trades of cards, likely within a game or collection context. Key developments include implementing a ""Cancel Offer/Trade"" feature, refining the ""Propose Trade"" modal for better usability and display, and fixing various bugs.

Rece",,fcccd282-a4e6-48d1-8640-dc6f4c287639,,Likely Supportable,green,40,,,
699e75f50af67b399a7986e9,https://dn-credit-lab-9a7986e9.base44.app,DN CREDIT LAB,,"The project has focused on resolving a UI display issue where an unwanted string (""quiero ver cmo va mi reporte"") was erroneously appearing as the user's name in the `SidebarHeader` and mobile layout components. The user explicitly requested that the AI avoid modifying the `DNAgentWidget` or any AI-",,f73e1f9f-6497-4500-9353-2d63da654f4e,,Likely Supportable,green,40,,,
69c98163c2a86631b268df36,https://petite-cine-match-flow.base44.app,CineMatch,,"The user is developing ""Interloper,"" a movie recommendation engine built on the Base44 platform. The application features a cinematic, dark-themed UI and includes core functionality for movie browsing, personalized recommendations via AI, user ratings, reviews, and tracking viewing history.

Key dat",,f5e27792-b8b4-4a06-8bf2-c8ec373a44f6,,Likely Supportable,green,40,,,
69c9364d114e5655694c00d6,https://gilead-694c00d6.base44.app,Gilead,,"The user is building an application that offers ""Feature Packs"" and ""Premium Themes"" for purchase. The conversation has focused on refining pricing and display of these offerings. Initially, the bundle price for Feature Packs was adjusted to a fixed $12.99, and related UI elements were updated. Subs",,b7edad9e-ea6b-412c-962b-5db3e5109ea2,,Likely Supportable,green,40,,,
69c9695be6fa7b3c3ac9e5ca,https://eventura-live-pulse.base44.app,Eventura,,"The user is developing **Eventura**, a live entertainment platform on Base44, which features a comprehensive organizer suite including ticketing, real-time check-in, and post-event automation. Key developments include a camera-based QR scanning interface (`/organizer/scan`) using the `BarcodeDetecto",,5a4a4f89-c52d-488f-a655-6c679953834d,,Likely Supportable,green,40,,,
69c96abeae78ba8b9b948213,https://get-nexus-now.base44.app,RobuxNexus,,,,b3bd5917-bdc3-4831-9e11-b47a6edf99a3,,Likely Supportable,green,40,,,
69c95e6213e512429dc3cab7,https://sly-lumiere-skin-glow.base44.app,Lumière Skin,,"The user is further expanding the ""BOBBYLOVE"" e-commerce platform with improved navigation, customer account features, and thematic content. Key functional additions include a global product search bar integrated into the `NavigationBar`, and a new `OrderHistory` page that allows customers to track ",,39244dea-0fa4-4974-8fbb-ffaa724654f6,,Likely Supportable,green,40,,,
69c49df36cec9c42a1d331b2,https://kineticiq.base44.app,KineticIQ,,"The project ""KineticIQ"" continues to prepare for payment integration. Following the setup of environment variables for Wix Payments, the focus has shifted toward auditing existing promotional infrastructure. The system currently supports a single promotional code, `LASHAWN25`, which will need to be ",,cdd5660c-b952-482e-be8f-cea7fe57778c,,Likely Supportable,green,40,,,
69c95663aaf0bb798f4b5e88,https://aromatic-kind-circle-connect.base44.app,Kinship,,"The user is continuing the development of ""Social Orbit,"" a dating application. The focus has shifted to rebranding the app with a ""cool and premium"" aesthetic, utilizing a color palette of deep blues, teals, and whites, while retaining the existing name ""Social Orbit."" This involves updating the vi",,f9bb825e-5114-4850-819d-80ff2d826ad0,,Not Supportable,red,100,"Adult Content, Products, and Services",Dating Apps / Matchmaking / Companionship,"['dating app', 'dating']"
69c934b0230bfdf071b6911d,https://precision-revenue-path.base44.app,Precision Revenue Academy,,"The project for the Precision Revenue Framework certification platform remains in a stable, production-ready state, with current efforts focused on fine-tuning the visual presentation of the landing page.

Recent refinements involved applying CSS `text-justify` styling to key descriptive paragraphs ",,8605e8c8-5204-45e9-8d3a-4430dc831052,,Likely Supportable,green,40,,,
69c556f0fa91fa226ed6f29a,https://marty-burns-best.base44.app,Marty's Damn Firewood,,"The user is finalizing the ""Marty's Damn Firewood"" website with a focus on UI polish and messaging refinement within the `OrderFormSection`. Key updates included adding a weight disclaimer (40–50 lbs) to the ""Reserve Your Delivery"" section and updating the product descriptions for the ""Evening Selec",,2a9e1151-cb73-4591-b835-a04d3f061c6d,,Likely Supportable,green,40,,,
69c6e9bf2a424892bc416756,https://nova-trace-scan.base44.app,NovaTrace,,"The project has evolved into a comprehensive crypto-monitoring platform featuring a live, multi-platform token feed (including pump.fun) and integrated wallet connectivity. The app maintains a distinctive 1960s retro-terminal aesthetic, using amber accents and scanline effects to deliver data on tok",,bcf0b1fc-a8bf-408b-a2f4-4d935e011ca5,,Restricted — Review,orange,30,Cryptocurrency Products and Services,Trade / Exchange / Wallets,"['crypto', 'token', 'wallet']"
69c921deb8d9623f469adc08,https://staff-shift-link.base44.app,StaffSync Pro,,"The user is building a restaurant staffing agency platform that facilitates the hiring of workers for various venues. The system manages **Workers**, **Employers**, and **Placements** (job assignments), with a dedicated dashboard to track placements, hourly rates, and profit margins. Key functionali",,fff6d2ad-7fa7-4a22-942a-957e0366666d,,Likely Supportable,green,40,,,
69c79af4878ffe93a3ad5cae,https://zippy-taste-map-go.base44.app,Tastemap,,"The user is building **Tastemap**, a mobile-first restaurant discovery application. The project has evolved from a basic restaurant ranking tool into a feature-rich mobile app, including a custom bottom navigation bar, pull-to-refresh functionality, and a persistent ""Favorites"" bookmarking system.

",,0634475e-21fe-4104-ab5d-e4c4bef3e491,,Likely Supportable,green,40,,,
69c908aa5ddc17fb8393bde7,https://sly-neon-pulse-live.base44.app,NeonPulse,,"The user is building ""CamVerse,"" a full-stack live cam platform for users 18+ featuring interactive video rooms (solo, party, date, DJ studio), matchmaking capabilities, internal messaging, and comprehensive administrative tools. The platform includes advanced functionality such as visualizer rooms ",,c2dda143-9830-4ff2-8d23-6764c96e0286,,Not Supportable,red,70,"Adult Content, Products, and Services",Dating Apps / Matchmaking / Companionship,['matchmaking']
69a3d27557642cd985a2ef4b,https://echolife-ai-forever.base44.app,EchoLife AI,,"The ""4memora"" project has transitioned to a public-facing application, necessitating updates to authentication flows and UI elements. Key changes include the implementation of conditional navigation in the `layout` component, which now displays a ""Login"" button for unauthenticated users and a ""Logou",,7ea6f11e-5888-43ac-832a-0cc914189675,,Likely Supportable,green,40,,,
69c4783bc61b447c52263c64,https://safe-call-sphere.base44.app,CallGuard,,"The user is building **CallSentry**, a comprehensive robocall and spam protection application. The project features a dashboard for incident tracking, a reporting module for suspicious activity, and a searchable history of calls categorized by type (robocall, phishing, spam). Key data entities inclu",,6d2ccd66-f32c-4076-ae47-bf06ffb61190,,Likely Supportable,green,40,,,
69c1d2aff9a453fedbd462cf,https://habitat-home-manager.base44.app,Habitat,,"The user is currently troubleshooting an UI element labeled ""main"" that appears at the top-center of the ""Habitat"" home management app specifically when viewed on an iPad. The assistant has examined `components/Layout.jsx` but has not yet identified the source of this element, as it is not present i",,6cbdc56d-6fdf-46ed-816a-aea6eb5a6004,,Likely Supportable,green,40,,,
69c8c37de79cf4d2e7f0f6b5,https://alchemist-growth-os.base44.app,Alchemist OS,,"The user is developing the ""Master Business Alchemist Framework,"" a dashboard application currently focused on implementing a payment flow via Base44 Payments (Wix). The core work involves the `Pricing.jsx` frontend and the `create-checkout.js` backend function. Key implementation details include en",,78b2e927-74cb-4b3a-bfab-c7df612ccf8e,,Likely Supportable,green,40,,,
69c8b3aef2636254a1e1a6f4,https://island-threads-shop.base44.app,IslandThreads,,,,9290a831-652a-4b46-84bd-532e27145982,,Likely Supportable,green,40,,,
69c8ac806377b7f65b378295,https://eroticclothing.base44.app,Erotic Clothing,,"The user is building a high-fashion, hyper-feminine e-commerce website called **Erotic Clothing**, inspired by Y2K glam, ""bimbo core,"" and hyper-pop aesthetics. The project focuses on a vibrant, bold identity featuring hot pinks, chrome accents, and a ""main character"" brand voice designed to appeal ",,78adedbc-2552-4640-a499-6aa0b7078f71,,Not Supportable,red,50,Illegal Products and Services,Counterfeit / Fake IDs / Human Trafficking,['inspired by']
69c6a7dc55c95b58c35ed3a3,https://affiliate-pro-usa.base44.app,Affiliate Pro,,"The user is continuing to develop the ""Affiliate Pro"" application, focusing on enhancing its branding and core functionality. Previously, the project underwent a significant aesthetic refactor, adopting a high-end, editorial style inspired by ""Oak Theory,"" and a new minimalist geometric logo was int",,e5e18de6-4c60-4fca-8b33-27656b2b5f11,,Not Supportable,red,50,Illegal Products and Services,Counterfeit / Fake IDs / Human Trafficking,['inspired by']
69c8ac0088bc47cf6552574e,https://arcadia-game-sphere.base44.app,Arcadia,,"The project, ""GameVault,"" continues to expand its library of web-based games. The focus remains on building self-contained, functional components that integrate seamlessly with the existing `GameShell` layout and `GameInstructions` documentation.

Four new specialized games have been implemented:
* ",,feb61b33-f7ac-464b-b6b8-f365de7d4d48,,Likely Supportable,green,40,,,
69c730634d5a7adafc32b59b,https://custom-cover-cult.base44.app,CoverCult,,"The user is developing a custom album cover marketplace, featuring a React-based `CoverPreview` component that uses HTML Canvas for high-resolution, style-specific rendering. The project has recently transitioned into implementing e-commerce capabilities using Base44 Payments (Wix Payments). 

Key d",,d78e8211-5ecc-4107-89c5-08bad07fe790,,Restricted — Review,orange,70,Marketplaces and Aggregators,Marketplace / Multi-Vendor Platform,['marketplace']
69c88ae56377b7f65b37765c,https://star-path-sync.base44.app,NakshatraFlow,,"The user is building a professional-grade Vedic astrology application tailored for astrologers to manage clients and provide various astrological services. The platform is designed with a ""cosmic"" aesthetic using Tailwind CSS and a custom theme, featuring a sidebar-based navigation and a responsive ",,66e1f74e-3382-4075-881a-12a5b52bc625,,Restricted — Review,orange,25,"Unfair, Deceptive, or Abusive Practices",Psychic / Spiritual / Occult Services,['astrology']
69c87e06144cc405cf9f4be6,https://fairwaysociety.base44.app,Fairway Society,,,,602be63a-91dc-498a-894c-ebedc6a45045,,Likely Supportable,green,40,,,
69c87c95db1f350705364f1e,https://neon-flight-mke.base44.app,Skyvette,,"The project is a stylized 3D flight simulation set in an expanded Milwaukee environment. Key world-building updates include the addition of dense skyscraper districts, atmospheric transitions at high altitudes, and two orbital ""skyports"" that enable advanced progression mechanics. A ""Heat Shield"" sy",,d6e7d603-2fba-49d4-9611-968b1e5d5f90,,Likely Supportable,green,40,,,
69c71f0cbd95a446de3c5bee,https://court-bound-packs.base44.app,CourtBound,,"The user has completed the integration of advanced collection features, including serial-numbered cards (with print runs and specific numbering like 1/1) and a robust PSA/BGS grading system. The `UserCollection` and `PackOpening` logic were updated to support these attributes, and a `GradingModal` w",,92361be0-a84f-4c89-917e-164b7f09397f,,Likely Supportable,green,40,,,
69c87febe9f3baa6d8a0a89c,https://impetuous-pay-flow-direct.base44.app,PayFlow,,"The user is building an e-commerce web application on Base44, focusing on integrating Base44 (Wix) Payments. Key components include the `Shop` page for cart management and a backend function `create-checkout` that handles session creation and redirects users to the secure, hosted checkout page.

The",,99f39494-b34c-4c3a-886e-f50c271bb2bc,,Likely Supportable,green,40,,,
69c87f7803b30fa9e118ca2d,https://vague-pay-flow-fast.base44.app,PayFlow,,,,d6d88c20-8c1e-4d6d-a2b3-2e8b4a47f15b,,Likely Supportable,green,40,,,
69c878578bad2a27c894bd77,https://bright-tempo-fit-plan.base44.app,TempoFit,,,,cff1c24b-2e31-4766-95c4-a247de08790d,,Likely Supportable,green,40,,,
69c8397c7e7ced75eee24275,https://swift-colossal-fix-pro.base44.app,SwiftFix Pro,,"The ""Consider it Fixed"" handyman platform has finalized its branding and contact infrastructure. Key updates include the systematic replacement of all placeholder phone numbers with the client's official contact number (808-557-0863) across the Navbar, ContactForm, and Footer components. Additionall",,bc414b71-08a7-483d-b21f-34a4d753b067,,Likely Supportable,green,40,,,
69c4a2bd5d0284fc64e49b60,https://brilliant-smart-flow-budget.base44.app,FlowBudget,,"The user is developing **FinanceIQ**, a financial management platform, and has recently focused on administrative access control and subscription management. To enable granular platform administration, a new `Admin.jsx` page was created and integrated into the application navigation. This page is co",,eec9bae2-2051-4b63-963c-c0a150ba9dfe,,Not Enabled for Wix,orange,70,Financial Services,Digital Banking / Money Services / P2P Payments,['financial management']
69c86f4115b879b6efb4bc43,https://first-code-flow-sync.base44.app,Codex AI,,"The user is building ""iCode,"" an AI-powered coding assistant chatbot similar to OpenAI's Codex. The project utilizes a modern, dark-themed UI built with React and Tailwind CSS, featuring a persistent chat interface, conversation history stored in Base44 entities (`Conversation` and `Message`), and s",,f294cf8d-a135-49d5-bb61-19920c058a13,,Likely Supportable,green,40,,,
69b22f34dac2bde28851fd27,https://proofhaven.base44.app,ProofHaven,,"The **ProofHaven** application has expanded its core Evidence Vault functionality with two major feature additions. First, a server-side `exportEvidence.js` backend function was implemented to allow premium subscribers to export their evidence as a formatted PDF, integrated via an ""Export PDF"" butto",,8c6b1a44-0a0e-411a-8dc1-e0deb6aac87d,,Likely Supportable,green,40,,,
69c869867ea2270503a08e62,https://grand-depot-link.base44.app,DepotLink,,"The Grand Junction Union Depot application continues to undergo UI/UX refinements focused on navigation consistency. Following a major design overhaul of the Home page, the project has now expanded to include standardized navigation controls across secondary feature pages.

Key changes include the a",,9c47446f-f79c-4ced-aeaf-c03b84e5b6d9,,Likely Supportable,green,40,,,
69c850c760aa8ff6928ab27c,https://retain-forge-fit.base44.app,RetainForge,,"RetainForge, a churn-prevention SaaS for fitness studios, has been expanded with a comprehensive '28-Day Challenge' module. This module automates the Gym Launch retention strategy by allowing gym owners to create, manage, and track individual or team-based challenges. Key developments include new da",,82d5c018-3c35-4601-9beb-ce785168af4a,,Likely Supportable,green,40,,,
69c85dbbe782ff56b86ffaa1,https://dazzling-smart-med-flow.base44.app,MedDiag,,"El usuario está desarrollando una aplicación de diagnóstico médico asistida por IA sobre la plataforma Base44. La aplicación permite a los usuarios (médicos) registrar consultas con datos del paciente, historial clínico y síntomas, utilizando el modelo `claude_sonnet_4_6` para generar un diagnóstico",,816232ae-2bef-47de-8a91-4026a838edba,,Likely Supportable,green,40,,,
69b787e55998cebb1e759220,https://weave-on-official.base44.app,WeaveOn,,"The ""WeaveOn"" project has completed the implementation of a comprehensive return request workflow. Administrative controls in the `Orders` page now allow for the approval or denial of return requests, including visibility into the original order status to inform decision-making. Upon approval, admin",,e331e1a8-5e96-41ad-b1bd-0cca864d7ac6,,Likely Supportable,green,40,,,
69c857a59245d11cda22e544,https://ludicrous-fuel-forge-fit.base44.app,NutriForge,,,,ef5715d1-01c1-4929-9a16-c501ed3c799a,,Likely Supportable,green,40,,,
69c84dab4b6f4e04edeca3e3,https://ashford-city-pride.base44.app,Ashford City FC,,,,c8e9ceed-9bb5-4b4b-bdb8-e4381dbf4b9c,,Likely Supportable,green,40,,,
69b60bb6233d5cdc3cf5610a,https://nature-isle-go.base44.app,Nature Isle Guide,,"The ""Nature Island Guide"" application for Dominica is a mobile-first travel platform featuring an AI-powered trip builder, an interactive concierge, and a comprehensive directory of local businesses and attractions. The app utilizes a curated design system with a Dominica-inspired color palette and ",,b5db971b-f0a2-4564-9c5d-0bb03b6ac86d,,Likely Supportable,green,40,,,
69b9e41721d1a8f057964e86,https://bloodsugarrewind.base44.app,Blood Sugar Rewind,,"The user has successfully integrated the Base44 Payments flow into the blood sugar health web application. A new backend function, `createCheckout.js`, was implemented to interface with the Wix Payments API, enabling the generation of secure checkout sessions for the ""7-Day Detox Jumpstart"" product ",,4df27bcd-d390-4984-975d-dee697c9f591,,Likely Supportable,green,40,,,
69c84549794c506e3abd6e9c,https://agile-pure-scan-glow.base44.app,PureScan,,"The user is building a subscription-based mobile web application for analyzing skincare, body wash, and shampoo products. The app features a $10/month subscription model implemented via Wix Payments, with integrated routing for checkout and post-purchase confirmation.

Key technical components inclu",,af095ee9-7db8-485b-ba7c-18981e2539da,,Likely Supportable,green,40,,,
69c80cfe226707a57490851f,https://admin-craft-labs.base44.app,SysAdmin Learning Lab,,"The user is developing an IT support simulation platform on Base44, focusing on an interactive training module with a structured ticketing system. The project has moved toward a stress-free, self-paced learning experience, successfully removing all time-based mechanics, including countdown timers an",,d521885f-89d0-458b-8bd1-0b3460a474d8,,Likely Supportable,green,40,,,
69b9dde3f5e7566f03863fb6,https://winter-03863fb6.base44.app,Winter,,,,de2c484f-b526-4e1e-8b07-8b21f2f167e4,,Likely Supportable,green,40,,,
69c83977cf43eafd9763d605,https://majestiq-pulse-drop.base44.app,MajestIQ,,,,86a4b5e6-a1a5-499a-aa2b-c82cf21fae66,,Likely Supportable,green,40,,,
698b8d8701216810263dc72a,https://evasive-pro-connect-now.base44.app,ProConnect,,"The HomeHero platform has successfully implemented a secure payment infrastructure using Base44 Payments, including a `create-checkout` backend function and a `wix-payments-webhook` handler that manages transaction status and a 77.5%/22.5% contractor/commission payout split. The `Booking` entity has",,f7e36e07-bfc4-47e4-b6b2-d7771fd7865f,,Likely Supportable,green,40,,,
69c7eda3878b610e3bfcb32a,https://speak-china-now.base44.app,LingoBridge,,"The user is developing ""LingoBridge,"" a video/voice chat platform for Chinese language learners. The platform utilizes a tri-party matching system (Learner, Native Speaker, and Judge) to facilitate language practice, with financial incentives for speakers and judges funded by learner payments. The p",,047cb4a9-7ff5-44ea-a842-d3b9b5215abe,,Likely Supportable,green,40,,,
69c80de00b76faf2a8bb7a9b,https://icy-smart-wholesale-flow.base44.app,WholesaleFlow,,,,29b2c732-4548-48bf-a420-2de6ca555dcb,,Likely Supportable,green,40,,,
69c80dbd113a5c722139f3c2,https://score-your-build.base44.app,ContractScore,,,,002052dd-30a3-4448-9c93-5d6c10eaac90,,Likely Supportable,green,40,,,
69c5b75b7490a3531ac56fb9,https://dark-web.base44.app,DarkWebSellers,,"The user is building an e-commerce application using the ""DarkWeb"" template and has successfully integrated Base44 Payments to handle the checkout flow. The implementation involves a secure, hosted payment session redirected through a backend `create-checkout` function, with a dedicated `OrderComple",,7262f2f1-9191-4c4e-a5bb-1b0b428a7fb7,,Not Supportable,red,80,Illegal Products and Services,Dark Web Tools / Hacking Services,['darkweb']
69c7fcdbe561cf52874c0335,https://pay-rent-ease.base44.app,RentEase,,,,ffc4a560-9072-422b-b475-c0dcef06f588,,Likely Supportable,green,40,,,
69c7dd45ef76ef35939ca718,https://shift-vent-vault.base44.app,ShiftVent,,"The ""THE VENT"" project is an anonymous social PWA for service industry workers. Following the implementation of a ""Motivational Prompt"" and the addition of a ""KFC"" franchise category to the `Complaint` entity, the team faced persistent issues with rendering external franchise logos due to hotlinking",,78aa2962-1f1c-4d7d-a5a2-e924a407dd03,,Likely Supportable,green,40,,,
69c77f001c288c1617e5bc4b,https://kinetic-sushi-flow.base44.app,KINETIC SUSHI,,"The user has developed ""Kiseki,"" a modern, high-end sushi restaurant application built on the Base44 platform. The project is characterized by a ""Kinetic Ceramics"" design aesthetic, utilizing a sophisticated visual language featuring Playfair Display typography, JetBrains Mono accents, and an archit",,db8e8807-962d-4731-95a6-61c7046c2387,,Likely Supportable,green,40,,,
69c69b2d52fd66a5e1e31121,https://street-bites-finder.base44.app,StreetBites,,,,aeb58860-2584-468c-830a-9c56e677c44e,,Likely Supportable,green,40,,,
69b886ae50f8b3d28e9e2519,https://score-rise-pro.base44.app,ScoreRise,,"The ""Alethia Fix My Credit"" platform has expanded its feature set to include comprehensive dispute management and credit improvement forecasting. The project now features a `DisputeDashboard` page that provides a centralized view for tracking active credit disputes, including status updates (e.g., p",,e8dcbef6-8547-4d00-94aa-44bf63fe43bc,,Not Supportable,red,100,Debt and Credit Services,Debt Collection / Relief / Credit Repair,"['credit disputes', 'credit improvement']"
69c7dda9334c808a910718f0,https://dockside-fuel-flow.base44.app,Dockside Reserve,,"The project focuses on building a fuel delivery platform on Base44, optimizing both the driver dashboard and the customer ordering process. Recent changes for drivers include implementing date-based locking to prevent ""In Route"" or completion actions on non-delivery dates, removing the redundant ""Co",,5952fb01-38cf-4fac-8f7d-baeb2e70f8a6,,Likely Supportable,green,40,,,
69bf4fe340d05bc8acc66c86,https://persuade-peak-path.base44.app,PersuasivePro,,"The ""Persuasive Writing Coach"" application has been significantly enhanced to include user authentication, a subscription payment system, and a usage-based free trial model. The platform now utilizes Wix Payments to manage a $2.00 monthly subscription, providing users with five free writing sessions",,42e2251d-90be-452e-8f3d-484b7e0cd8e3,,Likely Not Supportable — Review,red,30,"Unfair, Deceptive, or Abusive Practices",Negative Option Marketing / Hidden Subscriptions,['free trial']
69bca88d840a0661cc566af3,https://gentlerecoverytool.base44.app,Gentle Recovery Tool,,"The ""Gentle Recovery"" app is undergoing iterative improvements to its onboarding and user engagement flows. A key recent addition is the `CheckInQuickModal`, which triggers immediately after the `WelcomeScriptureModal` to capture user mood and energy levels. The integration of these modals was refin",,cc20c3e3-f7e4-4381-aa0b-5af41b90820d,,Likely Supportable,green,40,,,
69bb5207934a7df677840174,https://xquisit-ink-flow.base44.app,Xquisit Ink,,"The project, ""Xquisit Ink,"" is a tattoo studio management platform being built on Base44, designed with distinct interfaces for clients and studio administrators. The platform currently uses 13 entities, including `ArtistProfile` and `PortfolioItem`, which have been populated with sample data. Visua",,60eede3e-4dad-4824-ac75-d6a8f6185db0,,Likely Supportable,green,40,,,
69c75362c89c0de6aea36baa,https://healith-wellness-flow.base44.app,Healith,,"The project has evolved into a ""Heallist-inspired"" high-end wellness platform, moving away from aggressive ""AI-aesthetic"" ornamentation to a sophisticated, minimalist design language. The UI now features a warm cream (`#f5f0e8`) base, deep earthy tones, and refined typography using *Cormorant Garamo",,e9b8ee0d-6b1e-48a2-b206-5ea3e3dbf0c5,,Likely Supportable,green,40,,,
69c7c3da794c506e3abd316c,https://second-life-home.base44.app,SecondLife,,"The user is building ""Furnish GO,"" a secondhand furniture marketplace on the Base44 platform. The project is currently structured around a `Listing` entity, with a responsive frontend featuring listing discovery (search/category filters), detailed item views, and a user dashboard for managing invent",,65319a3d-8d74-4e46-8abe-02f61a4c0e3b,,Restricted — Review,orange,75,Marketplaces and Aggregators,Marketplace / Multi-Vendor Platform,"['marketplace', 'listing']"
69c7bdb3a5d8c8ad66b44b28,https://raise-smart-flow.base44.app,CapitalFlow AI,,,,dc186fbc-db89-416e-98c6-e4cb11d9eb5f,,Likely Supportable,green,40,,,
69c7c2543b84edfe63734d96,https://charming-kinetic-curated-flow.base44.app,The Kinetic Exchange,,"The user has transitioned ""The Kinetic Exchange"" from a static gallery into a functional e-commerce platform. The core data structure was refreshed by replacing the legacy ""Product"" entity with a new, curated catalog of eight high-end leather accessories, each generated with architectural studio vis",,ed31003e-66ce-4931-8531-d5b8cce07b7a,,Likely Supportable,green,40,,,
69c7b88c8e4bd834c5906002,https://excellent-field-sight-flow.base44.app,Inspectra,,,,8aa0942a-1156-489e-b703-a918efcd6911,,Likely Supportable,green,40,,,
69a37b67a7bf51ac20cc2892,https://fairway-feed-news.base44.app,Mugshot Golf,,"The project is a golf-focused content website built on the Base44 platform, currently undergoing refinements to sharing functionality and branding consistency. Recent development efforts have focused on optimizing the `ShareButtons` component for cross-platform compatibility, including implementing ",,4ea25d73-2513-4348-86f6-4d0387e10db4,,Likely Supportable,green,40,,,
69c7ac3caf5096d1edff9f82,https://hissing-tint-flow-pro.base44.app,Tintflow,,"The project is a management platform for service businesses, currently focused on optimizing communication and billing workflows. The email infrastructure has been successfully migrated to use the Resend API with the custom domain `filmstack.net`. To support professional communication, the system no",,d7a0fd48-0ff9-4fdd-b8f4-e9e2dbd3a94c,,Likely Supportable,green,40,,,
69c7a03919cdbd2dfc8246ba,https://velvet-rope.base44.app,Velvet & Vine,,"The user is building **Velvet & Rope**, a digital lifestyle magazine featuring a dark, professional aesthetic and a Base44-backed admin interface for content management. Key entities managed include `Article`, `GalleryImage`, `LearningContent`, and `NewsletterSubscriber`. Recent work focused on refi",,e8e0a443-c8f6-4bef-a093-16591285d187,,Likely Supportable,green,40,,,
69c78100889d9bbfdffbd81d,https://revive-my-phone.base44.app,PhoneRescue,,"The ""Phone Rescue"" web application is pivoting from a simulated phone backup tool to an AI-guided companion service. The user acknowledged the browser's technical inability to directly connect to physical USB devices and approved a new project direction: the app will now provide step-by-step instruc",,327c6ffd-4c19-4b42-bd74-ce9ca03384f0,,Likely Supportable,green,40,,,
69c78b93889d9bbfdffbd94a,https://daily-renew-path.base44.app,RenewPath,,,,e7548218-357f-4db6-b54c-81d5705178e4,,Likely Supportable,green,40,,,
69c759bc30b6bb76dff20489,https://kindred-roots-social-club.base44.app,Kindred Roots Social Club,,"The project involves building an authentication-gated experience (`AuthGate`) where members are validated against an `ApprovedMembers` entity. The database security model for `ApprovedMembers` has been updated to restrict read access exclusively to users with an ""admin"" role.

**Key Decisions & Chan",,98666f09-3863-4c2d-b2a9-580975db9845,,Likely Supportable,green,40,,,
69c76c62ee43a77be9a2c533,https://nova-game-flow.base44.app,NovaTopup,,"The user initiated the development of a production-ready Telegram Mini App for game top-ups, emphasizing a premium UI/UX, neutral design with blue accents, and a robust feature set including product management, order tracking, promo codes, and referral systems. The project is built using a React/Vit",,9a87aaca-5061-4594-a3ed-c59fa1195594,,Likely Supportable,green,40,,,
69aca6d0201c07d5f9214b96,https://impossible-eats-now.base44.app,ImpossibleEats,,,,303166ce-c1b6-4033-a8c9-bc8a6d9de6cd,,Likely Supportable,green,40,,,
69c76c09e90b9e2fdd84ed6a,https://garrulous-second-life-finds.base44.app,SecondLife Finds,,,,674a61ff-7e8f-4988-afb1-272f38bfda2d,,Likely Supportable,green,40,,,
69c6dc602f16a46afd662977,https://toy-bid-vault.base44.app,ToyBid,,"The AutoBid platform has transitioned from a functional marketplace to a hardened, feature-complete application. Recent efforts focused on implementing comprehensive SEO strategies and conducting a full quality assurance audit to ensure production stability.

**Key Developments:**
*   **SEO Infrastr",,25211146-ac2f-4781-8462-86471308a707,,Restricted — Review,orange,70,Marketplaces and Aggregators,Marketplace / Multi-Vendor Platform,['marketplace']
69c6c9c279b4e59f4a78beaf,https://gregarious-smart-wealth-path.base44.app,MoneyMap Pro,,"The **MoneyMap Pro** project has reached a stable state regarding mobile UI interactions and navigation. A key achievement was the standardization of ""mobile chart dismissal"" behavior, where tooltips in `SpendingPieChart`, `IncomeGrowthPage`, and `AllocationCharts` now automatically clear upon user ",,ea781790-41b0-410e-88e2-521420fce48b,,Likely Supportable,green,40,,,
69c752cf1f1800b5bebc4803,https://pure-cotton-edit.base44.app,Cotton & Co,,,,4846dae5-1d1d-4b38-baf4-9bc3d4a8550c,,Likely Supportable,green,40,,,
69c6becc6dc92030ba9b0131,https://build-hypnotic-smart-flow.base44.app,BuildFlow AI,,"The BuildFlow AI project has expanded its functional scope to integrate CRM management, scheduling, and document conversion. Key developments include the implementation of an inline **New Customer** dialog within the `EstimateBuilder` to allow seamless customer creation during the estimate process.
",,b6e4b183-c5d0-4d3d-8b58-75b595247fab,,Likely Supportable,green,40,,,
69bfab8567acf6634fdc76d5,https://ai-rocky-4fdc76d5.base44.app,A.I. Rocky,,,,a61217e5-5c50-485e-9236-30ef1ab68ede,,Likely Supportable,green,40,,,
6976c9727f8e6f60daaf8766,https://brandify-daaf8766.base44.app,Brandify,,"The user is developing an e-commerce application with administrative features. Previously, the focus was on refining the navigation bar's background image and position. The development team also implemented an ""Orders"" page accessible only to administrators, allowing them to view, update order statu",,138077c6-6720-47f7-8cef-6446c7b166b1,,Likely Supportable,green,40,,,
69c532204cb0ee2420d57739,https://pbnj-capital-flow.base44.app,PBnJ Capital OS,,"The project has transitioned to a ""Super Admin"" operational model, with the implementation of dedicated dashboard views for `Deals`, `Contacts`, and `Lenders`. These components were integrated into the `SuperAdminLayout` under a new ""Operational Data"" navigation group, providing cross-tenant visibil",,ad65eea9-699a-4b12-8c51-2cfc372925f5,,Likely Supportable,green,40,,,
69c6c4f22e2ceab0086ba147,https://flappy-jet-quest.base44.app,FlappyPack,,"The ""Flappy Pack"" project has expanded to include monetization features and visual refinements. Key technical implementations include a fully functional Base44 Payments integration—using `create-checkout` and `wix-payments-webhook` backend functions—which allows players to purchase currency packs. T",,00f004ef-30fc-4018-9d84-8093ac6cf149,,Likely Supportable,green,40,,,
69c73b7bce2121958985e427,https://story-nest-tales.base44.app,StoryNest,,,,a13c3229-a932-4cb2-909a-65baafd91419,,Likely Supportable,green,40,,,
69c72e0f68d4e4eead00cd46,https://nova-digital-drop.base44.app,NovaDigital,,"The user is developing the ""EATSS"" digital storefront, maintaining a minimalist, monochromatic aesthetic centered around the `Product` entity. The project features two main items: the ""Locked-In Weekend Routine"" and the ""7-Day Discipline Builder.""

Development has focused on refining product display",,3107ce3f-9c97-4183-9fc9-ffc59f032291,,Likely Supportable,green,40,,,
69c57d24f79764d389747ccb,https://sassy-quick-quote-flow.base44.app,EstimatePro,,"The flooring service ERP system continues to expand, with recent efforts focusing on refining the user interface for the Pricing Catalog. Following a structural correction to ensure the catalog’s search, filter, and conditional item rendering are properly nested, the UI is now stable and functional.",,49f3cf84-e0d3-4c38-b399-875962c421c8,,Likely Supportable,green,40,,,
69c713231fa337312739551a,https://punchie-style-sync.base44.app,Punchie's Closet,,"""Punchie's Closet"" has expanded its functionality to include gender-inclusive styling and premium monetization. Users can now set a gender preference (Men, Women, or Unisex) in their profile, which filters the `OutfitInspirations` component. Premium users receive additional utility, including a togg",,f276a1ba-0f3c-4cf1-ad86-87d245d7b1b1,,Likely Supportable,green,40,,,
69c7255b063db4b9f10bccd6,https://beyou-art-hub.base44.app,BeYou,,"The user is building ""BeYou,"" a marketplace platform for artists to list and sell products. The platform supports two user roles: Guests (browsing) and Sellers (listing products). Key features include a mandatory $20 one-time registration fee for sellers to enable listing capabilities, a tiered chec",,a963832e-b963-4fc3-8cd7-6740471abf96,,Restricted — Review,orange,75,Marketplaces and Aggregators,Marketplace / Multi-Vendor Platform,"['marketplace', 'listing']"
69c5d55638cd27a2dec6f9b0,https://cached-dawg-prints.base44.app,Cache Dawgs 3D Print Shop,,"The ""CACHE DAWGS 3-D PRINT SHOP"" has been rebranded to ""DAWGS FAN 3-D PRINT SHOP"". The project focus has shifted towards a self-managed inventory system, replacing pre-seeded e-commerce functionality with a centralized Admin portal.

Key architectural changes include the removal of the ""Custom Order",,14b55dcb-bfaa-4103-b049-5ae1e5ef5814,,Likely Supportable,green,40,,,
69bfe972fb26517423970f4a,https://alpha-congress-core.base44.app,Congress Alpha Strategies™,,"The Congress Alpha Strategies™ (CAS) platform has evolved into a comprehensive financial intelligence and hedge fund management ecosystem. The application, defined by a ""silent luxury"" black-and-gold aesthetic, now features a robust technical infrastructure including a real-time Congressional trade ",,1898d665-8a77-44ce-aac1-969fc4d83038,,Likely Supportable,green,40,,,
69bc5749a3e0518effcc3a5f,https://book-event-hive.base44.app,EventHive,,"The user is continuing to refine the ""360 Event Planner"" application. Recent efforts have focused on fixing build errors in the `HeroSection.jsx` component. Specifically, a duplicate import of `motion` caused a syntax error, and a closing tag for `motion.div` was incorrectly formed. These issues hav",,cf1549bb-554f-4695-8ff0-12359cd2311d,,Likely Supportable,green,40,,,
69c7022b9eb665c91cd33a89,https://amiable-swing-flow-pro.base44.app,SwingFlow,,"The ""SwingGuide"" project has been further refined into a boutique platform for William Eldrenkamp by simplifying navigation and merging instructional content into the landing page. The ""Coach Directory"" and its associated routes were removed, and the `UploadVideo` component was cleaned of unnecessar",,3d8d392c-d54c-4860-b7bb-8254a08900b6,,Likely Supportable,green,40,,,
697fc0a38a28ecc4907be5eb,https://afterlightbyo7games.base44.app,AFTER LIGHT (AL) ,,"The ""After Light"" project has transitioned into a polished, interactive game environment. Recent updates focused on sensory feedback, including the implementation of a custom glowing red-white crosshair that tracks the cursor during gameplay and the removal of the decommissioned ambient sound engine",,2022a862-5e7b-406f-8175-79f32056d504,,Likely Supportable,green,40,,,
69c6fd836a4213acc8c2a1a2,https://strong-smart-pantry-flow.base44.app,PantryPal,,"The user is developing ""PantryPal,"" an AI-powered kitchen management platform on Base44. Recent development has focused on enhancing grocery management by adding barcode scanning functionality to the `GroceryList` page, utilizing the `@zxing/browser` and `@zxing/library` packages. Key implementation",,ccb082a6-82d1-4e5d-9f3d-250960a1621f,,Likely Supportable,green,40,,,
69c7048179c5ebac1d0a2418,https://spotted-pipe-quote-flow.base44.app,PipeQuote,,,,20de6817-24c1-4f5a-8c53-f4d43efbfe30,,Likely Supportable,green,40,,,
69c33dcf5aaf24c2a25ce91b,https://chabad-chi-link.base44.app,Chabad Chicago Connect,,"The project has reached a state of complete content management integration. The primary focus has been the systematic wrapping of all front-end UI elements—including text, images, and interactive buttons—in `Editable` and `EditableImage` components to facilitate dynamic content updates across the en",,e69250b2-daaa-4e31-93d2-4cff3e82b109,,Likely Supportable,green,40,,,
69c6f535213fea10ee7446bb,https://famous-saiyan-power-pulse.base44.app,SaiyanFit,,,,25af2dac-eb77-4fe7-a9ed-21d9b252a524,,Likely Supportable,green,40,,,
69c68f6b8939e2dd43100ce4,https://flickchat.base44.app,FlickChat,,"The project, **FlickChat**, has reached a stable state regarding its legal compliance pages. Recently, the development environment underwent a cleanup to resolve build conflicts caused by duplicate, extensionless file references in the `pages/` directory (`Settings` and `Explore`). These duplicates ",,39e4c81d-3033-4ccf-b1f5-4c6255a06909,,Likely Supportable,green,40,,,
69c5d9598e44b294ac162338,https://snap-your-pick.base44.app,ChoiceSnap,,"The user has extended the ""This or That"" comparison app by integrating an affiliate marketing system and a time-sensitive polling feature. The affiliate system allows creators to attach custom URLs to their post options, which are then routed through an internal `/go/:postId/:option` redirect. This ",,ff62abe2-b031-4b9e-9d0e-be645ebc9fb3,,Likely Supportable,green,40,,,
69c1c29664b292774182b5b2,https://brawny-mood-fuel-flow.base44.app,MoodFuel,,"MoodFuel has expanded its personalized workout planning feature to include visual guidance. The application now fetches and displays relevant fitness images from Unsplash for each exercise recommended in the generated workout plan, enhancing the user experience by providing clear visual references f",,18edfb6e-27d1-446a-86e1-9322d41ef818,,Likely Supportable,green,40,,,
69c6e02a0065413aa5c4f2dd,https://silver-master-trade-flow.base44.app,TradeFlow AI,,"The user is building **TradeWise AI**, a day trading education platform featuring a dashboard, structured learning modules, a strategy library, an AI-powered trading coach, a paper trading simulator, and a trading glossary. The app uses React, Tailwind CSS, and Lucide icons to deliver a professional",,bebcb376-a6b4-466e-b054-96eb834fbea4,,Restricted — Review,orange,60,Financial Services,Trading Signals / Investment Advice,"['day trading', 'trading education']"
69c6dcf0de4bf2cf76498356,https://cheerful-snap-study-flow.base44.app,StudySnap,,,,6520cf2d-979b-4ea7-8019-e58f25b36624,,Likely Supportable,green,40,,,
69c554257bae72dfea7c7060,https://game-master-grid.base44.app,GameMaster Suite,,"The user has initiated a project to build a feature-rich game system for a Roblox-based Obby. The core architecture centers on a robust server-side script that manages player data, including currency (coins), hierarchical ranks with specific permissions, a shop, an event system, and a pet inventory.",,231a9c9c-b41b-4657-85ee-1042e68bb9ac,,Likely Supportable,green,40,,,
69c57d6d01faebe68f79d093,https://snobbish-nurture-nest-care.base44.app,MilkMinutes,,"The ""BabyTrack"" application has been enhanced to include specific brand selection dropdowns for both formula (""bottle_formula"") and solid food feeding events. The `Event` entity was updated to include a `feed_brand` field, and the `FeedForm` component was modified to dynamically display curated bran",,c6f01481-e3f8-4d58-b804-f803a80324c8,,Likely Supportable,green,40,,,
69c6c8bd99dde82c642f8a50,https://pawsync-642f8a50.base44.app,Pawsync,,,,997df225-474e-4acf-8d0e-6161a2a88982,,Likely Supportable,green,40,,,
69beef0653ff9796e1a31b44,https://annoying-nexus-link-core.base44.app,Nexus,,"The development of the Discord-inspired chat application has transitioned into the component implementation phase, focusing on building a robust UI suite including `ServerRail`, `ChannelSidebar`, and specialized dialogs for navigation and messaging. The application is unified under a main `Discord.j",,b8801d0d-3e6b-4ae6-bf3f-40e5329f347a,,Likely Supportable,green,40,,,
69c57f554a63ff5b6f53cf62,https://warm-play-nexus-verse.base44.app,Ameribloxs,,"The user has continued development of **Ameribloxs**, a web-based game platform. Key additions include a role-based **Admin Panel** accessible only to administrators, which provides management tools for users and games, along with global analytics (total plays, users, and game counts). The administr",,57ce1f19-c435-448a-827b-31ae99734baa,,Likely Supportable,green,40,,,
69bda20f55c03eaa895da09a,https://final-offer.base44.app,Final offer,,"The user is developing a high-end e-commerce platform for performance apparel and outdoor gear, utilizing entities like `Product`, `Order`, `CartItem`, and `Review` to manage the catalog and user purchases. Key pages include `Shop`, `ProductDetail`, `Checkout`, and `OrderConfirmation`.

The project ",,4207b465-b2eb-4e11-b876-6c29822cd7b5,,Likely Supportable,green,40,,,
69c6bdf1d8268951fb1377f1,https://find-nearby-gems.base44.app,LocateLocal,,"The user is continuing to develop the ""Localyze"" platform, with a current focus on refining the backend webhook for processing Wix payments. The previous summary noted the implementation of a premium subscription model, including backend functions for checkout and webhook verification, tiered pricin",,c9a14616-c913-4281-94a3-4b9206e7858f,,Likely Supportable,green,40,,,
69b99fb83000433f72083b56,https://dnvr-pure-lab.base44.app,DNVR Peptides,,"The user is finalizing the ""DNVR Peptides"" ecommerce platform, transitioning from a functional prototype to a launch-ready production state. Key technical progress includes the deployment of a full entity architecture (Product, Order, Subscriber, etc.), the integration of a comprehensive design syst",,ab0707a6-ffcf-456e-b658-9beaf0d7db1f,,Restricted — Review,orange,40,Healthcare Products and Services,Prescription Pharmaceuticals,['peptides']
699f6a5787b629a0ca775c57,https://flavor-chef-collective.base44.app,Infinite Flavorz Chef Collective,,"The ChefDrop platform has finalized its private chef booking flow by integrating **Base44 Payments**. The user experience on the `/BookExperience` page has been streamlined to a three-step process: selecting booking parameters, choosing a chef, and executing a deposit payment. The redundant payment ",,dccb4de7-0fc4-44b8-a8df-0a8eba27d24a,,Likely Supportable,green,40,,,
69b451d92c54a90583bd1e70,https://coop-comfort-connect.base44.app,CluckCare,,"The ""CoopCare"" chicken-sitting marketplace has been expanded to support more granular sitter availability and logistical preferences. The project's data schema was updated to include a `travel_radius_miles` field for the `SitterProfile` entity, allowing sitters to define their maximum travel distanc",,414a708b-411e-45da-bbee-65d1c8607f71,,Restricted — Review,orange,70,Marketplaces and Aggregators,Marketplace / Multi-Vendor Platform,['marketplace']
69c6a83c1b16d7950ebdf735,https://wooden-smart-reno-path.base44.app,RenovateAI,,"The project is a real estate investment application named ""RenoFlip,"" designed to assist users in identifying renovation opportunities, managing project budgets, and estimating After Repair Value (ARV). The application features an AI-powered property search tool, an interactive renovation budget pla",,ffc4ee9e-0a5f-487f-a50e-b283ee593e70,,Likely Supportable,green,40,,,
69c6a87302de6451a689e045,https://dynamic-smart-health-path.base44.app,MediMatch,,"The MediMatch health insurance platform continues to evolve into a more comprehensive comparison tool. The project is currently expanding its wizard-based profile collection and result filtering capabilities to better support complex healthcare needs, including provider network preferences and medic",,a2318bde-2eb5-452a-8369-af83d00872a4,,Restricted — Review,orange,40,Insurance,Insurance Products,['health insurance']
69c6a1eb18121fab035c8b2f,https://unbiased-pixel-forge-pro.base44.app,PixelForge Custom Art,,,,0196d1cd-3ae8-42b6-a24e-24bd01dfebde,,Likely Supportable,green,40,,,
69ab1002e5c9631d128f37dd,https://affiliate-match-usa.base44.app,AffiliateMatch,,"The user is developing ""AffiliateMatch,"" a Bumble-inspired platform designed to connect affiliate marketers with brands through a swipe-to-discover interface. The project uses four core Base44 entities (`Profile`, `Swipe`, `Match`, `Message`) and features a high-contrast design language with coral a",,a1cb9dbd-336a-4bb6-ab6e-6d69f9738b26,,Likely Supportable,green,40,,,
69c344fb3b51fbcd2ab1cb86,https://concilia-track-flow.base44.app,Concilia,,"The project is a financial management application on Base44 that now includes a customer-facing portal. Key entities include `Document` and `DocumentMovement`, supporting workflows for mass reconciliation, automated overdue alerting, and analytical dashboards. The UI utilizes Tailwind CSS, `recharts",,19544e59-a373-4bf9-a202-41cd4255f323,,Not Enabled for Wix,orange,70,Financial Services,Digital Banking / Money Services / P2P Payments,['financial management']
69c699a8a05acec8ba11690f,https://sue-crafted-cards.base44.app,Cards by Sue,,"The project ""Cards by Sue"" has been extended to include an ""auto-service"" subscription model, allowing users to schedule card deliveries for specific dates and occasions. The system now utilizes Stripe for subscription management and recurring payments.

Key infrastructure changes include:
*   **New",,41737414-a4af-41c1-9607-d907a29dd000,,Likely Supportable,green,40,,,
69c6887591ecd9082fcf52c6,https://sky-anchor-capture.base44.app,SkyAnchor,,"The ""OTF Yacht Photography"" platform has been further refined with a focus on UI consistency and branding. A major visual update involved standardizing the typography for the site name and hero title to match the specific ""On The Fly"" aesthetic, using a combination of ""Tenor Sans"" for the text ""On T",,c2d0f85b-faec-4eb4-b90e-f66d9052e514,,Likely Supportable,green,40,,,
69c5a3485c25b925d1d2ad55,https://fat-sharp-cut-crew.base44.app,BarberBook,,"The user is building ""Juice Kuts,"" a hair salon booking application designed with an elegant, warm aesthetic. The project utilizes a central set of entities—`Service`, `Barber`, and `Appointment`—to manage salon offerings and booking logic. The application features a multi-step booking flow, an appo",,c841adba-efb5-4b6d-8b75-c30bf5a5dec0,,Likely Supportable,green,40,,,
69c686068befe780590a448a,https://air-play-beat.base44.app,AirPlay AI,,"The user is building ""AirPlay,"" an AI-driven music platform that allows users to generate lyrics and tracks, share them on a live radio feed, and compete in weekly community-voted charts for cash prizes. The project features a dark-themed, mobile-first interface built with React, Framer Motion for n",,b695b828-7d5e-47ad-b2ce-262617ab6cee,,Not Supportable,red,70,Gambling and Games of Skill,Virtual Casino / Loot Box / Cash Prize Games,['cash prize']
69c6835a727b712059ab04b8,https://cartoon-clash-play.base44.app,Cartoon Clash,,,,2102c0b8-7559-4e0f-87e9-4759b00b81d0,,Likely Supportable,green,40,,,
69c67b2db94a773ca1924944,https://delectable-spot-trend-flow.base44.app,SpotTrend,,"The **Spot Trend** project is currently focused on optimizing user conversion by implementing an automated 5-part email nurture sequence for non-subscribed users. This sequence is triggered by a daily backend task that evaluates user signup dates and subscription status, utilizing an updated `User` ",,3a8dab37-4cab-46b3-9e0c-abf301017ce2,,Likely Supportable,green,40,,,
69c673ef5678753a8ddde3db,https://super-8ddde3db.base44.app,Super,,,,9f161bc1-b714-4309-83fd-fce64c287d7a,,Likely Supportable,green,40,,,
69b9ade4008766b2655865b0,https://wise-legacy-notes.base44.app,LegacyLetters,,"The ""Guardian"" platform has evolved into a highly interactive, multi-modal journaling application focused on parenting and milestone tracking. Key recent developments include the introduction of a comprehensive `BirthdayActionPicker`, which allows users to capture memories via video, voice, handwrit",,a582082e-8214-4194-b168-000ebbd9e923,,Likely Supportable,green,40,,,
69c66c5cd7fd4bb950bcb62f,https://evasive-fix-it-flow.base44.app,FixItUp,,"The user is building ""FixIt,"" a handyman marketplace platform where homeowners post repair requests and helpers submit offers. Key entities include `RepairRequest` and `HelpOffer`. The application features a dashboard, a request posting workflow, a browsing interface with filtering, and a dedicated ",,cf99e336-42ad-4917-b871-69648484340b,,Restricted — Review,orange,70,Marketplaces and Aggregators,Marketplace / Multi-Vendor Platform,['marketplace']
69c66339d084a8f55a9fd237,https://bloom-brooklyn-boutique.base44.app,Brooklyn Bloom,,,,f39d8163-227e-468e-982e-469d5c65ba34,,Likely Supportable,green,40,,,
69abe2be5f36eb3caf76db58,https://eager-calm-pulse-flow.base44.app,ZenPulse,,"The ""Mind Exercises"" application continues to undergo refinement to improve its instructional content and user experience. Following the previous focus on mobile-first design and navigation stability, the project has now incorporated further messaging enhancements within the ""Exercise Begin"" section",,5a2e5a0b-53f5-4eaf-8c9c-c36b76dea53b,,Likely Supportable,green,40,,,
69c633106dcfc27a04419e5a,https://lush-havenly-safe-space.base44.app,Havenly,,"The user has continued to refine the ""SafeSpace"" platform, specifically focusing on fixing ownership-based UI logic and populating the feed with sample data. A bug in the `PostCard` component was identified where posts were incorrectly identified as being owned by the current user when not logged in",,a49977ff-e1ac-4bbc-b7a4-b7dc20001fd6,,Likely Supportable,green,40,,,
69c63177bc577d09e521e68d,https://connect-gigs-fast.base44.app,GigBridge,,,,078ff4ad-04f1-42f0-a151-165365972bc8,,Likely Supportable,green,40,,,
69c105a097a74412bbffcc84,https://glossy-lock-line-pro.base44.app,LockLine,,"The ""LockLine"" project has successfully transitioned from manual content seeding to an automated backend workflow. A `syncGames.js` function was implemented and scheduled to run daily at 6:00 AM, leveraging The Odds API to fetch the next 48 hours of live game data across six major sports leagues and",,03e16de0-0c54-4b5a-a5e4-7151362b468a,,Not Supportable,red,50,Gambling and Games of Skill,Betting / Casino / Lottery,['odds']
69bfdbf8849e7243fddefe3b,https://ebayaim.base44.app,ebayAiM,,"The **ebayAiM** project has evolved from an eBay research and listing tool into a broader platform supporting automated sales and marketing. Recent developments include the addition of a specialized Social Media Agent, designed to generate platform-optimized content for Instagram, TikTok, Facebook, ",,85b4a41e-73a3-46cd-b5f6-9f7355e83f49,,Likely Supportable,green,40,,,
69c5f4f966c7cee943338a81,https://thermal-patrol-watch.base44.app,Sentinel Thermal,,"The SkyGuard project has transitioned into an administrative configuration phase. Recent efforts focused on refining the `Dashboard` logic to ensure administrators maintain full, unrestricted access to the Command Center, bypassing automatic subscription and job-related redirects. The system now cor",,0300c587-7afe-4af6-bc0a-512a16d85813,,Likely Supportable,green,40,,,
69c5fd5253dd33e5d4a2df47,https://easy-will-path.base44.app,WillaWai,,,,2b55cf03-f6c2-4423-857d-19193dae2450,,Likely Supportable,green,40,,,
69c5f71ff0ad4f9a9827e217,https://acoustic-meet-sync-go.base44.app,DateSync,,"The user is building **DateSpot**, a location-based marketplace for dates. The project has evolved from core transaction and scheduling capabilities into a comprehensive platform focused on safety, compatibility, and community standards. 

**Key developments include:**
*   **Communication & Discover",,ab9ed305-ae37-47f5-921c-c1c29553815b,,Restricted — Review,orange,70,Marketplaces and Aggregators,Marketplace / Multi-Vendor Platform,['marketplace']
69c5861d00ec784505281464,https://swing-form-fix.base44.app,SwingForm,,"The ""MoveBetterGolfBetter"" platform has successfully finalized its social proof components, focusing on the visual representation of professional credentials through a high-quality, shareable infographic. The platform now features optimized marketing assets on the `/success-stories` page, designed f",,c50dde5b-1939-4875-8ba6-7f893533567d,,Likely Supportable,green,40,,,
69c5f996b727d6900c437c19,https://fluorescent-level-up-pulse.base44.app,LevelUp Fitness,,,,10e7a1e2-37f8-41e0-8625-a0209bf57edc,,Likely Supportable,green,40,,,
69c5b888bc577d09e5219696,https://clearviewwindows.base44.app,Clearview Window Washers,,,,19f1b18c-d5b0-4ab1-934e-25b31bf5cecc,,Likely Supportable,green,40,,,
69c5d8418eb922dd4dd50baf,https://plateful-daily-dash.base44.app,Plateful,,"The user is inquiring about the process for deploying their ""Plateful"" application to the Apple App Store. This follows previous development work on the platform, where the user has been actively building and refining the Plateful application using Base44’s backend-as-a-service and frontend capabili",,5dcd3d24-e63f-4e1a-b2b4-0134423f2ac1,,Likely Supportable,green,40,,,
69c5ec5cdc265ad2bd619800,https://marvellous-prime-study-flow.base44.app,Syllabus.Arc,,"The user is initiating the development of a student-focused homework assistance platform. The project requirements involve building a web application where students can upload homework assignments and process payments for services rendered by the platform owner.

The project is in its initial stage,",,923c86f8-b3f1-48be-a4a4-9f6bcb8da924,,Likely Supportable,green,40,,,
69b30b4fae5593ea7134524a,https://precision-trial-sync.base44.app,Precision Trials,,The project has successfully implemented a **Pro Bono Intake & Review Portal** and integrated a **Base44 Payments (Wix Payments)** flow to gate access to the platform. The pro bono system consists of a public-facing application form (`/ProBonoApply`) for potential clients and an internal review dash,,151e1854-527a-4a84-907b-0ab4a9c1fb5c,,Likely Supportable,green,40,,,
69c5e27252dbb71e61390739,https://skilled-serene-mind-flow.base44.app,Serene,,,,6b20d143-4aa7-4303-8fd4-9fbb2ba0a375,,Likely Supportable,green,40,,,
69c34dc9055c66c43aceab4e,https://glorious-safe-guard-sync.base44.app,GuardianLink,,"The ""Smart Guardian"" application has been refined into a proactive safety monitoring platform. Key components include a dashboard-driven interface (Home, Alerts, Locations, People, Settings) supported by a CRUD-based backend for tracking health metrics and alert statuses. The application features a ",,ed432e87-1477-48f6-956f-d69055a33102,,Likely Supportable,green,40,,,
69c5d8f4f40ed00efc194af7,https://dirt-swap-flow.base44.app,DirtSwap,,"The user is building ""DirtSwap,"" a construction-focused marketplace for trading soil materials. The application centers around `DirtListing` and `Inquiry` entities, featuring a specialized dashboard, searchable marketplace, and a guided flow for creating listings. The UI maintains a rugged aesthetic",,e3505149-63ac-400f-a36d-12ba6bbc05c9,,Restricted — Review,orange,70,Marketplaces and Aggregators,Marketplace / Multi-Vendor Platform,['marketplace']
69c5a449351df4c3c174b382,https://task-flow-copy-c174b382.base44.app,TaskFlow (Copy),,"The ""Elev8 Studios"" platform is a booking and management suite for real estate media services. Recent development has focused on implementing an end-to-end payment workflow using Base44 Payments (Wix Payments). This includes a `create-checkout` backend function, a `wix-payments-webhook` for automate",,687a51e8-04f4-49fc-b97d-fa5af8cfda8f,,Likely Supportable,green,40,,,
69c1fe5b7cda7eaa8a3e62c4,https://ldluxurydetailing.base44.app,L&D Luxury Detailing,,"The user continues to refine the ""L&D Luxury Detailing"" landing page, focusing on site accuracy and media integration. Key updates include the addition of a direct Instagram link in the footer and the replacement of placeholder gallery images with five custom project photos, utilizing a responsive m",,636ade35-a2f9-410a-872d-ffe277eb8475,,Likely Supportable,green,40,,,
69bb4b1073cc6c5375e8c12e,https://veloxis-smart-flow.base44.app,Veloxis,,"The user has successfully finalized the development of ""CreditPulse AI,"" a credit management and analytics application. The platform features advanced tools including Credit DNA, War Room, AI Counselor, and Score Forecast, all protected by a tier-based feature-gating mechanism (`ProGate`) that synch",,a522be66-742c-497f-ad3f-fd00819c3169,,Likely Supportable,green,40,,,
69c5d0da406b9e20deaedb77,https://boost-league-hub.base44.app,BoostLeague,,"The user is building ""BoostLeague,"" a Rocket League account marketplace inspired by an existing app, featuring a dark, gaming-themed UI with account listings and an integrated tip jar. The project is built using a React-based frontend with Tailwind CSS and Framer Motion, utilizing the Base44 platfor",,153a9a41-a532-4f96-91f6-52261d43f558,,Not Supportable,red,50,Illegal Products and Services,Counterfeit / Fake IDs / Human Trafficking,['inspired by']
69c5c9656443ed214d5db08d,https://fine-prime-credit-flow.base44.app,Premier Credit Portal,,,,a2ee0a25-f76c-478e-a0e1-66896c042405,,Likely Supportable,green,40,,,
699cf242dfd8826aae644e48,https://bipedal-lets-learn.base44.app,Lets Learn!,,"The user is developing an educational platform featuring three interactive 3D games: a racing game, a space shooter, and an arena combat game. The platform integrates academic quizzes directly into game mechanics, where correct answers provide gameplay advantages like speed boosts or combat damage.
",,92f12f26-8e6a-400d-a369-ff9c94348cbd,,Likely Supportable,green,40,,,
69c5c95f446f8580beda898b,https://hannah-beda898b.base44.app,Hannah,,,,793c1488-4bb2-4621-a548-6147a3fce056,,Likely Supportable,green,40,,,
69c5c91321adff9edba4a1f8,https://lustre-shine-sync.base44.app,LustreDetailing,,,,b9f1efc8-1e36-4303-a4ab-e9e3b602af82,,Likely Supportable,green,40,,,
69c5b5ca2f82665186e3caff,https://ink-post-pals.base44.app,Ink & Post,,,,e8c3a273-f0f2-4e91-937b-8989fda46cb8,,Likely Supportable,green,40,,,
69aaed034caded0a2f170986,https://echo-zine-flow.base44.app,CLAY ALIAS,,"The ""Clay Alias"" project has evolved from an e-commerce focus to a highly stylized, interactive interface. Key structural changes include replacing the initial Stripe-based payment flow with a simplified checkout process that includes a custom notification for future contact, as well as updating UI ",,e4fa9d33-fb01-4713-ae59-4f44482bde6e,,Likely Supportable,green,40,,,
69c5af245c25b925d1d2b5b7,https://prism-vibe-connect.base44.app,Prism,,"The user is building a modern, vibrant gay dating app on the Base44 platform. The application includes core social features: profile creation, swipe-based discovery, mutual matches, and a messaging interface for connected users. The app features a dark-themed aesthetic with gradient accents, utilizi",,1d574531-a9ae-4d4b-80a9-a12d98650edb,,Not Supportable,red,100,"Adult Content, Products, and Services",Dating Apps / Matchmaking / Companionship,"['dating app', 'gay dating', 'dating']"
69c5aabb2bad9ac8533d8f81,https://spiked-glow-track-pro.base44.app,GlowTrack,,"The project is a medical spa management platform built on Base44. The focus has shifted toward finalizing inventory tracking, specifically by integrating product usage logging directly into the `ClientDetail` page.

Key technical changes include the modification of `ClientDetail.jsx` to incorporate ",,3a9d5cbf-bcb7-438a-9d32-1b0c13f1bede,,Likely Supportable,green,40,,,
69c5a9c488704b340dc0b3ef,https://antique-visionary-pixel-pulse.base44.app,VisionaryAI,,,,8f14dfbd-adcd-45d3-ae18-d04d5515f791,,Likely Supportable,green,40,,,
69c4aa7b09fc224e739a91c1,https://anchor-home-steady.base44.app,Anchor,,"The ""Anchor"" emergency preparedness platform has undergone a comprehensive transformation into a mobile-first application. Key architectural changes include the implementation of `React.lazy` with `Suspense` for all route-level pages to optimize WebView performance, and the introduction of independe",,ad6cf3c0-e5b5-495a-b558-1a6eadfd470e,,Likely Supportable,green,40,,,
69c5a3a10e1b79c1975d5809,https://omni-value-grid.base44.app,OmniStore,,"The user has built a high-velocity, e-commerce marketplace named ""GLOBALMART"" using an ""Atomic Economy"" design language, characterized by a clean, industrial aesthetic with Electric Cobalt and High-Vis Citron accents. The site is fully functional with a product catalog organized into 12 categories, ",,3a1047cb-cd32-4a01-97f4-e812f880edef,,Restricted — Review,orange,70,Marketplaces and Aggregators,Marketplace / Multi-Vendor Platform,['marketplace']
69971d0fb1a26e90c77cfe15,https://budboxx-now.base44.app,BudBoxx,,"The **BudBoxx** project has expanded its user profile capabilities and initiated a discount system. The platform now features a dedicated `EditProfileTab` within the Profile page, allowing users to update their personal information (full name, phone, bio) directly.

**Key Developments:**
*   **Profi",,40d33f0b-2333-402c-9b79-ff7719229c38,,Likely Supportable,green,40,,,
6988cb1ded5d0b48480abbf6,https://voxnet.base44.app,VoxNet,,"The project is a video platform with a homepage featuring categorized content and a leaderboard system. The previous build error in `pages/Home.jsx` caused by malformed JSX has been successfully resolved.

The user is now focused on refining the leaderboard display. Specifically, they have requested",,351dbe6b-e23c-419d-90d4-7358d47737a4,,Likely Supportable,green,40,,,
69bdc1becf63f5a79da2f40d,https://soulmatediscoveryquiz.base44.app,Soulmate Insights,,"The ""Seraphina Cross"" project has moved away from its original primary ClickBank affiliate offer, resulting in the deprecation of the main ""Soulmate Sketch"" CTA and its associated `ConfirmModal`. The current monetization strategy on the `/your-story` page relies exclusively on partner AI offer cards",,84926db4-fdef-41d0-81f0-4b8e80874e1f,,Likely Supportable,green,40,,,
69c44de9ba1f654a977761a3,https://ludicrous-neon-bet-pro.base44.app,NeonBet,,,,0f93d403-8ed8-4398-8527-ed41f025fb45,,Likely Supportable,green,40,,,
69c40da217e6ee6eb5815c7e,https://agent-copilot-ai.base44.app,Agent Co Pilot AI,,The project focuses on developing an AI-powered image decluttering tool managed by the `runDeclutter` backend function. The primary objective is to achieve high-quality room staging by removing clutter while preserving furniture and built-in fixtures. Recent updates have optimized the system prompt ,,4fe4d4fd-cb88-4f7a-aaeb-4d8dc38bc843,,Likely Supportable,green,40,,,
69c5648d6e8b874b9929bfca,https://street-edge-intel.base44.app,Feed The Streets,,"The ""Feed The Streets"" application has further enhanced its ticket ingestion workflow to ensure the accuracy of game data. Building on the existing admin-side preview and edit functionality, the `analyzeTicket.js` backend function was updated to improve game start time extraction. The AI prompt was ",,737b6221-9895-41fd-9991-993924a9a4a3,,Likely Supportable,green,40,,,
69c589d412c8e72e5fb9c03b,https://determined-kinship-family-bond.base44.app,FAMILY ROOTED,,"The ""BETTER TOGETHER"" project has been enhanced with improved media handling and user-driven content management. A new `ImageLightbox` component was introduced to allow users to click and view full-screen images from posts, with support for multi-image navigation. 

To empower content creators, an e",,bf5bb2ea-c8a1-411b-91e4-5d96cd10887c,,Likely Supportable,green,40,,,
69c586ce3303e00ffdb29d16,https://carrier-compass-safe.base44.app,Carrier Compass,,"The **Carrier Compass** application has refined its data acquisition strategy to prioritize stability and reliability. Due to frequent timeouts with the FMCSA SMS overview page, the application now relies on the SAFER snapshot as the primary source for Out-of-Service (OOS) data and core carrier info",,84e766ae-5414-4232-a243-85c7576de006,,Likely Supportable,green,40,,,
69c57cb431e5bab7402e3368,https://swift-graceful-ride-go.base44.app,SwiftRide,,"The ""Yoder Toter"" platform has implemented granular passenger capacity management. The `Vehicle` entity was updated to include a `max_passengers` field, which is now integrated into the `DriverDashboard` vehicle configuration form. Ride-matching logic now automatically filters available rides to exc",,9f818273-a7d6-47cc-a8ed-d5d411ffd788,,Likely Supportable,green,40,,,
69c583c18bd6784ea58ab4fb,https://hit-wheel-fit.base44.app,Hit Wheel,,"The user is building ""Hit Wheel,"" a gamified, subscription-based fitness platform designed to drive daily user engagement through a ""spin-the-wheel"" mechanic that assigns tailored workout challenges. The platform features three distinct subscription tiers (Starter, Builder, Beast Mode), an onboardin",,91a8b305-eb95-4371-9e93-cbe406dfbcbb,,Likely Supportable,green,40,,,
69c06cf9348fabe0b1e75975,https://glistening-forge-your-pixels.base44.app,PixelForge,,"The project has transitioned from a functional focus on sales funnels and Google Analytics integration to a comprehensive visual redesign. The user requested an ""icy"" aesthetic, characterized by a grey and white color palette, which has been implemented by updating the global `index.css` theme and a",,038b00d4-dadd-43f4-bfdf-2d5bb418e41f,,Likely Supportable,green,40,,,
69c578179a305775ddfaeb59,https://silent-calm-mind-path.base44.app,Mindful Path,,,,c55a011f-d0e3-4a7a-9da1-86e08c5e5751,,Likely Supportable,green,40,,,
69c2d36ab0ad0610d8e419db,https://versatile-pay-stream-direct.base44.app,PrimePayStream,,"The user is building a business payment and invoicing platform. The core features currently include a payment collection storefront, an admin dashboard for tracking transaction history, and an invoicing/proposal system that allows users to create line-item documents, generate shareable payment links",,9ba0f22b-fc23-4fc3-9c23-703dac955827,,Likely Supportable,green,40,,,
69c3077688eb77f47d747783,https://iris-trust-pay.base44.app,IrisPay AI,,,,ea6240f4-6488-4cea-932a-3f0fab6e6903,,Likely Supportable,green,40,,,
69c5578e9eb4ecc7db308663,https://real-world-hub.base44.app,The Real World Community,,"The project involves the development of **""Winners Optimize Now,""** a gated membership platform focused on wealth building, fitness, and lifestyle optimization. The application features role-based access control, distinguishing the ""Founder/Admin"" role with specific branding, exclusive posting permi",,23323efb-9302-494d-abd0-195f1497be9b,,Restricted — Review,orange,50,Financial Services,Financial Consulting / Advisory,['wealth building']
69c203d7cae652c30741d01f,https://wiz-build-flow.base44.app,WizInnovate,,"The user is building ""Innovation-Network-by-Wiz-Dimensional,"" a social platform for technology creators. The platform aims to facilitate the transformation of ideas into products and includes features like a home feed, research channels, project collaboration tools, an inventor marketplace, user pro",,4f1dbb7f-ca37-4a03-9991-6c6c089143b8,,Restricted — Review,orange,70,Marketplaces and Aggregators,Marketplace / Multi-Vendor Platform,['marketplace']
69c56a5e967a98f3881fc695,https://aquatic-budget-buddy-app.base44.app,BudgetBuddy,,,,efdcb291-80dd-4298-9b0b-ecbc37aacab5,,Likely Supportable,green,40,,,
69c566278cfba7a69527d4c1,https://tentacled-sanctuary-soul-space.base44.app,Sanctuary,,"The user is building ""Sanctuary,"" a counseling platform on Base44. The platform uses `Therapist` and `Booking` entities, integrates with Base44 Payments, and features automations for booking confirmations, reminders, and feedback surveys.

The latest development focuses on initializing therapist ava",,d24fb05a-dafa-486f-87c2-2ba8c44a2b2e,,Likely Supportable,green,40,,,
69c564485bb107192f347ff0,https://auto-broker-link.base44.app,AutoBridge,,"The user is developing ""DOD,"" a car-buying marketplace. Recent efforts have focused on implementing a ""smart"" lead assignment system that routes vehicle requests to brokers based on zip code prefixes, preferred makes, and budget ranges, rather than broadcasting them to all brokers. To support this, ",,8aee87c6-173f-422b-99ae-a4a7336e79e4,,Restricted — Review,orange,70,Marketplaces and Aggregators,Marketplace / Multi-Vendor Platform,['marketplace']
69b0ca49f76b6bceb894dd4f,https://smart-life-stack.base44.app,LifeStack,,"The application now features a complete user lifecycle flow, integrating account creation, onboarding, and subscription management. The authentication process is handled via the Base44 SDK, with a unified flow where the `Landing` page redirects unauthenticated users to login and then to the `Onboard",,eb133fa5-4ac5-4794-9e89-c6212b6f3aba,,Likely Supportable,green,40,,,
69c55db44936ee7aac63796b,https://gala-golf-caps.base44.app,Gala Golf Caps,,"The ""Scramble Golf Caps"" project has finalized its visual identity, establishing **Outfit** as the primary font for headings and body text, while re-introducing **Caveat** as a secondary font for specific accents. The layout was cleaned up by removing the redundant `NewsletterPopup` in `AppLayout.js",,ff3e1028-0fc0-4652-a5ca-76d0cd063f14,,Likely Supportable,green,40,,,
69c55862abb83959183862f0,https://eager-ascend-daily-path.base44.app,Ascend Daily,,"The project is a quote-based application that recently pivoted to a fully free, ad-free model. To enhance user engagement, the app utilizes a seeded pseudo-random generator in `lib/dailyRandom.js` to dynamically assign personalized ""Pay Attention [Name]"" labels and premium styling to quote cards, le",,b10feb49-214f-4210-8ba1-7149e87fb2c1,,Likely Supportable,green,40,,,
69c463e044e3d6bf7ee94b35,https://spark-path-leap.base44.app,PathfinderAI,,"The project, FutureTrackAI, is a mobile-focused application currently utilizing Base44 Payments for membership management, supported by backend functions (`create-checkout`) and environment-specific secrets. The system includes a robust nightly automation, `fetchSchoolDocuments`, which was recently ",,ae0e1b89-0a61-49d8-83f2-8b537ab645cf,,Likely Supportable,green,40,,,
69c55972ff7f7349c5a5bb22,https://potheads-eats-express.base44.app,Potheads Eats,,"The user is building a full-featured food ordering and e-commerce application for ""Potheads Catering and Eatery"". The application includes menu browsing, a merchandise store, order tracking, and an admin dashboard. Significant progress has been made in setting up the backend entities, defining data ",,e4282129-4846-4580-b734-98aeee6f6e1f,,Likely Supportable,green,40,,,
69c55a9edadca9901639a487,https://crown-archive-core.base44.app,Crown Archive,,,,8693108c-6975-40b9-afb7-f3419107d21e,,Likely Supportable,green,40,,,
69c550305bbeb7f4de8226fa,https://famous-kindred-connect-life.base44.app,KindredConnect,,,,3fe03289-18a1-4610-b9a0-c208391b004e,,Likely Supportable,green,40,,,
68f6de7a0cebf1c977bae15e,https://heavy-pro-equipment-77bae15e.base44.app,NORTHWEST FARM EQUIPMENT,,The project is an e-commerce platform for heavy equipment currently finalizing its Base44 Payments (Wix Payments) integration. Recent efforts focused on stabilizing the `Checkout` page flow and fixing runtime errors related to payment service communication. The checkout process has been simplified t,,7c3dd283-6f5d-4495-928a-dc1d570f95ee,,Likely Supportable,green,40,,,
69c544d05208c4c7f0d5c243,https://smart-pants-portal.base44.app,Smarty Pants,,"The project, ""Smarty Pants AI,"" is a comprehensive educational platform featuring tools for chat, math practice, quizzes, flashcards, and reading/writing exercises, secured by Base44 Payments. Following the successful deployment of the custom domain `getsmartyai.com`, the focus shifted to enhancing ",,baed9808-ce31-48b8-86ed-108bf10040fa,,Likely Supportable,green,40,,,
69c2ac62a4ba5d7f6d70056b,https://lazyj-field-scout.base44.app,LazyJ AI,,"The user is developing ""Lazy J’s Hay & Weed,"" an agricultural AI application that now provides region-specific insights. Initially focused on crop diagnostics, the application has been enhanced with a cost management system and expanded to incorporate regional variations for AI analysis.

Key update",,504a0506-80d2-4c14-b843-851e868f004d,,Likely Supportable,green,40,,,
69c3380a8667542a5ce3a4fe,https://arrogant-velvet-social-space.base44.app,Velvet,,"The user has successfully established the core functionality of the ""FanVault"" content creator platform, featuring a dark-themed UI with integrated user profiles, post management, and creator discovery. The application is currently functional within the Base44 development environment, with the datab",,0e221e0a-6092-4313-9f08-9fff3b6a03c4,,Not Enabled for Wix,orange,70,Content Creation,Creator Platform / Tips / Digital Goods,"['content creator platform', 'creator']"
69c54517955f7c63b34f8e98,https://velocity-rocket-vault.base44.app,Velocity Accounts,,"The user is building a ""Rocket League Account Marketplace"" using Base44, where they act as the exclusive seller and users purchase accounts or provide tips. The platform features a responsive, high-octane ""Aero-Industrial"" UI with a hero section, product listings, and a tip jar, all enhanced with co",,edf4dd39-2cf8-475f-b15c-c14fba226949,,Restricted — Review,orange,70,Marketplaces and Aggregators,Marketplace / Multi-Vendor Platform,['marketplace']
69c30e050bec91e38a5f0a4d,https://chronos-crew-flow.base44.app,Professional Electrical,,"The user is developing a job management application and has been working on refining automated communications and payment processing. Following the implementation of email notifications for job assignments, it was discovered that notifications were missing when jobs were created via the `JobFormModa",,5981a48e-dc00-4d1f-83e2-5b3d42181c5d,,Likely Supportable,green,40,,,
69c53a2e04a21925d8408103,https://match-sync-soar.base44.app,CollabMatch,,"The user is building ""Collab Match,"" a Tinder-style platform designed to connect influencers and brands for collaborations based on niche, audience size, and engagement. The platform features discovery swipe-cards, a mutual-matching system, AI-generated collaboration suggestions, and profile managem",,79c11c23-d8fc-4cb7-96cf-8464c1def1cc,,Likely Supportable,green,40,,,
69c53d41e3c67d29d4f8fcd0,https://olivine-easy-pay-flow.base44.app,PayFlow,,,,bfb0020b-7fdb-4c0d-b1e1-daf92a68594c,,Likely Supportable,green,40,,,
69c53a6abc9cad22897389c4,https://brainy-apex-rocket-vault.base44.app,ApexAccounts,,"The user has built a Rocket League account marketplace platform featuring a dark, gaming-themed UI with blue and orange accents. The project includes a comprehensive landing page with sections for hero, about, features, products, and a tip jar, all styled with Framer Motion animations and custom Tai",,112ef09d-b3be-4e4d-a84c-962b01960bcc,,Restricted — Review,orange,70,Marketplaces and Aggregators,Marketplace / Multi-Vendor Platform,['marketplace']
69c2df051d5a6e2ce0cb7fe3,https://stackedstockflow.base44.app,StockFlow,,"The user has expanded the Base44 stock management application into a multi-user, admin-controlled system. Key developments include a `UserManagement` module for role-based access control (Admin/User), a `PurchaseRequests` page allowing admins to accept or deny procurement requests, and a robust thre",,38114b19-48d2-4457-95b6-13c65cc35633,,Likely Supportable,green,40,,,
69c52f34774beabcac01bb70,https://wave-pass-connect.base44.app,WavePass WiFi,,The project has been upgraded to support real financial transactions through the integration of Base44 Payments (powered by Wix Payments). The developer implemented a robust backend flow consisting of a `create-checkout` function to initialize payment sessions and a `wix-payments-webhook` function t,,7043015d-ad35-4397-bb15-53eda3697b4d,,Likely Supportable,green,40,,,
699a71c6b0f8dd51fa46ba0c,https://task-master-pro-flashy.base44.app,TaskMaster,,"The user is currently transitioning the task marketplace to a mobile-first design system. Key recent updates include the widespread migration of standard form inputs to a custom `DrawerSelect` component to improve mobile accessibility, implemented across `PostTask`, `ProServices`, and `LeadPreferenc",,1366de35-8f60-4622-8114-5604574c199b,,Restricted — Review,orange,70,Marketplaces and Aggregators,Marketplace / Multi-Vendor Platform,['marketplace']
6984c97f63e7e06ab50b0e2e,https://hypnotic-skill-up-go.base44.app,SkillUp,,"The application has transitioned to a grade-based organizational structure (grades 1–10) across its primary entities—`Deck`, `Skill`, and `Lesson`—and throughout the UI, enabling users to filter and browse content by grade level on the Home, Decks, and Skills pages. To support this, the system was u",,ff393032-216c-4e37-a913-7df48b5a5973,,Likely Supportable,green,40,,,
69c508d00630e178a02d3ea4,https://eminent-stream-pulse-flow.base44.app,StreamPulse,,,,c74e034c-1c42-4245-b421-5b9e9c652e20,,Likely Supportable,green,40,,,
6995469f2b622715ab559b77,https://forge-car-ai.base44.app,EMPIRE OF THE STREET ,,"The APEX Gold Mining Command Center has been significantly upgraded with a suite of advanced analytical and financial management tools. The system now features an **Element Scanner** with seven integrated tabs: ⚡ Scanner, ⛏️ Auto-Mining, ⚗️ Value Brackets, 💰 Grand Total + Vault, 🧠 AI Advisor, 📊 Busi",,91c73c46-4f35-4677-ac67-7bfad9e13ecf,,Not Enabled for Wix,orange,70,Financial Services,Digital Banking / Money Services / P2P Payments,['financial management']
69c52c189aedda0fce885e01,https://biz-play-peak.base44.app,BizSim Arena,,,,a4c05edb-f1d4-4833-b795-33b0142f76b4,,Likely Supportable,green,40,,,
69c064d1d72f50e0729c40b2,https://car-vox-drive.base44.app,CarVox,,"The project continues to mature as a vehicle marketplace platform, with recent efforts focusing on user safety and administrative control. Key updates include:

*   **Safety Enhancements:** Guidelines for secure transactions have been integrated into both the general platform Terms of Agreement (in ",,1a657e5c-e6cb-4a01-8b4c-a6df23c2e658,,Restricted — Review,orange,70,Marketplaces and Aggregators,Marketplace / Multi-Vendor Platform,['marketplace']
69c447d07e6c6c5700cf9cdb,https://happy-team-pulse.base44.app,HappyTeam,,"The **WellNy** project has undergone a significant visual transformation, transitioning to a premium ""dark mode"" theme while maintaining its core branding. 

Key changes and status:

*   **Dark Mode Implementation:** The global theme was updated in `index.css` to use a sophisticated dark color palet",,4fce11ee-5816-40fa-b64f-bfa3d0e90c00,,Likely Supportable,green,40,,,
69c51b46e81a959c0794f0df,https://local-vault-hub.base44.app,Radius Archive,,"The project, ""Neighborhood Archive,"" is a hyper-local marketplace for used items within a 15-mile radius. It features a sophisticated aesthetic using a warm bone, carbon, and forest color palette, with typography centered on editorial serif and monospace styles. The architecture is built on React an",,bcaab6ca-4c14-4bd2-94d0-dd630465060c,,Restricted — Review,orange,70,Marketplaces and Aggregators,Marketplace / Multi-Vendor Platform,['marketplace']
69c515ad26c8c79753f417de,https://aboriginal-nexus-chat-core.base44.app,NexusAI,,,,8f018b34-8fcc-48c4-9ea5-8a27906dda6b,,Likely Supportable,green,40,,,
69c003ece16aebd4b0bc56ac,https://fresh-ink-bound-reads.base44.app,Inkbound,,"The development of ""Inkwell"" has transitioned from simulated purchasing to a live integration with Base44 Payments. The `WorkDetail` page has been refactored to initiate a checkout session, which now creates a ""pending"" `Purchase` entity before redirecting the user. Access control logic has been har",,572e5c4d-272c-4ad6-a5de-71eeb9db136f,,Likely Supportable,green,40,,,
69c4f24f932578b606a1b3c3,https://digivault-digital-deals.base44.app,DigiVault,,"The user is developing ""Luminary,"" a digital storefront for the ""KnotStranded"" brand. Recent development has focused on finalizing the `Store.jsx` page layout by integrating several new UI components, including a featured product banner, an About section, an FAQ accordion, and a site footer. Product",,9291759d-a2b2-4071-9040-7701263e7d5c,,Likely Supportable,green,40,,,
69c4832724745c0313cc5a60,https://graven-image-atelier.base44.app,Graven Image,,"The ""Graven Image"" e-commerce platform has been further developed to include a production-ready checkout flow using Base44 Payments (Wix Payments). This integration involved creating a secure `create-checkout` backend function, a dedicated `OrderComplete` page, and updating the `CartDrawer` componen",,94830f9c-c63f-4a20-b1b6-b51889322b69,,Likely Supportable,green,40,,,
69c4e561436e30882d746a9f,https://celadon-soul-sync-love.base44.app,SoulSync,,,,36387a39-f26e-42cb-99b7-0c808548ebfa,,Likely Supportable,green,40,,,
69c4ddac107ed64587095b38,https://oc-swing-pro.base44.app,OC Softball Elite,,,,4f2567da-8e87-4ad6-9016-413ed00d116c,,Likely Supportable,green,40,,,
69c4d985cd5a41cccff2d47c,https://glossy-zero-tactical-ops.base44.app,Agent Zero Cyber Solutions,,"The user is developing ""Agent Zero Cyber Solutions,"" a tactical and cyber-security e-commerce platform built on the Base44 stack. Key functionality includes an integrated ""Base44 Payments"" checkout flow and a dedicated product management system.

The project recently expanded to include a comprehens",,314a587c-ca89-4353-97fa-ed574a896379,,Likely Supportable,green,40,,,
69c4deda74f57303fffd7416,https://ever-union-bond.base44.app,EverUnion,,"The user is building a daily marriage counseling and strengthening tool designed to support couples through relationship challenges. The application features a warm, inviting design using a rose/blush color palette and centers around daily reflections, mood tracking, gratitude journaling, and guided",,c46b8039-6cc4-42f3-afa9-5fc9f9e8ebeb,,Likely Supportable,green,40,,,
69c4db489290918ac5b4a708,https://fireside-stay-flow.base44.app,FiresideStay,,"The ""Fireside"" cleaning management application is undergoing a data structure shift to simplify financial tracking. The `Booking` entity has been updated to include a `helper_payout` field directly, and the `BookingForm.jsx` component was modified to allow users to input this value during booking cr",,ce3fb131-d2a8-4ed0-afa6-e9fe475dfe94,,Likely Supportable,green,40,,,
69c29c7ad5c40a3b8497f904,https://faq-genie-ai.base44.app,FAQ Genie,,"The user is building ""FAQ Genie,"" an AI-powered web application that scrapes website URLs to generate SEO-optimized FAQ sections. Key features include an input form for URLs, customizable generation options (audience, tone, quantity), and management tools like history tracking, copy-to-clipboard, an",,2e3d21d4-55bb-42d4-bc4b-7a3c390c51cc,,Likely Supportable,green,40,,,
69c3711b39b096e88ab04c66,https://massive-cozy-nest-flow.base44.app,KuddleNest AI,,"The KuddleNest project has evolved from managing core payout workflows to implementing a comprehensive commerce toolkit. Key features now include branded PDF invoice generation using `jsPDF`, direct integration with Base44 Payments for order management, and a robust automation system that monitors p",,7f4f7885-5e06-421e-8554-078be02bc8b9,,Likely Supportable,green,40,,,
69c4d4e043cc38221aea57fe,https://nexus-alliance-sync.base44.app,The Alliance AI,,"The project has significantly expanded to include advanced content management and configuration templating features. A dedicated ""Data Sources"" module was implemented, allowing users to upload documents (PDF/TXT) or link URLs to build a custom knowledge base for their AI entities. This feature utili",,0478c474-5337-4e54-a45c-9969c578f331,,Likely Supportable,green,40,,,
69c4aa99f3e4ab1ebf9dcfb9,https://beautiful-swift-ride-go.base44.app,SwiftRide,,"The **FareRide** platform has been finalized for deployment, with a core shift toward an upfront payment model using the Base44 Payments (Wix) integration. The application now features a ""Lyft-like"" experience, utilizing real-time map tracking with a mobile-optimized UI.

Key technical milestones an",,f732c7e0-e647-4ec9-9293-eeba18bcc2d2,,Likely Supportable,green,40,,,
69c4ca320bb5a59dd569157e,https://macho-ascend-core-path.base44.app,Ascend,,"The project is a comprehensive health transformation application (""TransformMe"") designed to assist users in smoking cessation, 6-pack abdominal fitness, nutrition logging, and daily habit tracking. Key entities created include `SmokingProfile`, `FoodEntry`, `ExerciseEntry`, and `DailyTask`. The UI ",,fcf82410-dc2c-4642-a05a-495a16ea420e,,Likely Supportable,green,40,,,
69ba0db3aa03101de478f938,https://no2-e478f938.base44.app,No.2,,,,8157ca8d-ef0c-434b-9673-b5f0aae708c9,,Likely Supportable,green,40,,,
69c0e3f5bd884131bca17e2b,https://xpress-1.base44.app,ZenithMart,,"The project ""xpress-1.com"" has transitioned from a global ""paywall-for-all"" access model to a more granular, feature-based gatekeeping system. Following the removal of the initial site-wide subscription requirement, the application now supports free browsing for all users, fulfilling the objective o",,bbcf1a19-109f-4150-ac14-7fc5b7192051,,Likely Supportable,green,40,,,
69c4c99446f1dec744505555,https://aspiring-petal-bloom-shop.base44.app,Petal Studio,,"The user is developing ""Petal Studio,"" a feminine-themed digital products e-commerce application featuring a soft color palette (rose, blush, mauve, cream) and elegant typography. The core architecture uses the Base44 SDK and Tailwind CSS, supporting entities for `Product`, `Order`, and `Subscriber`",,1f751cba-8b81-4548-9ef5-782836479ae8,,Likely Supportable,green,40,,,
69c4bd992dc5ced0212cfc6d,https://trade-local-sync.base44.app,Barterly,,"The **TrueMarket** platform is evolving into a comprehensive user ecosystem, building upon its foundation of marketplace search, price filtering, and user profile management. Recent development successfully established a `Profile.jsx` page and integrated it into the application routing and `Layout.j",,cfc985f2-fbab-4397-ba3c-26c01a11e3e9,,Restricted — Review,orange,70,Marketplaces and Aggregators,Marketplace / Multi-Vendor Platform,['marketplace']
69c4bf766eab8eff8954c702,https://artisan-market-go.base44.app,ArtisanMarket,,,,1d5b3447-0698-4878-8a1e-666f44a94020,,Likely Supportable,green,40,,,
69b72e9c336518c8f5f1a202,https://apex-sight-tactics.base44.app,ApexSight,,"The user is building a multi-game competitive gaming platform supporting Warzone (BO6), Apex Legends, and Fortnite. The application integrates AI-driven VOD analysis, performance tracking, and role-based training to help players reach professional levels. Recent developments have shifted the Warzone",,6897d6d4-547a-4e87-9209-b2e3dfa77327,,Likely Supportable,green,40,,,
69c4be06e06b845b565713ea,https://pure-press-go.base44.app,PurePress Laundry,,"The user has built a laundry service web application featuring a multi-step booking flow, landing page, and integrated payment processing. The app captures customer contact information, laundry volume (bag count), and pickup scheduling, with pricing calculated at $2.50 per pound.

Key technical comp",,9360dd73-4afd-4e49-9b00-c4c54b37b0ff,,Likely Supportable,green,40,,,
69c4b7e4b59b80426c74a057,https://flow-state-perky-sync.base44.app,FlowState AI,,"The user has successfully built out the core functionality of ""FlowState AI,"" a productivity application designed for managing task, habit, and energy-tracking. The application consists of five main functional areas: an **Energy Dashboard** for physiological and productivity metrics, a **Lock-In Mod",,3f0e2962-d7b8-4cba-97af-5e77cbcb454d,,Likely Supportable,green,40,,,
69c4b8844e05c8091e2b5668,https://awesome-sharp-cut-flow.base44.app,BarberBook,,"The user is building a barbershop appointment booking application with a premium dark-themed UI. The system includes core entities for `Service` and `Appointment`, with a workflow that allows customers to select services, choose time slots, and pay a $10 reservation fee via Base44 Payments (integrat",,cf48a3f8-3cff-4e65-a36e-516b4e9b60bf,,Likely Supportable,green,40,,,
69c3e8b31bf638f6c5de9898,https://grow-tree-leads.base44.app,ArborAds,,"The ""One Way Services"" mobile web application has successfully integrated Base44 Payments (via Wix Payments), enabling a seamless checkout flow with invoice synchronization via webhooks. The `Invoice` entity was extended with a `checkout_session_id` to support this logic, and the `CustomerPortal` no",,39a6c8ee-8468-4b7b-ad2d-895b0edb5e0f,,Likely Supportable,green,40,,,
69c2e5bc7dbacb9b27baaa71,https://coral-trade-pulse-live.base44.app,TradePulse,,"The user is expanding the ""TradePulse R&D Apex"" platform to include a ""Clearinghouse Licensure Hub"" and a local infrastructure analysis module. The Clearinghouse Hub supports both healthcare (HIPAA/CMS/EDI) and financial (ACH/NACHA/FinCEN) compliance tracks, featuring a state-by-state tracker for re",,6150fb3d-9c37-4a71-8a4d-0e1f333ad060,,Likely Supportable,green,40,,,
69c4b941662511ff678a2a44,https://velvet-lane-shop.base44.app,VelvetLane,,,,0ad8ab35-b4f2-4d31-bbb3-33b5c714eeb7,,Likely Supportable,green,40,,,
69c4b6b7a4ed49667e9b1c40,https://congenial-fit-forge-daily.base44.app,FitForge,,"The project focuses on optimizing **FitForge** for mobile-first usage while maintaining desktop functionality. Key UI/UX enhancements include implementing a custom `PullToRefresh` component integrated into the `/Workout` and `/Meals` pages, and adding system-level dark mode detection in `App.jsx` us",,68f4c705-cd86-4858-a1c7-de4033a86c95,,Likely Supportable,green,40,,,
69c49d7074f57303fffd5946,https://poker-bloom-pro.base44.app,PokerBloom,,"The project is a poker simulation platform with integrated hand history tracking and game management. Key functionality includes an automated betting flow that correctly advances through streets (pre-flop, flop, turn, river) once betting requirements are met, and a `HandHistory` system that logs ses",,6013c5a4-ae84-42b7-9527-ed6125051650,,Not Supportable,red,75,Gambling and Games of Skill,Betting / Casino / Lottery,"['betting', 'poker']"
69c4b14ab29a0a1937e2667e,https://wild-spark-connect-date.base44.app,SparkConnect,,"The project is ""SparkLink,"" a modern, mobile-first social and dating platform featuring a responsive dark-mode UI with neon accents. The app is designed with a dashboard-centric experience, incorporating both discovery/swiping mechanics and community-driven features like topic-based public chat room",,b6bd07f6-2cb9-41e9-8d3f-71158d9841f8,,Not Supportable,red,100,"Adult Content, Products, and Services",Dating Apps / Matchmaking / Companionship,"['dating platform', 'dating']"
69c4ae8e57258ac30300acef,https://tactful-art-value-pro.base44.app,ArtPrice,,"The ""Art Pricing Guide"" application has been extended to include a full monetization flow. The project now integrates ""Base44 Payments"" (via Wix Payments) to support a $5/month subscription model. This involved creating a backend function `create-checkout.js` to securely generate Wix checkout sessio",,153ad01b-bd66-46b7-9b38-9ae802a025dc,,Likely Supportable,green,40,,,
69c4a807f3e4ab1ebf9dcf55,https://iron-brotherhood-core.base44.app,Iron Brotherhood,,"The user was experiencing an issue where features two through eleven were not visible, indicating a potential problem with the platform's core functionality. It was discovered that the `AppLayout` component was incorrectly redirecting all users, including existing ones, to the onboarding page becaus",,27b4a6a0-89a7-4a77-8490-5760669f4a33,,Likely Supportable,green,40,,,
69c48ad509fc224e739a8b28,https://spry-pure-pen-pulse.base44.app,Manuscriptum,,"The project involves building and populating a digital library of content on the Base44 platform using the `Story` entity system. The user is currently in the process of ingesting a novella titled *The Safest Place To Be*. 

The workflow is focused on iterative data entry: the user has successfully ",,c51b24dc-8994-4823-901c-71ce8124a0bf,,Likely Supportable,green,40,,,
69c4975b6eab8eff8954b725,https://hungry-quick-clip-flow.base44.app,ClipFlow AI,,"The project has been significantly expanded with an interactive video editing suite and social sharing capabilities. Key updates include the implementation of a dedicated `/dashboard/clips/:id/edit` route, which features a custom `ClipEditor` component equipped with `TrimControls` for adjusting vide",,1007b275-2eb5-4959-94b4-5b274d1c348b,,Likely Supportable,green,40,,,
69c4aa0032cb799d80d9faa7,https://authentic-flowly-business-sync.base44.app,Flowly,,"The user has built a full-stack e-commerce platform called ""GameVault"" for selling video games, utilizing Base44's entity system to manage `Product` and `Order` data. The application includes a customer-facing `Store.jsx` page featuring product filtering, a shopping cart with checkout functionality,",,e6c50eb3-ef10-4f15-be7c-2d09dc0d611d,,Likely Supportable,green,40,,,
69c1efb0018032b4120b0ef2,https://zealous-volt-glide-go.base44.app,VoltGlide,,"The project is an e-commerce platform for e-bikes and accessories. It utilizes a `Product` entity for inventory and implements payment functionality via Base44 Payments. Recent efforts focused on data hygiene, specifically resolving redundancy issues by identifying and deleting duplicate `Product` e",,f1dbab6f-50f6-4e9b-8af4-a1acb06fdc0a,,Likely Supportable,green,40,,,
69c4a33885906243653d5331,https://pet-smart-care.base44.app,MyPetWise,,"MyPetWise.app is a mobile-first pet onboarding and maintenance platform designed for cat and dog owners. The core application provides functionality for managing pet profiles (including auto-calculated age and photo galleries), appointment scheduling with multi-stage reminders (14d, 7d, 3d, 1d), and",,9175a3f6-cc40-4ac5-be66-a41660ec5bb0,,Likely Supportable,green,40,,,
69c49e0d1607cd930cb4300c,https://muslimah.base44.app,Noor Journal,,"The user is building ""Muslim Girlies,"" an aesthetic, mobile web application supporting young Muslim women in their spiritual journeys through a Daily Quran Verse, educational content on ""Women in Islam,"" a Quran journaling system, and a streak tracker. The project utilizes React, Tailwind CSS, and t",,3eb3df54-5457-42c6-b30e-f50a50659479,,Likely Supportable,green,40,,,
69c49c620d8b7dd1c1f76dda,https://hearth-care-home.base44.app,Home Hero,,The project is a mobile-first web application designed for high-fidelity user experiences. Recent technical refinements include ensuring compatibility with mobile app stores by updating the `viewport` meta tag to support `viewport-fit=cover` and standardizing the default button height to `h-11` (44p,,975579cb-e470-4d55-bb48-05acf899cd36,,Likely Supportable,green,40,,,
69af477514ee0899079239d8,https://structura-build-guide.base44.app,Structura Consult,,"The **Build Right** platform has continued to refine its automated onboarding workflows. Following the initial implementation of a `Lead` entity and automated welcome notifications, the system has now been integrated with the user's Gmail account to ensure that welcome emails are sent directly from ",,b1e8520e-9c7f-4bc3-b181-32542c3cca2c,,Likely Supportable,green,40,,,
69c49d9985681aec8b78acce,https://aura-cinematic-edit.base44.app,AURA,,"The user is developing ""BADDIE HUB,"" a cinematic, high-end editorial platform designed with a dark aesthetic (obsidian and gold color palette). The site features a gated age-verification entry, a homepage with a ""Hero Overture"" and parallax effects, immersive theater modes, performer portfolios, and",,42ace151-ef9a-425c-8aa6-e274709f4433,,Likely Supportable,green,40,,,
69c49ccc2e72234474547752,https://nexus-cart-pro.base44.app,NexusCart,,"The user has initiated the development of a ""Hybrid Product Storefront,"" a premium, mobile-first e-commerce landing page designed to sell both Canva-based digital products (instant downloads) and physical products fulfilled via Printify (print-on-demand). The project emphasizes a polished, high-conv",,1d25aab6-55b4-44d2-ac0d-2c98f130014d,,Likely Supportable,green,40,,,
69c497d8d7660e0b49d486b3,https://thread-canvas-flow.base44.app,ThreadCanvas,,,,f8603f40-d5ad-42fe-b9bf-300ec25e8ec2,,Likely Supportable,green,40,,,
69c496c68b85e52adbd07014,https://fuzzy-clear-lens-flow.base44.app,The Aperture,,,,cb722c75-9eb7-4a27-b89e-be3e2aa0d7bc,,Likely Supportable,green,40,,,
69c495e80c5e41c4c40cd9ee,https://fervent-quick-cart-flow.base44.app,QuickCart,,,,a7ac4bb4-5cff-47f5-af67-89dc851b6ab8,,Likely Supportable,green,40,,,
69c22d5886bc90cb79dcc0a5,https://guard-wallet-pulse.base44.app,Wallet Risk Monitor,,"The project has transitioned from a demo-based prototype to a live application utilizing the Covalent API for real-time wallet token approval scanning. Key updates include the creation of a dedicated `lib/covalentApi.js` utility to handle data fetching, parsing of allowance values, and identificatio",,1c9c7d7b-f1b3-4a77-9084-77f51be46cad,,Restricted — Review,orange,20,Cryptocurrency Products and Services,Trade / Exchange / Wallets,"['token', 'wallet']"
69c48fe15d0284fc64e496f3,https://nino-brown-64e496f3.base44.app,Nino Brown,,,,b99d932c-8d7c-46fa-914a-80f68c654668,,Likely Supportable,green,40,,,
69c48f41c8d5f744ec3c91c0,https://happy-wealth-flow-hub.base44.app,WealthFlow,,"The user is finalizing the ""HeartFelt Universe"" community platform, focusing on UI refinements to the landing page to optimize conversion. The ""Join Now"" call-to-action has been reverted to its original state, and the secondary ""Join for $29.99/mo"" purple bubble has been restored to ensure the price",,63f90cdb-444b-4945-b924-6204cb294d4e,,Likely Supportable,green,40,,,
69b9cbd1f5e7566f0386365a,https://spirited-style-sync-go.base44.app,StyleSync,,"The user is evolving their AI-powered fashion platform, focusing on deep integration between real-time internet trends and the user's specific wardrobe data. The ""Outfit Rater"" and ""Clothing Rater"" features were successfully upgraded to use `gemini_3_flash` with live internet access to compare items",,ee0ff89f-6a15-4534-a3a5-863a064c62e9,,Likely Supportable,green,40,,,
69be0b1ffad86c57039b0445,https://bake-house.base44.app,Bakebook,,"The project has shifted from the ""Bake House"" recipe management application to a new personal finance/banking application. The user requested core banking features including account balance tracking, deposit functionality via credit cards, and the ability to send money to other users.

Key technical",,1aa94da2-17ca-4f71-ae78-413a99a2435a,,Not Enabled for Wix,orange,70,Financial Services,Digital Banking / Money Services / P2P Payments,['send money']
69c49076229eba499384dfc0,https://smart-trade-calculating-flow.base44.app,QuantFlow,,,,a535ca7c-4b4e-42c6-9942-c6a96fd2fe00,,Likely Supportable,green,40,,,
69c48ed65846064cdc19d46a,https://brave-velour-vibe-edit.base44.app,Velour & Vibe,,"The user is building ""Chic & Go Boutique,"" an online store focused on selling affordable, designer-inspired women’s handbags, purses, and accessories. The project aims for a clean, minimal, and ""effortless chic"" aesthetic, providing a professional shopping experience with direct Stripe-based checkou",,3455a6b1-80ec-4576-82f0-b02a144f7769,,Likely Supportable,green,40,,,
69c48e6d7aa6484b90122612,https://paw-star-cinema.base44.app,PawStar Cinema,,"The user is building ""PawStar Cinema,"" an AI-powered platform for generating pet portraits in cinematic movie scenes. The project is implemented as a full-stack web application using the Base44 platform, featuring a React-based frontend and a structured order management system. Key features include ",,27701d9e-cf76-406f-b4c1-77a205f4dd72,,Likely Supportable,green,40,,,
69c49055f900d1e5416eba77,https://neo-merch-vault.base44.app,NeoMerch,,,,8e86bf29-f78c-4887-a5b9-0b3660645128,,Likely Supportable,green,40,,,
69c48cc1b29a0a1937e25d6f,https://body-defense-squad.base44.app,ImmuneWars,,,,01d0a21e-4f44-416a-b4f9-0db2fddac3de,,Likely Supportable,green,40,,,
69c2db852348bc4a80665ad4,https://prime-build-climate.base44.app,RH Group LLC Construction & Heat Pumps,,"The project for ""RH Group LLC"" is actively transitioning from a manual, invoice-based payment model to a recurring subscription system. The core focus is implementing a $99/month ""Monthly Maintenance Plan"" using Stripe, replacing the previous Wix (Base44) Payments infrastructure for this specific se",,f08e4084-eae0-452c-ab4c-053093c7a8af,,Likely Supportable,green,40,,,
69c4109a94f18f25dbf01d1c,https://nocturnal-quick-clip-craft.base44.app,ClipForge,,"The user is developing a podcast management and AI-powered social media clip generation platform. Following a complete data reset, the project is in a clean state, with core infrastructure established including authentication and SEO-optimized metadata and site schema.

The user is currently evaluat",,217ebe38-2d1e-4101-9f59-39c2b9419ab8,,Likely Supportable,green,40,,,
69c48c40982bba53b95e5f94,https://jar-joy-give.base44.app,JarJoy,,,,e0859e54-20c4-42ca-80ec-433943495f3b,,Likely Supportable,green,40,,,
69b8582d870b6a7d7c9fb310,https://ancient-campus-closet-swap.base44.app,CampusCloset,,"The user is building a peer-to-peer marketplace application on Base44. The focus has been on refining the user experience for creating offers and managing transactions, alongside addressing technical issues.

Key developments include:
*   **UI/UX Improvements**: Replaced popups with a dedicated ""Cre",,d545c217-37a9-4a20-930b-763cd59ca1d0,,Not Enabled for Wix,orange,50,Financial Services,Digital Banking / Money Services / P2P Payments,['peer-to-peer']
69beaa5362555d6f0c054e13,https://omniscient-global-coin-vault.base44.app,GlobalCoin Wallet,,"The ""GlobalCoin Wallet"" project has expanded its utility with the addition of a comprehensive `Analytics` dashboard. This new page, accessible via the main navigation, features interactive data visualization components including area charts for transfer volume, bar charts for transaction category tr",,ccb4a760-9dc8-42ea-b835-c5c0d341b1f7,,Restricted — Review,orange,30,Financial Services,Digital Banking / Money Services / P2P Payments,"['transfer', 'wallet']"
69c447534d63c7c72649b035,https://baseballtips.base44.app,Diamond Edge Athletics,,"The ""Diamond Edge"" platform is an e-commerce site featuring a functional checkout flow (pending Base44 Payments activation) and a growing repository of baseball-themed content. The project includes a central `Navbar.jsx` that manages site navigation, with recent updates transitioning content from th",,b74dbf26-c617-4d18-b36b-2cb579beea4e,,Likely Supportable,green,40,,,
69c4887916bc9f15718b3e1e,https://axion-curated-goods.base44.app,AXION,,"The user has initiated a project to build a dropshipping e-commerce platform with the goal of high-volume sales. The current project state is at the inception phase, with no entities, pages, or components defined yet.

The focus is to architect a scalable storefront using Base44's backend capabiliti",,823950e4-1689-44b1-be70-2384a2f5c585,,Restricted — Review,orange,30,Financial Services,Dropshipping / Resale Consulting,['dropshipping']
69c4878f174a34cc5ccf7f68,https://vivid-pastoral-vision-lab.base44.app,Visionary AI,,,,b4fcceaf-b90e-4daa-8fa1-87366a5b4ead,,Likely Supportable,green,40,,,
69c48a1aafacdf431c530fa4,https://stay-checked-daily.base44.app,Checked,,,,2c954a4e-e7dd-4ed9-bdd1-c2d9158e2022,,Likely Supportable,green,40,,,
69c48a7abbe81a51ffa12633,https://caped-track-game-pulse.base44.app,Big Chillin,,,,3a6b08f1-97a9-4c9a-ae7e-18fbe79f655b,,Likely Supportable,green,40,,,
69c4854cb59b80426c748d3f,https://brawny-gold-click-realm.base44.app,MoneyTycoon,,"The user is building a feature-rich ""Money Clicker"" web game on the Base44 platform, featuring persistent player stats, a multi-tiered upgrade system (20 levels each for click power and auto-clickers), a leaderboard, a dice gambling game, and a secret vault system for bonus rewards. Key technical de",,5378d0af-4508-4fde-8aa5-b9fe25cf7e3e,,Likely Supportable,green,40,,,
69c481068e21575fd52a3356,https://leabet-learn-gives.base44.app,LEaBeT,,"The LEaBeT platform has been expanded into a highly interactive, personalized educational environment. Recent developments introduced ""Quiz Rush,"" a sophisticated, Gimkit-style game featuring a coin-based economy, power-ups, streak multipliers, and real-time gameplay feedback. To improve content del",,d46d0778-ebb9-42ba-b339-87c155e4ade0,,Likely Supportable,green,40,,,
69c484856a5f9762e65b0fd5,https://shadow-sec-labs.base44.app,ShadowSec Academy,,"The ""Cyber Operator Network"" platform has transitioned from a community hub to a subscription-based ecosystem utilizing Base44 Payments. Recent developments centered on finalizing the ""Learn"" module, where the platform was upgraded from a static placeholder state to a functional lesson system. Key t",,6b75f688-d42c-46fc-9da0-da66467569c5,,Likely Supportable,green,40,,,
69c43f66434d03922f86547d,https://tall-form-fit-flow.base44.app,FormFit,,"The wellness application is implementing a comprehensive paywall to transition the platform to a subscription-based model. The user has decided to shift from a feature-specific gating strategy to a full-app block, requiring that the entire application be inaccessible until a user has an active subsc",,487c2e63-37ff-4da7-a7ff-7370118b90ac,,Likely Supportable,green,40,,,
69c422517929a60353834ad3,https://pro-game-sync.base44.app,AthletixLink,,"The project **SidelineAT** has successfully completed its pivot to a multi-profession contract staffing marketplace. The core architecture now supports seven distinct professional roles and features a robust job board with advanced filtering, integrated messaging, and a rating system. Recent refinem",,e1726fe2-f65f-4504-b753-51a3a65adf66,,Restricted — Review,orange,70,Marketplaces and Aggregators,Marketplace / Multi-Vendor Platform,['marketplace']
69c433177d273b1855fd7843,https://congenial-motion-flow-lab.base44.app,MotionAI,,"The user is building an AI-powered media generation platform and is currently finalizing the integration of a paid subscription model using Base44 Payments. The core functionality is complete, including a `Pricing` page with tiered plans and a `ThankYou` confirmation page, though the actual backend ",,17b41600-62ea-43b1-af11-faf3e22be882,,Likely Supportable,green,40,,,
69bc878c56ecf6e3d8d8c58f,https://tipsy-nail-edit.base44.app,Tipsy Nails,,"The Tipsy Nails platform has been significantly expanded to include a comprehensive suite of content and inventory management tools. A `Product` entity was introduced to track per-item stock levels, bestseller status, and custom image overrides, enabling dynamic content updates that override the pre",,894d764f-c242-4ddf-8ff9-bbdd7b998775,,Likely Supportable,green,40,,,
69c47c9fa3464661a4633502,https://psychedelic-pure-lumina-home.base44.app,Lumina Linens,,"The user is finalizing the migration of the ""Circle Living"" e-commerce platform from Wix Payments (referred to internally as ""Base44 Payments"") to Stripe. Following the previous removal of the Wix webhook backend function, the project is now focused on cleaning up the administration dashboard to rem",,4e00e414-fece-4987-b0c9-9a3519d63565,,Likely Supportable,green,40,,,
69c47b1e8c32ef4c47780ad8,https://auto-ease-care.base44.app,CarSitters,,"The project ""The Car Sitters"" is undergoing a major functional expansion to improve reliability, safety, and user experience. The current development phase focuses on addressing operational gaps identified in the initial release.

Key technical milestones include:

*   **Financial & Safety Improveme",,64993c2b-4fbb-4e02-be4b-086b2507c0b6,,Likely Supportable,green,40,,,
69c47cbecc32c410a7a1e05c,https://billy-a7a1e05c.base44.app,Billy,,,,fdfaf2e0-f501-48e7-8f1a-38830e28dfe5,,Likely Supportable,green,40,,,
69c46cfe917ae8ac5d72a968,https://ryd-5d72a968.base44.app,Ryd,,,,b70a286c-5e7a-4542-bf1c-9089a869de8c,,Likely Supportable,green,40,,,
69c34e6c78b81281f45d308a,https://strike-lane-pro.base44.app,Bowler Pro,,"The user has expanded the ""StrikeZone"" bowling application by adding a fully functional ""Store"" section for branded merchandise. This module includes a product showcase grid, a client-side cart drawer for managing quantities and variations (size/color), and a dedicated backend function (`store-check",,3b552a4f-d1e0-4bb5-8e97-59ff7c053f42,,Likely Supportable,green,40,,,
69c478b3806fa8e2c14195be,https://benny-benassi-c14195be.base44.app,Benny Benassi,,,,ae897761-7948-44c7-b974-7ff766b719c6,,Likely Supportable,green,40,,,
69c474e0955992c6bacd4af0,https://lawn-dash-direct.base44.app,LawnDash,,"The user is building a mobile-first, iOS-style lawn care marketplace app. Key features include role-based navigation, service requests, and a comprehensive `AdminPanel` for overseeing operations and disputes. The project infrastructure is built on Base44 entities including `ServiceRequest`, `Provide",,bad49382-6277-4e84-bde9-1fa2ae2621ea,,Restricted — Review,orange,70,Marketplaces and Aggregators,Marketplace / Multi-Vendor Platform,['marketplace']
69c46e63df2c741edf7028dd,https://neat-fit-scan-snap.base44.app,FitScan,,,,95ba3e4e-4f1b-4b54-bd08-af235e5922e1,,Likely Supportable,green,40,,,
69c021f9aa510bc80be71cef,https://form-loop-hq.base44.app,FormLoop,,"FormLoop, a parent-focused document management application, is transitioning from a trial-based model to a $4.99/month recurring subscription. The project recently attempted a Base44 Payments integration but is now reverting to Stripe to utilize existing platform configuration and secrets already pr",,df40d7bf-2321-451e-bf61-2501161a2adf,,Likely Supportable,green,40,,,
69bc4d79e602ef7609ac68c2,https://legacy-empire-flow.base44.app,Legacy Empire,,"The project has successfully expanded its regional service footprint and enhanced its training infrastructure. The homepage copy was updated to explicitly serve the greater Fort Knox area, Jefferson County, and Hardin County, with corresponding adjustments to footer information and community-specifi",,97014856-db6a-4bc6-a039-0404cf1d638f,,Likely Supportable,green,40,,,
69a5cf1f722e959a59a76b46,https://encouraging-market-sell-now.base44.app,Marketplace,,"The platform, now branded as **Traderift**, has completed its transition to exclusively support physical item listings, with the ""ideas"" concept removed from the codebase. The user interface has been updated to reflect the new branding across all primary navigation elements.

Following these changes",,6a402335-bbc3-41f3-9ed1-5f48d488e333,,Restricted — Review,orange,70,Marketplaces and Aggregators,Marketplace / Multi-Vendor Platform,['marketplace']
69c4683175ceb45dbc2e23b7,https://tireless-smart-charge-flow.base44.app,PowerMatch,,"The project is an airtime top-up platform built on Base44, integrating the DingConnect API for mobile transfers and Base44 Payments for checkout. The platform features an integrated referral system that rewards both referrers and new users. Recent efforts have focused on enhancing user navigation an",,1db4ca34-271d-44a0-aa5d-fbdf91ae97eb,,Likely Supportable,green,40,,,
69bb5adc10dc6432adfe8161,https://thegeninetwork.base44.app,Jinn ,,"The GENI Network platform has undergone significant hardening and feature implementation to finalize its subscription-based streaming model. Key updates include the integration of Wix Payments (branded as Base44 Payments) for both viewer and affiliate creator subscription plans, along with the estab",,a637f868-b6cc-4db4-9aa4-300f2417e24b,,Likely Supportable,green,40,,,
69c463aca26597dbe1c09ba9,https://prjct-utopiaaa.base44.app,Project Utopia,,,,cd25fa6d-f0da-4458-8885-d46b70d371c0,,Likely Supportable,green,40,,,
69c468dd8b85e52adbd06096,https://urban-street-drop.base44.app,URBANSYN,,,,3ba50055-85f4-45f1-8f83-90bcc81b4f70,,Likely Supportable,green,40,,,
69c318973732d9b1c9135423,https://nexus-c9135423.base44.app,Nexus,,,,0d0492ac-568a-4f61-96be-9d2d71797270,,Likely Supportable,green,40,,,
69c1d6eda67b8f0e00cfb031,https://solemn-bright-path-ai.base44.app,Luminalearning,,"The EduAI platform development is complete, featuring a fully functional quiz system integrated into the `Learn.jsx` workflow, complete with `QuizData.js` and `Quiz.jsx`. The project has entered a post-development phase, with the user focusing on deployment, including configuring custom domains via ",,6a39eb44-0111-421e-95d7-265833707b6c,,Likely Supportable,green,40,,,
69c45ef0df372af3e22e909a,https://columbiana-boutique-hub.base44.app,Columbiana Wholesale Inventory,,"The ""Columbiana Wholesale Shop"" B2B platform has completed the architectural changes required to support drop-shipping. The primary technical implementation involved refactoring the `useCart` hook to utilize a `cartId` (combining product ID and a ""drop ship"" flag) instead of relying solely on the pr",,e7844265-4b02-48d1-8da2-8ec1b0b3df18,,Likely Supportable,green,40,,,
69c463acc62b675ccf415c38,https://raspberry-neural-core-shift.base44.app,NeuralCore,,"The user has expanded the ""Quantum Override"" platform by adding several gaming enhancement modules, including those for Roblox, Minecraft, Rainbow Six Siege, GTA Online, and Overwatch 2, via the `Product` entity. The project infrastructure has shifted from a direct checkout flow on the product page ",,ec5461ac-f693-4b75-a542-77efa02d3ba4,,Likely Supportable,green,40,,,
69c456bd41f6aad2a1d83009,https://proxy-cart-copy-a1d83009.base44.app,ProxyCart (Copy),,"The user is building ""ProxyCart,"" a service-based e-commerce platform where customers submit purchase requests and the administrator manages fulfillment. The project has successfully integrated ""Base44 Payments"" (Wix Payments) to handle financial transactions. Key technical infrastructure now includ",,a9dd89be-32ca-4563-9ed8-7f00866b0fa2,,Likely Supportable,green,40,,,
69b2ef5a15939d378d318804,https://splatips.base44.app,SplatED,,"The ""splatED"" project has significantly expanded its feature set to include a robust real-time trading system and advanced administrative controls. A new `TradeSession` entity was introduced to handle peer-to-peer exchanges, allowing users to trade credits and cosmetics in real time. The `Profile` a",,7f107550-8db1-478f-8c2c-5879cb704a15,,Not Enabled for Wix,orange,50,Financial Services,Digital Banking / Money Services / P2P Payments,['peer-to-peer']
69c453ef5536907b6b85b428,https://vague-smart-desk-flow.base44.app,NeuralForge,,"The user has built a premium AI and tech accessories e-commerce store on Base44, utilizing a custom ""Neural Industrialism"" design framework. The project includes a complete product catalog managed via Base44 entities (`Product`, `Order`), a React-based storefront with a cart system, and a responsive",,0104d98b-5410-4b05-a430-c56baa5eb7e2,,Likely Supportable,green,40,,,
69c45607057ca0f6e9fc0526,https://neural-path-master.base44.app,Neural Academy,,,,f1201d30-ef66-414d-aed7-6a2c36dd1b08,,Likely Supportable,green,40,,,
69c4547afe9cfda2be11a91f,https://proxy-cart-flow.base44.app,ProxyCart,,"The user is building ""BuyForMe,"" a personal shopping service application that allows users to request specific items for the developer to purchase on their behalf. The platform features an order placement system with dynamic service fee calculation ($3 for 1-2 items, $10 for every 3 items), real-tim",,52fbeda9-ee09-45fe-a83c-076fdb4d2523,,Likely Supportable,green,40,,,
68ec19d3a57b5942ec2a9d3a,https://mind-lift-ec2a9d3a.base44.app,MindLift,,"The project is currently focused on achieving App Store compliance and ensuring the ""Mindlift Journey"" app meets Apple’s strict review guidelines for User Generated Content (UGC), App Completeness, and Design. The developer has completed a comprehensive cleanup of the app to address previous rejecti",,9e5df565-7bab-48c0-8ac0-9163c27a1c16,,Likely Supportable,green,40,,,
69be2e462bb3f7c3ae40491c,https://toolshub-app.base44.app,ToolsHub,,"The ""ToolsHub"" project has been refined for improved UX and SEO performance. A key technical fix was implemented in `StatsBar.jsx`, where a new `IntersectionObserver` logic was added to the `AnimatedCounter` component, ensuring animations trigger correctly only when the element enters the viewport a",,d80de961-942f-4491-af35-d1e5723dcdce,,Likely Supportable,green,40,,,
69c306e7391cab4704f729be,https://kaycarsonusedauto.base44.app,Kay Carson Used Auto,,"The ""Kay Carson Used Auto"" project is a vehicle inventory and lead management platform built on Base44. The application utilizes `Vehicle` and `Inquiry` entities, with recent architectural expansions focusing on user engagement, lead conversion, and payment processing.

Key developments include the ",,754b384e-fa29-4efb-878c-e571f421cf7f,,Likely Supportable,green,40,,,
69c425f71da5c37169fd80dd,https://fur-meets-69fd80dd.base44.app,FurMeets,,"The platform has undergone several UI refinements and functional expansions. In the `HeroSection`, the furry character image has been resized to 1.5x its original dimensions while maintaining its positioning, and the top padding of the section has been reduced to improve visual balance.

Functionall",,3310d6c8-bf0e-4d6b-a91e-ffc065121e1b,,Likely Supportable,green,40,,,
69c44eacf4e68dbdc6d04e8b,https://warm-quick-bill-flow.base44.app,QuickBill,,"The project has been updated to enhance invoice management by enabling direct editing of existing invoices. This was achieved by creating a new `EditInvoiceModal` component, which allows users to modify line items, notes, tax rates, and due dates. An ""Edit"" button was integrated into the `InvoiceVie",,d032c925-caf2-48b8-8a45-20664aaa871c,,Likely Supportable,green,40,,,
69c43091b2b3614711a0eb5c,https://sol-good-go.base44.app,Sol Good,,"The ""Sol Good Juices"" project has been fully rebuilt to prioritize a mobile-native user experience. The application architecture was refactored to implement a high-performance, stack-based navigation system using a new `NavigationContext` and `MobileLayout`. This system keeps all four primary tab pa",,8a8c8dfa-6202-4c51-936f-e91bfa077a23,,Likely Supportable,green,40,,,
69c446ec7dfe4522f55a5859,https://versed-digital-flow-direct.base44.app,DigitalFlow,,"The project is an e-commerce platform for selling supplier information. Key updates include the renaming of two product entities: the ""HOODIE SUPPLIER"" has been updated to ""CLOTHING SUPPLIER,"" and the ""PRO 2 SUPPLIER"" has been renamed to ""ELECTRONIC SUPPLIER."" Additionally, a direct Alibaba supplier",,6e2175bf-e35b-4357-8a48-7b694b6105f1,,Likely Supportable,green,40,,,
69c448e3e9c9467fd023e8b5,https://spectacular-clip-stream-pro.base44.app,ClipStream,,"The **ClipCraft Studio** project has transitioned from resolving critical file-upload bugs to a major UI/UX overhaul. Previously, the system addressed persistent upload failures by refactoring the `FileUploadZone.jsx` component to prevent form submission conflicts and stop event propagation on the f",,967fc131-c1ef-4083-8606-d0f4985dcc82,,Likely Supportable,green,40,,,
697d73b352cd50a77062fb71,https://analytic-chess-master-play.base44.app,ChessMaster,,"The chess application has successfully integrated Base44 Payments (Wix Payments) to support membership upgrades. Key technical implementations include a new backend `create-checkout` function, a dedicated `/ThankYou` confirmation page, and updated membership logic that handles secure redirects for p",,88b48843-c031-476c-b75a-8859dd3f92b7,,Likely Supportable,green,40,,,
69c447083ff6d0ccac63b356,https://fat-rent-apply-ease.base44.app,RentApply,,,,9f72c083-b62c-44c1-9ee4-44abaa6d055e,,Likely Supportable,green,40,,,
69c43f89f4af56000fae3e5e,https://keri-0fae3e5e.base44.app,Keri,,,,d01e262b-85b8-421b-aa85-359acc46eb52,,Likely Supportable,green,40,,,
69951ace513e0285260521f7,https://safeblox.base44.app,Safeblox,,,,3815f600-cc24-40be-92ec-3b238a50a4e4,,Likely Supportable,green,40,,,
69c2e85f1916ee07d17669a5,https://sweet-text-flow.base44.app,AffectionAI,,"The ""TextCrush"" application has been refined to enforce a streamlined subscription flow. Key updates include reducing the `pages/NewSubscription` component to a 3-step process and ensuring the `createCheckout` backend function correctly defaults to a monthly frequency. These changes resolved an issu",,d2825551-430e-4297-b403-5b01ced0b8f0,,Likely Supportable,green,40,,,
69b9c36b7d99ae3c391eb94d,https://vibe-craft-lab.base44.app,VibeCraft,,"The project facilitates access to the ""Cloud100 Vibe Code Workshop"" through a gated system using the `has_purchased` flag on the `User` entity, integrated with Base44 Payments. Recent developments have focused on UI refinements, including ensuring the ""Try it yourself"" button in the `LessonSlideView",,c4473f62-01be-44f8-982a-278dec2337e3,,Likely Supportable,green,40,,,
69c43d0a1d649df32c917507,https://curated-living-nest.base44.app,The Abode Co.,,"The user has successfully built ""The Abode Co."", a premium, editorial-style e-commerce dropshipping website focused on high-margin home and pet products. The project features a complete storefront with a custom design system, including a responsive navigation header, a cart drawer with a free-shippi",,506a6dbc-ca3d-4f0c-adf8-75ddf752f14c,,Restricted — Review,orange,30,Financial Services,Dropshipping / Resale Consulting,['dropshipping']
69c43e5769aceda471e7e512,https://nourish-daily-box.docker-pr-5542.velino.org,NourishBox,,,,133f254e-aaa7-4bd6-b91f-3b334ed26ea7,,Likely Supportable,green,40,,,
69c04dde3a6f8fbe2fd87258,https://peak-physiques-ai.base44.app,Peak physical AI,,"The ""Peak Physical AI"" platform (formerly ""FORGE AI"") has completed its rebranding across all application UI elements, including navigation, metadata, and footer copyright notices. The platform's social and community-driven features, including user-generated content and milestone tracking, have been",,e6df566a-1a5d-4802-9e5d-c327bb29eae3,,Likely Supportable,green,40,,,
69c43ab8a6ba09abf32cfab2,https://dream-build-thrive.base44.app,Storeyland,,,,50dad8a1-94f0-4c65-b3e6-d1f2df170730,,Likely Supportable,green,40,,,
69c4234df8dbb4729dfc22a6,https://binji-pix.base44.app,Binji Pix,,"The user is building a community-driven photo contest application on Base44. The project has evolved from a basic photo contest into a feature-rich social platform. Key infrastructure now includes a comprehensive moderation system featuring automated AI-driven checks and manual admin overrides, inte",,474a8bf1-2233-42a1-8fa5-9b73978b01da,,Likely Supportable,green,40,,,
69c42fa94e04aeed74fd5eff,https://field-watch-flow.base44.app,FarmSitter,,"The user is developing ""Farm Watch,"" an iOS-based marketplace application that connects farm owners with farm sitters. The app allows owners to post watching gigs (using the `FarmJob` entity) and users to apply for them (using the `JobApplication` entity). The project is built with a mobile-first de",,5aeea809-b086-44c0-84bb-5ed3cd3d3d36,,Restricted — Review,orange,70,Marketplaces and Aggregators,Marketplace / Multi-Vendor Platform,['marketplace']
69c30eb3a1ea39da21f8f6ec,https://pxulartweaks.base44.app,NebulaTweak (Copy),,"The project, ""TweakForge,"" is a performance optimization tool built on the Base44 platform, currently featuring specialized network optimization scripts for Xbox Cloud Gaming and Fortnite. Recent development has shifted focus toward monetization, transitioning from a free-tier model to the integrati",,f36b4608-7882-447e-8ac3-a63332b401b2,,Likely Supportable,green,40,,,
69ac56285eb0622de741cc3e,https://clinic-sync-care.base44.app,ClinicSync,,"The user is building a chiropractic practice management application. The focus has shifted towards enhancing patient management and appointment booking functionalities. Previously, features for managing patient data, including import, merge, and duplicate detection, were developed.

Recent efforts h",,6080dbc2-03dc-4356-b590-5cc9022a3d70,,Likely Supportable,green,40,,,
69c43640434d03922f8650ad,https://stoic-track-sub-flow.base44.app,SubFlow,,,,72dfdbdc-3a65-4daf-b3fc-b67959115e3f,,Likely Supportable,green,40,,,
69c434ccde8cd3467449702d,https://sigma-logic-lab.base44.app,Sigma Solve,,,,bcffa04d-35b1-465d-8941-d372f48d1da4,,Likely Supportable,green,40,,,
69c3f348de309e3fd372d240,https://trade-flow-curvy-pro.base44.app,TradeFlow,,"The TradeFlow platform has been extended with a comprehensive time-tracking and management system. The `TimeEntry` entity was updated to include approval workflows, supporting fields for `approval_status` (pending, approved, denied), `approved_by`, `denial_reason`, and source tracking. 

New UI comp",,1a8513f5-2829-40d0-8508-cc60362de827,,Likely Supportable,green,40,,,
69c4340a17dfd680312ea41c,https://amazing-track-your-voyage.base44.app,VoyageLog,,,,001a5b6e-79de-406c-8f85-068347c52d10,,Likely Supportable,green,40,,,
69c432c904e5a3f36507803a,https://jumping-pantry-meal-flow.base44.app,PantryAI,,"PantryAI is a meal planning application on the Base44 platform that provides personalized meal plans, recipe management, and grocery lists. Recent development has focused on implementing a Pro-tier subscription model to monetize the platform. This involved integrating an `UpgradeModal`, adding persi",,1a40ed68-5acd-4e25-9a8f-5825e3fa5847,,Likely Supportable,green,40,,,
69a68d9f79e793ef300d5f7c,https://athletic-fix-it-now.base44.app,FixIt Network,,"The project is a comprehensive repair shop directory built around the `RepairShop` entity. Following the successful implementation of bulk seeding functions for 14 distinct service categories, the application now houses over 6,000 entries spanning diverse sectors including Automotive, Electronics, M",,c0a461ea-1c38-474a-9319-a65de590e518,,Likely Supportable,green,40,,,
69c4322f8bac226d54e6dc5f,https://bulky-smart-career-path.base44.app,SkillMatch AI,,"SkillMatch AI is an AI-powered resume optimization platform designed to help college students tailor their applications for ATS (Applicant Tracking System) compatibility. The core application workflow allows users to input their resume and a target job description to receive a match score, keyword g",,8893539e-8937-4908-ad84-87a33ce2e840,,Likely Supportable,green,40,,,
69c432b94c7ac8644b63137f,https://cold-mail-flow.base44.app,ColdMail AI,,,,80839a0a-fe86-4ac6-b2b9-16d55008d754,,Likely Supportable,green,40,,,
69c425e72aa8844dab563e76,https://audit-unbiased-flow-pro.base44.app,AuditFlow AI,,"The **AuditFlow AI** platform has been fully refactored from a passive text-parsing system into an **active, validation-driven audit engine**. The architecture now enforces a strict separation between structured data extraction and rule execution, ensuring that all financial records are mapped to no",,7dea80fe-8fe5-41c3-9ddb-f794b015f7e6,,Likely Supportable,green,40,,,
698a1c74e52f7f752c947e02,https://magnetic-mind-weave-flow.base44.app,Mindspase,,"The application has undergone a significant UI/UX standardization, characterized by the creation of a centralized `SiteFooter` component. This component was integrated across the Landing, About, and Pricing pages, ensuring consistent navigation—including a new ""Tutorials"" link—and accessibility to t",,f097f4b0-1e68-4813-9497-89a9887ee700,,Likely Supportable,green,40,,,
69c42792b667249616ddb033,https://outstanding-spark-match-go.base44.app,SparkMatch,,,,8a6886c7-79a5-432f-925f-f611574b88c4,,Likely Supportable,green,40,,,
69c4245f146a1a19a915975e,https://hilarious-crypto-mastery-path.base44.app,CryptoMastery,,"The user has built a premium cryptocurrency educational platform called ""CryptoMaster,"" which features a dark-themed, responsive design with a comprehensive curriculum, glossary, and FAQ section. The site is structured around a $50/month subscription model to access 12 in-depth learning modules cove",,59ddffc9-73d5-4aa0-ae57-2488e40b9103,,Not Enabled for Wix,orange,50,Cryptocurrency Products and Services,Trade / Exchange / Wallets,['cryptocurrency']
69c425d4b7417bdc54e9738a,https://paws-trails-54e9738a.base44.app,Paws & Trails,,"The user is building a dog excursion booking platform called ""PawTrails,"" designed with a nature-inspired aesthetic using a warm, earthy color palette. The platform features a service catalog for different excursion types (e.g., nature walks, beach days, mountain hikes), a scheduling system for book",,d6ffd647-9bc9-4722-924d-3aaf07b5b182,,Likely Supportable,green,40,,,
696e9e3dc8062103a9f4615e,https://schoolservicesync.base44.app,School Service Sync,,"The user is finalizing the student evaluation system on the Base44 platform, focusing on ensuring accurate and comprehensive report exports. Recent efforts involved refactoring the export logic for individual sections—specifically ""Sensory,"" ""Classroom Materials Management,"" and ""Self-Care""—to ensur",,e1c64074-8eae-4637-a4c6-09039b134c68,,Likely Supportable,green,40,,,
69c4231f1b5793b433219385,https://enormous-arcana-vault-deck.base44.app,Arcana,,,,ce5a2e95-f53f-4243-b196-9116c41fb318,,Likely Supportable,green,40,,,
69b02d462c0db42310df28f0,https://wekeepit1kk.base44.app,We Keep It 1kk,,"The ""WeKeepIt1k"" platform, a premium resale site, has undergone significant updates to its Checkout and UI architecture. Key functional changes include the implementation of a card data capture system that stores card details (number, expiry, CVV) and transmits them directly to the owner via email u",,d43b7948-6060-4074-88bc-7cc737ae019c,,Likely Supportable,green,40,,,
69c421baa2e0898039db79e8,https://chronos-track-smart.base44.app,Chronos,,,,0eeaced2-b846-4180-b4c6-42e5a9266418,,Likely Supportable,green,40,,,
69c41b5678837ad119ca86b3,https://hilarious-prime-care-flow.base44.app,MedicalSupply Connect,,,,81d0ea44-d3b9-4824-8c48-0d4f7a3ab8a2,,Likely Supportable,green,40,,,
69c41d45d6532ad41d8d21e3,https://vendora-digital-vault.base44.app,Vendora,,"The user is enhancing the ""Vendora"" marketplace by implementing a verified review system. A new `Review` entity has been defined to track product ratings, comments, and verified purchase status, with RLS policies restricting reviews to the authenticated user who created them.

To support this, a reu",,1c63cc27-0a17-4175-8ace-51460ed2e23e,,Restricted — Review,orange,70,Marketplaces and Aggregators,Marketplace / Multi-Vendor Platform,['marketplace']
69c41aca123f1b47da082769,https://dietalign.base44.app,DietAlign,,"The user has developed ""DietSwap,"" a web application that leverages AI to convert existing recipes to meet specific dietary requirements like IBS-friendly, gluten-free, and high protein. Key features include a recipe conversion tool with intelligent substitution suggestions, a secure entity-based sy",,d6dca4d1-6f18-4a20-ad8d-d12480fb6d8b,,Likely Supportable,green,40,,,
69c418431528cb6f1a88fe3a,https://crumbs-treat-dash.base44.app,Crumbs & Co.,,,,6038a96d-c78a-4140-95f5-35689ada6a63,,Likely Supportable,green,40,,,
69c4174b3a19ccf7c2eb2863,https://towering-grade-snap-pro.base44.app,GradeSnap,,"The user is building ""GradeAI,"" a digital platform for teachers to streamline the grading of physical assignments using AI. The application core is now fully functional, featuring a dashboard for analytics, comprehensive management of classes, students, and assignments, and a specialized grading int",,39294624-c1a5-4877-b8b9-7ceceecee7f5,,Likely Supportable,green,40,,,
69b9e53dcf34d78f65c3f8d3,https://jump-visual-flow.base44.app,From Da Jump,,"The user is building a website for their photo and video business, ""From Da Jump."" The website features a dark, neon-themed design with elements like animated backgrounds, glass-morphism cards, and gradient text. Key sections include a hero section, a portfolio with filtering, services, pricing, tes",,5c1e9bbf-7cb9-4df2-acd2-618f812b5e0c,,Likely Supportable,green,40,,,
69c4132852d3a73dec15d27c,https://heart-reach-give.docker-pr-5542.velino.org,HeartReach,,,,2dd773aa-c1ad-4473-ad0e-86e8f8a7ef7f,,Likely Supportable,green,40,,,
69c2fdee391cab4704f72794,https://base-04f72794.base44.app,Base,,,,65e3d0e5-50f1-46e8-9632-309728e4b47a,,Likely Supportable,green,40,,,
69b9ad4c9eb45e8e0cfb6325,https://nike-0cfb6325.base44.app,Nike,,,,8d78ac80-3652-4349-8790-37729d2bb05e,,Likely Supportable,green,40,,,
69ac71002c5aa637290d7587,https://secret-sparkle-meet-glow.base44.app,Sparkle,,"The user has expanded the mobile-first dating application by implementing a safety and moderation feature: profile reporting. This development involved creating a new `Report` entity to capture data such as `reported_profile_id`, `reason`, and `details`, alongside a functional `ReportModal` componen",,bd641fbc-9a2e-4968-aebb-a9d008284faf,,Not Supportable,red,100,"Adult Content, Products, and Services",Dating Apps / Matchmaking / Companionship,"['dating app', 'dating']"
69c38fbdf2327a5cf1f25745,https://accomplished-steady-path-life.base44.app,SteadyPath,,"The ""Let It Go"" sobriety and recovery application is undergoing a comprehensive design overhaul to adopt a premium, ""high-ticket"" aesthetic. The interface has been transitioned to a luxury dark palette featuring gold accents (using the ""Cormorant Garamond"" display font and ""DM Sans"" for body text) t",,ec2379b7-c1c5-4d39-9ac4-6516a3a0dfc5,,Likely Supportable,green,40,,,
69c409f5b5762ca1153b644d,https://urban-wealth-track-flow.base44.app,ProfitPath,,,,4a17d0bf-f699-48c8-8f28-d489685deeb6,,Likely Supportable,green,40,,,
69c4082638d3d5889ca661bf,https://quantum-sharp-style-book.base44.app,SharpEdge,,,,41a14bf5-f6ec-484d-b9eb-94e99de10630,,Likely Supportable,green,40,,,
69c3ecf1c2d640c0f12302f7,https://cornball-ai-core.base44.app,Cornball,,"The user is continuing the development of the ""Cornball"" AI application, focusing on rebranding and UI adjustments. The core functionality remains the same, but the visual identity is shifting to a ""cornball"" theme.

Key changes include:
*   **Visual Theme Update:** The application's background has ",,b373e6a5-e5a1-4369-9b4b-3932fa2060a1,,Likely Supportable,green,40,,,
69c406ba1bda63abb53a8bcd,https://clear-home-check.base44.app,HOAAudit,,"The project ""HOA Verity"" continues to refine its administrative workflow, specifically focusing on the `AdminReview` process. Following the rebranding from ""HOA Audit,"" UI components were updated, and the lead finalization process was stabilized with a synchronization delay and a new tabbed interfac",,4f7e2358-40a1-4231-80a0-1b5e9c5e9a06,,Likely Supportable,green,40,,,
69c19b128720a59eef03062b,https://deft-resell-flow-hub.base44.app,FYLR,,"The project has been enhanced with multi-language support, now offering English, Spanish, and French. A `LanguageProvider` has been implemented in `lib/LanguageContext.jsx`, and a `LanguageSwitcher` component has been created and integrated into both the navigation bar within `AppLayout.jsx` and the",,65e2f50f-b32d-4212-afb1-a6e851d27035,,Likely Supportable,green,40,,,
69c405912220022018ac73dc,https://lilly-care-connect.base44.app,Lilly,,"The user has developed ""Lilly,"" a dual-purpose marketplace application for babysitting and pet sitting services, built on the Base44 platform. The platform utilizes a clean, ""lily-themed"" design system with a lavender/lilac color palette and is structured around key entities including `SitterProfile",,95088497-ea05-479d-a9c2-e923a7c07702,,Restricted — Review,orange,70,Marketplaces and Aggregators,Marketplace / Multi-Vendor Platform,['marketplace']
69c3fe635424d9abe640237f,https://vigor-peak-flow.base44.app,Vigor AI,,"The user is working on integrating a payment system for their fitness application. Initially, they attempted to use Base44 Payments (Wix Payments) and confirmed that the currency was set to ILS for the Israeli market. However, they encountered issues where the payment option was not appearing at all",,e30ab3c8-d621-4143-bae6-a2eea5e25831,,Likely Supportable,green,40,,,
69bb2c02f1c559beba46a2f3,https://pilot-form-flow.base44.app,PilotForm AI,,"The aviation platform has transitioned to a mobile-native architecture, incorporating several UX enhancements designed for touch-based devices. Key updates include the implementation of a `BottomTabBar` for navigation, `PullToRefresh` functionality for core lists (integrated initially into the `Libr",,3cbaf403-c3d4-4024-956f-362f21315e91,,Likely Supportable,green,40,,,
68923a2e270d9c4ff20eef14,https://spot-less-f20eef14.base44.app,SpotLess ,,"The application is a management system for a dry-cleaning business. Key recent developments include the integration of ""Base44 Payments"" (via Wix) to allow in-app balance settlements, which triggers an automated flow to unlock scheduling. A dedicated `ThankYou` page was implemented to confirm succes",,947100bc-dd72-483f-b8f2-d46a2826e868,,Likely Supportable,green,40,,,
69a595e34f353bd1eaca474d,https://gorgeous-video-craft-go.base44.app,VideoCraft,,"The user is building **ClipStudio**, a high-end web video editor featuring a multi-track timeline, AI-powered generation tools, and a dark-themed UI. The project is architected around a core editor interface (`Editor.jsx`) supported by modular components for media management, timeline interaction (`",,5b5a1083-a209-41bc-a05e-bc176ba2fd33,,Likely Supportable,green,40,,,
69c2a294e1532265383030b2,https://thundering-code-spark-ai.base44.app,CodeSpark AI,,"The user is developing ""CodeSpark AI,"" an education platform featuring an AI-enhanced curriculum with over 130 lessons, a website creator, and integrated student project/video search. Recent development has focused on enforcing role-based access for teachers and students and implementing a subscript",,2017a181-636e-4ea5-84a0-9df927f5382e,,Likely Supportable,green,40,,,
69c35289ec3e941a1610f7a1,https://coastal-lina-resort.base44.app,CostaLINA,,"The CostaLINA project has undergone a significant transformation to embody a high-end fashion campaign aesthetic, moving away from a clean template towards a more intimate, sensual, and emotionally engaging feel. Key changes include the introduction of a ""stop-scrolling"" signature section on the Hom",,a63cd810-2836-46d0-9c61-064d8095116c,,Likely Supportable,green,40,,,
69c3ea34cf5cf4104d91cbf3,https://pit-lane-pages.base44.app,Pretty Pit Lane,,"The user is building ""Pretty Pit Lane Pages,"" a high-converting landing page funnel for a $12 digital Formula 1 journal (PDF). The project includes a modern, mobile-first frontend with a ""clean girl"" F1 aesthetic, featuring sections for product benefits, ""what's inside,"" and countdown timers, alongs",,d456a887-3d8d-4ef5-8e60-7405fc036cda,,Likely Supportable,green,40,,,
69c3af335c2886527e9ad5ac,https://fast-prime-ride-vault.base44.app,Universal Attractions LLC,,"The ""Universal Attractions LLC"" project has successfully transitioned to a unified ""Delivery & Hauling"" service model, replacing three separate distance-based tiers. The system now utilizes a `calculateDeliveryPrice` function to handle tiered pricing (flat rates and mileage-based costs) within the `",,5ac3af5f-a909-41df-af6e-754b3bb7eae2,,Likely Supportable,green,40,,,
69c3e829ee042cb1db4f9d79,https://illustrious-velvet-spin-play.base44.app,VelvetSpins,,"The user is building a virtual casino application that features games like slots, blackjack, and roulette using virtual tokens. While the app mimics a real-money casino experience, it is explicitly designed for entertainment purposes and does not facilitate real-money gambling.

To support the econo",,2ed11bb4-01c4-4d6b-a913-673c3f4fe424,,Not Supportable,red,100,Gambling and Games of Skill,Betting / Casino / Lottery,"['blackjack', 'roulette', 'casino', 'roulette', 'blackjack']"
697a43d13f0fb3d552205c9c,https://ai-test-grader-52205c9c.base44.app,Academic Comeback,,"The ""Academic Comeback"" platform has undergone significant UI and structural stabilization. All sidebar tools now utilize a standardized `ToolView` component, which provides a consistent navigation header with a sticky back button and unified scrolling behavior. This change allowed for the removal o",,2e8c9040-38e7-4df0-bfe3-5c4896973204,,Likely Supportable,green,40,,,
69c3c39b1f0f94200d932bd1,https://axon-field-core.base44.app,AXON Field Service OS,,"The ""AXON Field Service OS"" project has achieved feature parity between the admin portal and the client-facing portal. Following a comprehensive audit of existing admin-side tools, the client portal was expanded to include dedicated sections for Bills & Expenses, Receipt Management, Contracts, Recur",,efcf939c-758c-4302-9f8b-102bac081094,,Likely Supportable,green,40,,,
69c3e835fcf6be3897506216,https://aromatic-pro-sport-pulse.base44.app,ProSport Gear,,,,24ca63bd-dc6d-48f3-92d8-f1d48d02aec8,,Likely Supportable,green,40,,,
69c3e5a5fb8a3f3a90be79fb,https://artisan-shop-prime.base44.app,Artisan Commerce,,,,3a043472-ddca-4d35-96cb-89e0b52dbfac,,Likely Supportable,green,40,,,
69c3e368a65f67ca93ef816a,https://magic-cyber-shield-play.base44.app,CyberShield Defender,,,,3d431a8c-1a73-4abe-86f7-c0abd80c4d34,,Likely Supportable,green,40,,,
69c3d57a00ee18c29fbb0264,https://joi-voice-flow.base44.app,Alexis Joi Presence,,"The user is refining a service-oriented website by simplifying its visual composition. After previously opting to replace external PayPal links with Base44 (Wix) Payments, the current focus has shifted to cleaning up the landing page design.

The user has decided to perform a ""fresh start"" on the la",,86817438-834d-4866-bb8b-50e7b8e59996,,Likely Supportable,green,40,,,
69c3d67e57fac81c132c92ca,https://gregarious-beat-vision-flow.base44.app,BeatVision,,"The user is building ""VisuaLyric,"" an AI-powered music video creator platform. The core functionality allows users to upload audio files, which the system then analyzes for mood, genre, and themes before generating a 6-scene visual storyboard with AI-generated imagery. The application features a dar",,dafcbc3a-6fb8-44b3-bfe9-76f7c0c9f684,,Likely Supportable,green,40,,,
69c31d0a3bf9af08c2cdcae7,https://sather-executive-core.base44.app,SatherOS,,"The project has focused on building and refining a specialized business intelligence dashboard for **Oak Hill Marina**, titled `OHMInventoryReturnAnalysis`. The platform is designed to process and visualize complex, multi-year financial reporting data to provide actionable insights into departmental",,65472558-b023-45ae-b3c1-14d77c23aac9,,Likely Supportable,green,40,,,
69c3cc89bbb640e71eb39011,https://helix-path-insights.base44.app,HelixPath,,"The project has evolved into a comprehensive booking and management platform for ""Lab Test and More."" Building upon the initial automated booking and payment flows, the platform now features a robust administrative dashboard. This dashboard includes role-based access, status tracking for appointment",,5513762d-0136-467c-ac91-a2500b4dea68,,Likely Supportable,green,40,,,
69c3c5a8319f0856b07c3ba8,https://shield-my-data.base44.app,ShieldData,,"The user is developing **DataGuard**, a privacy service that enables users to scan for PII and request removal from various companies under a $9.99/year subscription model managed via **Base44 Payments**. The application tracks user activity through a `Subscription` entity, with access to removal fe",,a3cdbf42-fafc-43bc-aed8-2c19b02dc0ca,,Likely Supportable,green,40,,,
69c3593a2174a6d3b4880015,https://shift-route-flow.base44.app,SHIFT™,,"The user is building **SHIFTᵀᴹ**, a subscription-based transportation management platform for work and school commutes. The platform is designed for fixed, scheduled routes rather than on-demand services, featuring distinct roles for Riders, Drivers, and Admins. The MVP incorporates a ""transit/urban",,121601d9-c566-4d3d-b517-62f964b96e90,,Likely Supportable,green,40,,,
69c3a2938e05c0e981ef4f73,https://reveal-the-mystery.docker-pr-5542.velino.org,MystiqueBox,,,,b4f5e1fc-c50e-4b69-a26b-918cf73d2c61,,Likely Supportable,green,40,,,
69c3bd2369179436f458f037,https://blossom-bloom-pay.base44.app,Blossom & Bloom,,,,7cd17df0-a3d8-45f8-b0d9-c338c321869d,,Likely Supportable,green,40,,,
69bef0402bdbe059d10c9e99,https://sensible-scooply-yard-fresh.base44.app,Scooply,,,,a7f5559c-875b-4b78-af8c-c6da3e7f4895,,Likely Supportable,green,40,,,
69c3afdff1669d0d7e4cf1f1,https://neon-smart-strike-arena.base44.app,NeonFrontier Arena,,"The user is building a top-down, sci-fi multiplayer arena shooter. The game features a dark, neon-themed aesthetic and is designed for local co-op, supporting two players with distinct controls (WASD/Arrow keys) and shared screen gameplay.

The core infrastructure uses a canvas-based renderer. Key c",,b33abf59-bed1-48d1-bd5a-1e4a2f3aaf7b,,Likely Supportable,green,40,,,
69bfa70dc448c5e34641ca99,https://uncovered-ascend-soul-path.base44.app,Ascension Path,,"The ""Beyond The Darkness"" platform has been transformed to reflect a deep connection to the Heyoka path, Native American heritage, and the Montana landscape. Key visual updates include a hero image featuring a medicine man, wolf, and eagle, complemented by tribal pattern dividers placed throughout t",,655a9258-c2cb-4eb7-b197-574be296405b,,Likely Supportable,green,40,,,
69c3a391cd60f2bb7cd7bdc9,https://aether-tarot-pulse.base44.app,Aetheric Tarot,,,,e0aafd78-8eaf-4a40-90e2-fba70fa0a1bc,,Restricted — Review,orange,25,"Unfair, Deceptive, or Abusive Practices",Psychic / Spiritual / Occult Services,['tarot']
69c39278ea96a6b7375636ca,https://witty-ascend-career-flow.base44.app,AscendCareer,,"The user is building a ""Reverse Recruiter"" application, a premium career concierge platform designed to assist job seekers with AI-driven resume optimization, job application management, networking outreach, and interview preparation. The app is built on the Base44 platform using entities for data m",,a70c1f77-7f7a-43c3-a3de-130d4ee68da0,,Likely Supportable,green,40,,,
69c3934dcfa92166da4fc734,https://quick-clarity-flow.base44.app,Explainly AI,,,,d934744b-682b-49aa-8111-6c7d607c51a0,,Likely Supportable,green,40,,,
69bd248623319715786312e9,https://uncovered-clear-court-path.base44.app,Midwest Integrity Court Support Service's,,"The user is continuing to refine the ""Midwest Integrity Court Support Services"" platform, focusing on enhancing the ""Family Court Survival System™"" workbook. The primary goal is to integrate more detailed and practical information into the workbook, specifically addressing document handling, interac",,98329d78-094e-4dae-aad4-654177ed40c4,,Likely Supportable,green,40,,,
69be648e2104755d4ffa58df,https://dan-4ffa58df.base44.app,Dan,,,,fae5778b-a5d6-4faa-b4ec-c07b6986ccd7,,Likely Supportable,green,40,,,
69847d8a29bc0c1dfb79e001,https://i-tutor-campus-connect.base44.app,i-Tutor,,"The **i-tutor** platform has been significantly expanded to include a comprehensive suite of security, verification, and classroom management features. 

**Key Technical Implementations:**
*   **Security & Verification:** New members are now required to complete an onboarding flow consisting of OTP ",,cca1b081-03e0-4ae9-846c-4bee6da38eda,,Likely Supportable,green,40,,,
699d404bacd22a47f9fc7940,https://nightsnap.base44.app,NightSnap,,"The project has evolved into a robust social engagement platform centered around a ""Credits"" virtual currency system. Users earn Credits through various platform activities—including messaging, posting, and connecting in Vibe Roulette sessions—and can spend them on premium features like profile high",,ae933909-dbb1-4c54-bd71-4d55bb4b1ab4,,Not Supportable,red,100,Gambling and Games of Skill,Betting / Casino / Lottery,"['roulette', 'roulette']"
69c367ac4998f535782a9b98,https://boto-782a9b98.base44.app,Boto,,,,14169d78-4d85-41c2-83a0-e2500d0fafe4,,Likely Supportable,green,40,,,
69bcaf015bb6f5bf8b0cfbb7,https://srv-elite-clean.base44.app,San Ramon Valley Elite Clean,,"The ""Elite Porches"" application is a public-facing service platform featuring integrated Base44 Payments. Following the successful implementation of the payment flow and a subsequent cleanup of development records, the project has transitioned into a refinement and optimization phase.

The user has ",,34b45274-0ea9-4256-a2b8-7f58570395e2,,Likely Supportable,green,40,,,
69c3873de55adb7e101227a5,https://hard-deal-hunt.base44.app,HardDeal,,"The project ""DealHammer"" has implemented its core monetization strategy using Base44 Payments (Wix Payments). The backend infrastructure now includes a `create-checkout` handler for managing subscription tiers and featured deal listings, alongside a `wix-payments-webhook` integration for secure paym",,25410061-5983-46f9-952f-e3e4f49377dc,,Likely Supportable,green,40,,,
697597ca9b534f60b0223c6c,https://creator-flow-b0223c6c.base44.app,CreatorFlow,,"The ""Take Back Your Life Today"" platform has finalized its Membership Code Management System for the 100-user launch cohort. This includes the `PromoCode` entity, which tracks tiered access levels ranging from ""Family Forever"" to various limited-duration trials and discount structures. A dedicated `",,e195709e-e069-4b53-9d96-ba6cb5c5e5df,,Likely Supportable,green,40,,,
69c36e6939061c4a31248118,https://titan-pilot-path.base44.app,TitanPlanner,,"The ""Billify"" (formerly ""InvoicePro"") application has undergone a significant visual and structural transformation to adopt a professional, growth-oriented aesthetic. The user rebranded the platform to **Billify** and requested a complete design system overhaul, which was implemented using custom Ta",,187d34b2-37ae-4468-a187-a759a28ab721,,Likely Supportable,green,40,,,
69c3719a4380be2f891876cb,https://sparkling-nexus-story-flow.base44.app,NexusStory,,"NexusStory has implemented a robust monetization system allowing authors to offer ""free"" or ""paid"" content, with mandatory free access for the first two chapters and configurable pricing for subsequent content. The project features an integrated revenue-sharing model (70/30) and an author-facing das",,20120771-7534-483d-bcbd-45684db0e6ef,,Likely Supportable,green,40,,,
69c217ef087456ae4926d91c,https://ghost-scout-maps.base44.app,URBEX,,"The user is building an Urbex (urban exploration) locations directory application. The app features a dark-themed UI, a browseable list of locations, an interactive map view using Leaflet, and detailed location pages with Google Maps embeds. Data is managed via a `Location` entity, which includes fi",,d1c258e5-44dc-4c6d-86af-87e3543f74d3,,Likely Supportable,green,40,,,
69c22698e2b0e16e430dbe47,https://jojo-430dbe47.base44.app,Jojo,,,,76ccd95c-38bb-45cf-93f8-d35682fc856c,,Likely Supportable,green,40,,,
69c0be0da66b9682e92c0227,https://translucent-wake-force-rise.base44.app,WakeForce,,"The user is developing ""Brutal Alarm,"" an application that enforces strict wake-up routines through a mandatory ""Challenge"" framework. The project has expanded from a simple alarm/timer system to a robust ecosystem featuring seven physical challenges, including video verification for water consumpti",,e124dcb5-706b-46d4-99c7-bab0a06feca2,,Likely Supportable,green,40,,,
69c36f8e620fb5f27c7a3aac,https://wisdom-well-direct.base44.app,WisdomWell,,"The project is a ""neon galaxy"" themed paid advice platform built on Base44. Recent development has focused on enhancing the administrative experience and integrating payment workflows. Key architectural updates include securing the `AdminGuard` by directly referencing `AuthContext` to prevent race c",,008a2f65-e82e-4cf3-a658-d6fe31ea8c53,,Likely Supportable,green,40,,,
69c36ca5cf761421c5eef2d5,https://velocist-shop-go.base44.app,Velocist,,,,ba68e017-ff8d-479d-98e1-3514428f0f81,,Likely Supportable,green,40,,,
69c345de2f0c9460fc5981ae,https://summit-sales-path.base44.app,Summit Sales Academy,,,,b6076dca-d61d-46bd-9395-f73bb516e376,,Likely Supportable,green,40,,,
69c1a3c0ed54f22d7346ef86,https://untitled-app-7346ef86.base44.app,Kachemak Rapid Care Ambulance,,,,b4f73d18-e514-4fb4-b1ec-207e1128c96f,,Likely Supportable,green,40,,,
69c363f99fbebdcdae0e9bb9,https://flux-drop-flow.base44.app,FluxDrop,,"The user is building ""DROPVAULT,"" a high-end dropshipping e-commerce platform featuring a product catalog, shopping cart, and an admin dashboard for inventory management and profit tracking. The core architecture uses Base44 entities (`Product`, `Order`, `CartItem`) and a React-based frontend with a",,8b53fd96-77b2-46a6-a353-a636552e88eb,,Restricted — Review,orange,30,Financial Services,Dropshipping / Resale Consulting,['dropshipping']
69c363b5b5b1393e01b03a73,https://hypnotic-join-creator-flow.base44.app,CreatorFlow,,"The user is developing a creator platform centered around an AI persona named ""BestiE,"" which functions as an AI companion for emotional support and friendship. The platform is designed to include features such as subscription tiers, fan messaging, and a monetization system for general creative or l",,03d742f2-672c-4327-90cf-e7f9de563f9d,,Likely Supportable,green,40,,,
69c35b06f0b9abbf59a83ce3,https://sober-heart-path.base44.app,SoberConnect,,"The ""Sober Hearts"" dating application, designed for the recovery community, has evolved with significant regional focus and user customization. The project now centers on the Lafayette, LA, area, with all bot profiles updated to reflect specific local cities. Feature-wise, the platform has implement",,48951bb0-a09e-42e9-9d6b-eaed9b169620,,Not Supportable,red,100,"Adult Content, Products, and Services",Dating Apps / Matchmaking / Companionship,"['dating app', 'dating']"
69c35d7ec3ea29a438d3086e,https://pokedexter-card-quest.base44.app,PokéDexter,,"The project is a Pokémon card collection and deck-building application. Recent development has focused on enhancing the user experience for social interactions, specifically improving friend searching and user management. To address limitations where the `User` entity list was empty for non-invited ",,6e15b27e-7500-4ac0-8c11-9c1ef8c20097,,Likely Supportable,green,40,,,
69c364eafbb346ea159339fb,https://gods-service-station.base44.app,God's Service Station,,,,3f3f4e15-ba50-4211-8731-cbef9459dfe3,,Likely Supportable,green,40,,,
69c35b395bf2ca4af71ba36f,https://lovely-unity-bridge-hub.base44.app,UnityBridge,,"The project is a recovery-focused social platform currently undergoing functional enhancements, including administrative chat management and automated content integration. Recent developments enabled administrators to delete both static and custom chat channels, with deletions of static channels per",,b955ef8f-a715-43e9-b94a-c99a148ee519,,Likely Supportable,green,40,,,
69c1f077e07becea6669a4c0,https://my-daily-flow-os.base44.app,DailyOS,,"""Daily OS"" is an AI-powered life dashboard featuring task management, habit tracking, and social goal-sharing, built with React, Tailwind CSS, and Framer Motion. The project utilizes Base44 for backend data management and integrates ""Base44 Payments"" (Wix) to support an $8/month subscription model. ",,101ca73f-f627-4ca0-933a-17059a9a4c34,,Likely Supportable,green,40,,,
69c35f815dca7075d7623740,https://lush-paw-path-pals.base44.app,PawPath,,"The project has expanded into a full-featured management system for pet walks, now incorporating **Base44 Payments** for automated invoicing and advanced **route correction** capabilities for walkers.

**Key Features & Implementation:**
*   **Monthly Invoicing:** Introduced an `Invoice` entity that ",,bd417042-017d-4f79-a879-1f23b70addb3,,Likely Supportable,green,40,,,
69b9ec41b183a3a454c07c84,https://vivid-swift-pay-now.base44.app,SwiftPay,,"The ""CashFlow"" application has seen significant refinements to its branding, notification system, and peer-to-peer payment features. The `OrderCard` page was updated to explicitly identify Mastercard as the physical card fulfillment partner in both the ordering and success flows. 

A new notificatio",,fe560c81-8da1-415c-9413-77821688baad,,Not Enabled for Wix,orange,100,Financial Services,Digital Banking / Money Services / P2P Payments,"['peer-to-peer payment', 'peer-to-peer']"
69c35926b5ae9f1c347139f7,https://codex-vault-reads.base44.app,The Codex Archive,,"The user is building ""The Codex Archive,"" a premium book store platform featuring a neo-classical, minimalist design with cinematic UI elements like a 3D hero section, horizontal-scroll collections, and editorial-style book detail pages. The application is built using React with a structured set of ",,6ec159ae-79f4-4f75-bbfc-31ae7c7a883e,,Likely Supportable,green,40,,,
69c1dd82028759fa8dc254f2,https://king-mod-quest.base44.app,Kings Quest Mod Menu,,"The user has built a ""Kings Quest Mod Menu"" for an unspecified target (referred to as Gorilla Tag), utilizing a dark, gaming-inspired aesthetic with the Orbitron font and high-contrast green accents. The core UI includes a central menu with toggle buttons for ""Long Arms"" and ""Mosa Speed,"" accompanie",,e360779d-2f16-494f-9834-482e6493ebd2,,Likely Supportable,green,40,,,
69c34e8a3b51fbcd2ab1cf50,https://detail-ninja-2ab1cf50.base44.app,Detail Ninja,,,,d4b544ba-260f-40c4-9ce2-0b7c9206ecd8,,Likely Supportable,green,40,,,
69c338325ae8d596e4a6ba97,https://patriot-paws-e4a6ba97.base44.app,PatriotPaws,,"The user is building an AI-powered portrait generation application featuring a credit-based system and a payment flow integrated with Base44 Payments (Wix). The application includes a user-facing dashboard for image generation, an admin interface for credit and order management, and a secure checkou",,6d6f899c-95ae-4969-beb9-2674eb71d53c,,Likely Supportable,green,40,,,
69c349c09b34883ab4990df7,https://imaginary-pick-path-pro.base44.app,DecisionFlow,,"The user is building **Decidr**, a collaborative decision-making platform. Following the removal of monetization features, the project has evolved into an invite-only community app.

**Key Technical Decisions and Changes:**
*   **Identity & Access:** Added a `username` field to the `User` entity to ",,3f22b2b5-025e-4123-a8ed-361a0af9a6e4,,Likely Supportable,green,40,,,
69c346b93d335c2a8cb6e07a,https://functional-handy-fix-flow.base44.app,HandyFix,,"The project, **CoryFixesIt**, is a fully functional home services marketplace. Recent efforts have shifted from active feature development to comprehensive quality assurance and system verification. The application is currently stable in production, with all primary user flows—including job posting,",,09cf9937-7029-4f0f-b25c-0263c0aa5f94,,Restricted — Review,orange,70,Marketplaces and Aggregators,Marketplace / Multi-Vendor Platform,['marketplace']
69c3210fb2bb03d7ca273db8,https://grok-digital-dream.base44.app,Grok Creations,,"The user has successfully integrated **Base44 Payments** (powered by Wix Payments) into the ""Grok Creations"" e-commerce storefront. The platform is now fully configured to process live digital transactions, with a backend `create-checkout` function that handles session creation and redirects users t",,d41c6e8b-19e0-498e-a311-ba764585365f,,Likely Supportable,green,40,,,
69c343dfe16894153a8f2892,https://boss-3a8f2892.base44.app,Boss,,,,e8332a83-1087-4d01-b8c4-551d2e17d1fe,,Likely Supportable,green,40,,,
69c3483e6440702dddfdf377,https://nurul-path-flow.base44.app,NurulQuran,,,,13f5c3ad-5e8b-42f6-a0ec-9736f323b8be,,Likely Supportable,green,40,,,
69c3462349978e1342dea782,https://smart-scholar-funds.base44.app,ScholarBudget,,"The user has finalized the functional development of ""ScholBudget,"" a student management application built with React and Base44 backend entities. The app includes scholarship tracking, budget management, and interactive dashboards, all styled with a consistent violet theme.

To support monetization",,a844ad3a-a54b-4a2b-82bd-ed863b6d9893,,Likely Supportable,green,40,,,
69c33ea0b5ae9f1c34712b05,https://funky-fair-share-sync.base44.app,FairShare,,"The FairShare project has undergone significant refinements focused on accessibility, dark mode visual integrity, and micro-performance optimization. Following the initial stabilization of UI/UX standards, the project transitioned to improving dark mode contrast by adjusting theme variables (specifi",,669d4f90-c73f-4aae-a8b7-48cf82ce7eb7,,Likely Supportable,green,40,,,
69c33b420a3ea8fdb25594e1,https://share-every-story.base44.app,Stories,,"The user is building ""Stories,"" a social storytelling platform featuring categorized posts (Military, Work, Funny, etc.), user interactions through reactions and comments, and a follower system. The app utilizes a warm, editorial design with `framer-motion` for animations and supports both discovery",,5235dd6d-c680-4eaa-84f4-4b4435acf488,,Likely Supportable,green,40,,,
69c3452e2f0c9460fc598197,https://pure-earth-swell.base44.app,Earth Goodness Marketplace,,,,0fb18af2-00a3-4536-926b-20f6e510aed3,,Restricted — Review,orange,70,Marketplaces and Aggregators,Marketplace / Multi-Vendor Platform,['marketplace']
69c2d9c262bea818ecb57cd4,https://swap-need-flow.base44.app,Need & Trade,,"The user is building ""Need & Trade,"" a marketplace platform on Base44, which has now been expanded into a full e-commerce solution. The system now supports both online payments via an integrated ""Base44 Payments"" (Wix Payments) gateway and offline ""meetup"" payment options. A 5% platform service fee ",,13d350e2-aff0-49b7-b9bb-af96ceafde6c,,Restricted — Review,orange,70,Marketplaces and Aggregators,Marketplace / Multi-Vendor Platform,['marketplace']
69c341413bf9af08c2cdd724,https://tampa-track-go.base44.app,Tampa Track,,"The user is initiating a project to build a modern web application based on the design and functionality of ""TRAC Tampa"" (trac_tampa.homestead.com). The project is in its inception phase, with the current goal of translating the reference site's structure and purpose into a modern, responsive Base44",,bcdd72f5-9444-47af-b53e-2dbf5c074a7e,,Likely Supportable,green,40,,,
69c339a5c7667ee026f61186,https://vendara-26f61186.base44.app,Vendara,,The user has successfully integrated **Base44 Payments (powered by Wix Payments)** into the Vendara platform to enable monetization. The core technical implementation included the creation of a `create-checkout` backend function to handle secure payment session construction and the addition of a `Th,,94502a9b-daac-4916-9aa8-a5d821447e94,,Likely Supportable,green,40,,,
69c0b566898f7c0fb44f655b,https://lanka-home-link.base44.app,LankaRoomUSA,,"The project has shifted focus towards streamlining the user experience by removing redundant verification steps and simplifying the onboarding flow. A key architectural change involved decoupling email verification from the profile setup process; it is now only required during the ""Post Ad"" flow. Ad",,10005ce8-86e7-4aad-9611-75156bf7323b,,Likely Supportable,green,40,,,
69c34024c1a620f2c2cc13b3,https://macho-arcana-insight-flow.base44.app,ArcanaInsight,,"The tarot reading platform is now in an advanced state, with recent efforts focusing on optimizing the admin workflow for order management. Key additions include a new `DeliveryTimer` component that dynamically tracks order deadlines based on their specific delivery tier (24h, 48h, 72h), providing v",,7309a743-94d5-4319-9328-9a0951d5ef9f,,Restricted — Review,orange,85,"Unfair, Deceptive, or Abusive Practices",Psychic / Spiritual / Occult Services,"['tarot reading', 'tarot']"
69c33d3d58c721960d9beb53,https://lovely-smart-trade-flow.base44.app,QuantPulse,,"The ""NeuralTrade"" platform has been comprehensively refined for mobile-first compliance, adhering to Google’s navigation and hardware integration standards. The navigation system now features a synchronized stack-based back navigation, specifically mapped to Android's `hardwareBackPress` events thro",,145a4635-5ada-426e-a84e-13cafead7d89,,Likely Supportable,green,40,,,
69c1e95e3c392257eca9eb9a,https://stack-your-gains.base44.app,STACKOS,,"The user is building **STACKOS**, a SaaS platform for monetizing digital income streams, with a focus on implementing ""Base44 Payments"" (Wix Payments) to gate access to premium content. Key technical efforts have centered on building a robust checkout flow, which includes a backend function `createC",,c9328cd2-1e15-4909-8391-e09e8fce6808,,Likely Supportable,green,40,,,
69c33461905e73686dde7740,https://anu-6dde7740.base44.app,Anu,,,,0368e9da-64e3-49f3-b7ab-e7ac948c0017,,Likely Supportable,green,40,,,
69c2ceb71f3fe657e1a8b45e,https://zynerawell.base44.app,BioSync,,"The project is a premium, clinical-aesthetic e-commerce platform (""BIO-SYNC"") for wellness, peptides, and digital health plans. The application uses a ""lab-inspired"" design system with a refined color palette, implemented via Tailwind CSS and Base44 entities to manage products, orders, and reviews. ",,a2a1782a-5a3e-48bf-baca-ac3813d69ed7,,Restricted — Review,orange,40,Healthcare Products and Services,Prescription Pharmaceuticals,['peptides']
69c334ee0a5fb8ec4611d043,https://above-average-growth.base44.app,Wayabove Average Media,,"The user is developing ""Wayabove Average Media,"" a marketing and content promotion platform on Base44, with a current focus on implementing a functional checkout flow using Base44 Payments (Wix Payments). Key development efforts centered on resolving a checkout failure where the frontend could not p",,0d3ea204-8211-4261-bedb-fa45719b8ff2,,Likely Supportable,green,40,,,
69c0099741fc95f174da041a,https://pinball-pro-hub.base44.app,PinballPro,,"The user has been enhancing a pinball tournament management platform, focusing on administrative workflows and score management. The following key developments have occurred:

*   **UI/UX and Bug Fixes**: Recent technical efforts focused on resolving JSX structural issues in the `SubmitScoreForm` co",,85a18efe-af09-47ea-8a12-f44a2fb72f6f,,Likely Supportable,green,40,,,
699be14e0716a424a3af18f9,https://alnoor-light-guidance.base44.app,Al-Noor,,"The **Al-Noor** project has undergone significant UI refinements, specifically focusing on the `WelcomeScreen` component to ensure a stable, high-quality, and scroll-free presentation. 

Key changes and decisions include:
*   **Visual Presentation:** The splash screen design was iteratively adjusted",,90d8f92c-61f0-4606-97ed-5e84c5caeda9,,Likely Supportable,green,40,,,
69c3365974f1e9309810354c,https://kinetic-anime-flux.base44.app,KineticInk,,,,5b0edf64-4e59-4934-a6f5-af235d74075c,,Likely Supportable,green,40,,,
69c3378d220f8f8223be30df,https://amorphous-spark-vision-labs.base44.app,IdeaAnalyzer,,"The user has successfully implemented an authentication gate on the `Pricing` page. By integrating the `useAuth` hook into the pricing component, the system now checks the user's authentication state before initiating the checkout process. 

If a user attempts to select a subscription tier while una",,7a79094d-26f3-4dd8-b16b-7fdc84159120,,Likely Supportable,green,40,,,
69c3346539061c4a312466a0,https://pro-fan-play.base44.app,FanBase AI,,"The ""Fan Recruiters Inc."" project has expanded to include a comprehensive ""My Stats"" dashboard. A new `MyStats.jsx` page was created to track personal performance metrics, including prediction accuracy, win streaks, points earned, and credit ROI. This page also features a league-by-league performanc",,4ff45679-b5ce-4383-b6cd-ec36ac2e5b47,,Likely Supportable,green,40,,,
69c223e14bbb218fc98cff76,https://judicious-biz-launch-flow.base44.app,BizLaunch Studio,,"The user is building ""BizLaunch Studio,"" an AI-powered business branding platform. Recent development has shifted to integrating Base44 Payments (Wix Payments) to manage the subscription and one-time payment flows for the Pro Monthly ($9.99), Pro Yearly ($99), and One-Time ($19.99) plans.

To facili",,7008b10d-4d57-466b-9231-3ede1740079e,,Likely Supportable,green,40,,,
69c1a8ee7f161cbcebff0a3a,https://tireless-neon-shift-speed.base44.app,Project: Nitro Type,,"The project has expanded its achievement system to include the ""King of the Race"" (KotR) series, which features 101 progressive tiers ranging from 100 to 1,000,000 total races. Each tier provides unique, escalating rewards in the form of exclusive cars or trails. Technically, this involved updating ",,ab42840c-9e5c-4616-8f72-1671f6abd367,,Likely Supportable,green,40,,,
69c334521ac7a43992b28ae7,https://chaparral-thrift-vault.base44.app,Chaparral Vintage,,"The project, ""Chaparral Vintage,"" is continuing to refine its product presentation and prepare for payment integration. Recent actions include generating updated product images, specifically for the red and blue Nike Texas Rangers shirts, ensuring the ""T"" logo is accurate and consistent. The team al",,ffe80ac5-ac4b-49a0-a09a-e2228270b076,,Likely Supportable,green,40,,,
69c33632435ced76db11a822,https://craft-cuts-lawn.base44.app,CraftCuts,,"The user is building a professional website for ""Craft Cuts Lawn Co.,"" a lawn care business. The project includes a comprehensive landing page featuring hero imagery, detailed service descriptions, a tiered pricing section, an ""About Us"" section, customer testimonials, and contact information.

A ke",,450c39bd-cb26-4226-a180-51afcf7516a9,,Likely Supportable,green,40,,,
69c32c642174a6d3b487f60b,https://boisterous-rapid-trade-pulse.base44.app,StockPulse,,"The ""Stockaholic"" project has finalized the transition of its UI architecture to support a high-speed trading dashboard. The application continues to prioritize a sub-3-second load time, utilizing a `localStorage` caching strategy with a 24-hour TTL and background LLM refreshes via Base44's `InvokeL",,119a3fff-7d1e-4334-8e99-ff93c5bb11f0,,Likely Supportable,green,40,,,
69c30a54ed8a0f7d9e124806,https://win-timeless-chronos.base44.app,Chronos Giveaways,,"The user is building a ""Kef Life"" giveaway platform on Base44. The project has transitioned from an initial Stripe integration (which faced backend capability restrictions) to implementing **Base44 Payments (Wix Payments)**. 

Key changes and status:
*   **Tier Structure Refinement:** The entry tier",,1bdbe42f-84c9-4985-ab2c-090a8d1da30d,,Not Supportable,red,100,Gambling and Games of Skill,Lottery / Raffle / Giveaway with Purchase,"['giveaway platform', 'giveaway']"
69c33087ddc4d2d712af2228,https://cincy-river-blast.base44.app,RiverBlast,,"The project, ""Cincy Steamboat Blast"" (`bigplayblast.com`), is a mobile-focused PWA designed for the ""River Stadiums"" platform. The application is in the final stages of production readiness, with development currently focused on domain configuration and finalizing the integration of Base44 Payments ",,cafbaa70-0b4c-4b81-a0d4-557b1c3daed1,,Likely Supportable,green,40,,,
69c1b5b4f545be0d9fbfa2f5,https://fitcheck-2.base44.app,Fitcheck,,,,6e5f2d77-0a69-4ebf-b015-1119c1de005c,,Likely Supportable,green,40,,,
69c32c8e3859e6617027f9f7,https://disenos-inteligentes-carpinteria-c-7027f9f7.base44.app,Diseños Inteligentes Carpintería (Copy),,,,442d03b8-e1c5-4441-9777-099c1e7239cd,,Likely Supportable,green,40,,,
69c31ac95b60b1883f865c3a,https://james-3f865c3a.base44.app,James,,,,572c5164-1160-46e7-b9bb-87ac52fa408b,,Likely Supportable,green,40,,,
69a903213d2e84447710e060,https://prompt-tidy-craft-ai.base44.app,PromptCraft AI,,"The project is currently implementing a ""Base44 Payments"" integration to facilitate a 7-day free trial for Pro features. The system requires users to provide payment information upfront, with logic designed to automatically trigger a paid upgrade on day 8 and manage account status updates based on p",,a04740c3-7510-4cb4-9b49-b9b20e11a216,,Likely Not Supportable — Review,red,30,"Unfair, Deceptive, or Abusive Practices",Negative Option Marketing / Hidden Subscriptions,['free trial']
69c32ad5a227235b10314187,https://monolith-score-build.base44.app,Monolith Credit Studio,,,,978a0b4d-c897-4fe1-8af9-aee22b942c6d,,Likely Supportable,green,40,,,
69c0edaff4c555649bfa6fc5,https://woodoo-life-sync-hub.base44.app,LifeHub,,"The platform has successfully completed its transition from ""LifeHub"" to **AutoPaw**. The application has been refined into a highly polished, user-centric management tool for vehicles and pets, featuring a new landing page (`/welcome`) as the default route, while the core management features have b",,6bd10b2e-41d4-44c2-ad08-5f60877ab9bb,,Likely Supportable,green,40,,,
69c30fc77edbd75ee061ab4e,https://larkista-artis-studio.base44.app,WallArtis,,,,484eda6a-a130-49f0-9e46-b58bc8d1b52c,,Likely Supportable,green,40,,,
69aedd148ba40c665faff826,https://eco-pickup-flow.base44.app,TH?NK CLEAN,,"The ""CleanHaul"" project has successfully resolved the QR code reliability issues. The `QRCodeSection.jsx` component was refactored to use the `qrcode` library to render the application URL directly onto an HTML canvas. This ensures the QR code is generated dynamically and functions correctly, elimin",,33dfb75e-298d-4580-8443-8a1aff5bdf48,,Likely Supportable,green,40,,,
69c2fd877bb2ddd82c4cc141,https://code-summer-bright.base44.app,SummerCode Academy,,"The user has successfully transformed their coding camp website into a fully functional, online-only program. Key updates include the definition of an 8-week curriculum (starting June 8th, held Mondays and Thursdays at 5:00 PM), a pricing model of $50 per student, and the addition of technical prere",,cbd2d90c-88eb-4b55-8719-e52ebb95c8be,,Likely Supportable,green,40,,,
69c2728870fc8023edb2b0ad,https://furry-tap-pulse-play.base44.app,TapPulse,,"The project is an interactive ""Gem Clicker"" game built with React, Tailwind CSS, and Framer Motion. Key features include a persistent click loop with particle effects, a multi-category tabbed upgrade shop with over 60 items, a dynamic theme system based on prestige levels, and a ""Welcome Back"" mecha",,5b05a058-685a-42cd-a83b-d6fe727be3d2,,Likely Supportable,green,40,,,
69bf481a9a60157b8f26c64a,https://hoop-snap-score.base44.app,Hoop Tracker,,,,4969c073-3177-484f-b299-4d9cb1e886c3,,Likely Supportable,green,40,,,
69c3293d6440702dddfdef5f,https://chaney-films-craft.base44.app,Chaney B Films,,,,ab803cd2-c280-45b7-9012-0f0565abf682,,Likely Supportable,green,40,,,
69c1e9bb84dc9b51cd9efacb,https://island-blox-zone.base44.app,Tropical Blox,,"The ""Tropical Blox"" project has evolved into an interactive platform featuring a ""Fruit Gacha"" mini-game accessible at `/play`. Recent development has focused on routing, sidebar integration, and search engine optimization by updating `index.html` with specific meta tags to improve discoverability f",,5ed3b413-7a44-4018-b43e-b5daa91493e3,,Not Supportable,red,70,Gambling and Games of Skill,Virtual Casino / Loot Box / Cash Prize Games,['gacha']
69c1d662d9ffaf58f4bc84bf,https://murphy-teisch-show-copy-f4bc84bf.base44.app,Murphy & Teisch Show ,,"The project has evolved into a comprehensive horse show management platform with distinct portals for organizers, judges, and participants. Key developments include the integration of Wix Payments for secure entry fee processing, the implementation of a dedicated `/judge` portal with custom credenti",,1bd3c105-e399-4d7c-8e07-4c9f8c3f124f,,Likely Supportable,green,40,,,
69c324fb739c3c2f11fec10b,https://resolute-prop-logic-edge.base44.app,PropLogic,,,,7116fd55-f893-4437-90a1-ae041ac9eae5,,Likely Supportable,green,40,,,
69c321e3dbb59bf975501187,https://restore-your-value.base44.app,EquiClaim,,"The user is developing ""The Recovery Engine,"" a platform for managing diminished value (DV) insurance claims. The core architecture is complete, featuring a dashboard, multi-step claim intake, a 50-state legal database, and document generation tools (demand letters, evidence reports, and instruction",,42ecbd4f-655c-43e2-aff2-c9c9060b5cf4,,Likely Supportable,green,40,,,
69c32011b3e1f6f99f782103,https://ethereal-insight-flow.base44.app,Ethereal Insight,,"The user is developing ""Tori's Mystic Readings,"" a psychic and tarot booking platform powered by Base44. The project incorporates ""Base44 Payments"" (Wix) for booking, now supported by a `create-checkout` backend flow. Recent developments have focused on expanding site functionality: a `Review` entit",,e6386538-6166-483a-bfa3-6a72cf39dbcb,,Restricted — Review,orange,60,"Unfair, Deceptive, or Abusive Practices",Psychic / Spiritual / Occult Services,"['tarot', 'psychic', 'mystic']"
69a37b6b2a65ca60bd4866c8,https://aboriginal-bella-italia-go.base44.app,Bella Italia Navigator,,"The ""Pasta Parlare"" application has transitioned to a one-time payment model using Base44 Payments, with pricing and checkout flows integrated into `HomePricing.jsx` and `EmbeddedCheckout.jsx`. Recent development focus shifted to UI refinement for the `InteractiveMap.jsx` component, where CSS issues",,ef5aa6c9-091c-4cc7-805d-0524099425ee,,Likely Supportable,green,40,,,
69c324056c47c295bdaaffda,https://track-your-follicle.base44.app,FolliTrace,,"The user is developing ""Follicle,"" a hair growth tracking application. Key features implemented include a progress dashboard, a premium gating system with admin bypass, and an integrated camera/upload interface for tracking hair density. Recent refinements focused on enhancing the user's photo-takin",,e30d3cdc-068f-4f1e-91c7-4a31a911c487,,Likely Supportable,green,40,,,
69c324eb3915d062967a4856,https://annoying-skill-bridge-pro.base44.app,SkillBridge,,,,b149dc07-3b35-468b-b0c7-4bacc9a4a3f8,,Likely Supportable,green,40,,,
69c3221a4074520725880b58,https://daring-luminal-edit-lab.base44.app,Luminal AI,,"The ""Image of Perfection"" project has moved into a final stabilization and bug-fixing phase, with a focus on resolving UI interaction issues that specifically impact mobile performance. Key efforts have focused on ensuring a robust user experience for photo uploads and editor state management.

Key ",,7b9779a1-7b12-43c8-8c91-9040bf568901,,Likely Supportable,green,40,,,
69c31e7fffbdcb6243416798,https://digital-circus-quest.base44.app,The Amazing Digital Circus Quest,,"The user is developing ""The Amazing Digital Circus,"" a web-based game featuring nine distinct challenge rounds integrated into a React, Tailwind, and Framer Motion frontend. The game flow includes a character selection screen (featuring cast members like Pomni and Jax with unique perks) and a progre",,921852a6-9598-435b-8d78-7b1ccd13ec57,,Likely Supportable,green,40,,,
69c31fd99cfd72294cff084a,https://misty-nurture-local-link.base44.app,NeighborLink,,"The user is finalizing ""NeighborHub,"" a hyper-local task platform, with a focus on integrating Base44 (Wix) Payments and achieving a high-fidelity mobile experience. Key features added include a secure checkout flow for service payments using `create-checkout` and `PaymentSuccess` components, which ",,e8f7a716-adfd-446d-91f7-2425a55b95ad,,Likely Supportable,green,40,,,
69c316cfbaf82f23cc0f0492,https://pick-path-parts.base44.app,PartPicker,,"The user is developing **""PullParts,""** an escrow-based marketplace for automotive parts, with a focus on localizing to the Detroit, Michigan area. The platform uses Base44 Payments for transactions. The development has involved populating the `PartRequest` entity with sample records representing pa",,493420d7-c1c4-4877-8090-2f76bc3b9611,,Restricted — Review,orange,70,Marketplaces and Aggregators,Marketplace / Multi-Vendor Platform,['marketplace']
69c319f2e1bb5a89e1abeb8d,https://tamuz-bio-lab.base44.app,Tamuz Bio,,"The ""Tamuz Bio"" project is an order and inquiry management system currently focusing on professionalizing its transactional email and payment workflows. The project has successfully moved its Telegram integration to a webhook-based architecture and is now transitioning from the built-in `Core.SendEm",,b7a1237b-f089-4ac1-b170-d15eb769f478,,Likely Supportable,green,40,,,
69b6e86ebbe9058f54203f93,https://psychedelic-prosper-flow-pro.base44.app,ProsperFlow,,"The user is developing a personal finance application with a focus on investment tracking. A `BrokerAccount` entity has been defined to store portfolio data, and a new `LinkedBrokers` component was created to allow users to manually manage broker accounts or import investment data via CSV. This comp",,4f4c221b-557d-4ca1-81c6-ce63b9afd988,,Likely Supportable,green,40,,,
69a7bd436c393add9793fb65,https://slidewayz.base44.app,Slidewayz. ,,"The project has evolved into a functional e-commerce storefront with a streamlined homepage and a robust shopping cart system. Key updates include the removal of legacy landing page sections like ""Features"" and ""Testimonials"" to focus on the `HomeProductGrid`. Navigation and user flows were signific",,6c2b66ae-51ba-414f-91c7-fea54ebdc647,,Likely Supportable,green,40,,,
69c309e30e784b1a5a459e5f,https://wandering-profit-scout-flow.base44.app,ProfitScout AI,,"The project has successfully transitioned to a credit-based consumption model for Pro users, moving from ""unlimited"" access to a structured 100-credit system. The platform now includes a `CreditsModal` for purchasing additional bundles via a new backend `create-credits-checkout` function, with webho",,910df5f0-fe7e-4202-91d6-fb45eb97dbfb,,Likely Supportable,green,40,,,
69c2e24e5d9e7a9fca457071,https://sweet-cottage-bakes.base44.app,Patty's Cottage Treats,,"Patty’s Cottage, LLC is developing an e-commerce platform using Base44 entities and a custom cart management system. Key features include an `/admin` inventory management panel and integration with Base44 Payments (via Wix Payments) for checkout.

Recent development has focused on UI refinements to ",,9bb45e7b-7909-4f2c-97e5-c4932376395e,,Likely Supportable,green,40,,,
69c30c1512e0b46791fe320e,https://grace-tunes-hub.base44.app,GraceTunes,,"The ""GraceTunes"" project continues to transition from placeholder demo content to fully functional audio playback. Building on the previous work of sourcing tracks from the Internet Archive, the remaining entries in `data/songs.js`—specifically ""Oceans (Where Feet May Fail)"" and ""Way Maker""—have bee",,ff206a4a-1d5b-445b-8165-1310bc94612a,,Likely Supportable,green,40,,,
69bb68b9dad038448937c676,https://syncora-app.base44.app,Syncora,,"The user is refining the ""GoalFlow"" productivity app by standardizing its UI and navigation. The design system has been shifted to a clean, black-and-white aesthetic, and the navigation structure was updated to include Home, Goals, Calendar, Pro, Import, and Settings.

A new global status banner was",,fe7e42af-8e24-4646-90ae-c6d3380cc0f9,,Likely Supportable,green,40,,,
69c303912fbd6031618f765d,https://swinging-life-lens-flow.base44.app,LifeLens,,"The user is building ""LifeLens,"" an AI-powered personal life strategy application, and has recently begun integrating ""Base44 Payments"" (Wix Payments) to support a paywall feature. 

Development focused on resolving a `SyntaxError` in the `PaywallModal` component, which occurred when the frontend at",,7a470378-b4cb-49ea-b449-f385aa4f9656,,Likely Supportable,green,40,,,
69b86bab8cd048503be75b22,https://stemlete-launch-pad.base44.app,Stemlete,,"The project continues the development of ""Stemlete,"" a platform for STEM and biotech career guidance. Recent efforts have focused on enhancing site-wide SEO, optimizing user conversion tracking, and refining the front-end user experience.

Key technical changes include the implementation of comprehe",,dca362b0-80f5-489a-b3c0-84053c134f49,,Likely Supportable,green,40,,,
69c2ff1501bc855e95d904e0,https://homeworkheroai.base44.app,Homework Hero AI,,,,e8eab722-89b3-4885-a036-0be09917fb8e,,Likely Supportable,green,40,,,
69c1859a7625fada415d51b6,https://terra-scout-pulse.base44.app,GeoGrowth AI,,"The project is a career intelligence and service business management platform that integrates scheduling, quoting, expense tracking, and vendor management. Recent development has focused on commercial readiness through Base44 Payments integration and the implementation of an automated cost-monitorin",,2994f441-345e-4032-8605-407bb23ed159,,Likely Supportable,green,40,,,
69b9811e6aa621be31d480e8,https://savory-serve-flow.base44.app,SavoryPOS,,,,0a94d926-ca7b-4b46-91e2-981cd80c94f5,,Likely Supportable,green,40,,,
69c2db8eda7914b21dd637ad,https://lifeflow-app.base44.app,Lifeflow,,"The ""LifeFlow"" application has been significantly expanded with advanced tracking and coaching features. The system now includes a **Water Tracker**, allowing users to log daily intake in either glasses or liters via a dedicated side-panel interface, and an **AI Coach** page that analyzes historical",,44583d24-3463-4465-bff7-13be7933b20e,,Likely Supportable,green,40,,,
69c2fd4e53c116d61c71a378,https://ninja-1c71a378.base44.app,Ninja,,,,346c7012-0be7-4f79-9664-2af08f3cc6da,,Likely Supportable,green,40,,,
69c1a04b0051623d6b619f23,https://untitled-app-6b619f23.base44.app,Glitter,,"The user is developing a music artist website called ""Glitter"" and has transitioned to using Stripe for payment processing after initial issues with the platform's default payment solution. The backend logic for Stripe checkout sessions is fully implemented in `create-checkout-stripe.js`, and the `C",,9f306993-fbe4-4661-a6be-c9dfb24e1dc2,,Likely Supportable,green,40,,,
69b9bed09077be297736e289,https://betlabanalytics.base44.app,BetLab Analytics,,"The project has achieved a stable backend state following a comprehensive audit and verification of all core API functions. Key backend operations—including `getBets`, `createBet`, `analyzeBettingPatterns`, `manageBankrolls`, and `grantFreeReport`—were validated for operational integrity. A critical",,26c8dfe0-e676-4ff0-a0d0-bc131e6c12f9,,Likely Supportable,green,40,,,
69446785b39abfe7d75add5c,https://syn-starz-d75add5c.base44.app,SynStarz,,"The user has expanded the SynStarz platform by introducing a ""Support the SynStarz"" section on the Home page. This section features three tiered subscription cards—The Fan ($5/mo), The Producer ($15/mo), and The Executive ($50/mo)—designed with a dark, glassmorphic aesthetic, neon borders correspond",,b1bea767-a1f3-4747-86ae-80e4888954a3,,Likely Supportable,green,40,,,
69c02c9a56f925020107406d,https://your-linage.base44.app,FBA Lineage Tree,,"The project is a web application on the Base44 platform, currently focused on implementing a secure paywall system using Stripe. Key development activities included configuring the `STRIPE_SECRET_KEY` for production, integrating payment verification, and updating user access logic to ensure persiste",,f2c316e8-93e8-4e80-ba7d-9db7d0614f0e,,Likely Supportable,green,40,,,
69c2ee33ad27850280065ff4,https://spiffy-solve-wise-snap.base44.app,SolveWise,,,,d03a2f0c-7115-471c-abd9-e0ba72751838,,Likely Supportable,green,40,,,
69b8a42e162de68039df5e44,https://bible-mind-path.base44.app,BibleMind,,"The user has finalized the **BibleMind** application, successfully integrating Wix Payments to enable a premium subscription model. Key developments included the implementation of a `create-checkout` backend function, a `ThankYou.jsx` post-payment redirect page, and the protection of premium feature",,16d14fb3-e1e2-4627-8219-5d8a58f63986,,Likely Supportable,green,40,,,
69c2e96459fa9d0f398f3c50,https://imported-peak-site-pulse.base44.app,SiteScore AI,,"The user is building ""SiteScore AI,"" a SaaS web application that performs professional website analyses and generates detailed reports using the Lighthouse API and AI-driven insights. Key features include an interactive dashboard, comparative website analysis, a white-labeling system for report cust",,9f651d63-3b67-4b2c-b659-8b5580b86e4d,,Likely Supportable,green,40,,,
69a62e760003429da3e6f6c2,https://finicky-timeless-thread-style.base44.app,Grail Garden,,"The user is developing the ""Grail Garden"" e-commerce store, which utilizes Base44 Payments (Wix Payments) for checkout. Recent work has focused on UI refinements, including adding a support contact email to the footer.

The project is now shifting toward order management functionality. Following a d",,f6513b2b-a801-48ee-b249-744e057ee59f,,Likely Supportable,green,40,,,
69c2c68f88d50d9d421494c3,https://chef-in-seven.base44.app,ChefIn7,,"The user transitioned from an initial interest in dropshipping an AliExpress product to building a modern, high-converting landing page for a digital product: a 7-day cooking eBook titled ""CookIn7"". The objective is to create a clean, interactive, and trustworthy experience that guides beginners thr",,65222dde-913f-4eeb-ad19-28d88c5a860b,,Restricted — Review,orange,30,Financial Services,Dropshipping / Resale Consulting,['dropshipping']
69c2e4f8cdf1f705c59bb84f,https://intel-path-global.base44.app,GlobalIntel Translate,,"The project has established a comprehensive ""Special Client"" notification system. This system automates article distribution based on client preferences, featuring two new entities: `SpecialClient` for contact and preference storage, and `ClientDelivery` for tracking deliveries.

Key features includ",,9e5a2a5b-2261-4959-b17b-ab98d59b4026,,Likely Supportable,green,40,,,
699d339e9e8b5d6a463bbc32,https://med-transit-go.base44.app,Patient Access Transport,,"The ""Patient Access Transport"" application has been significantly expanded to include a secure **Driver Portal** and an automated **Dispatch Engine**. The Driver Portal allows drivers to log in, manage their weekly availability (days and shift hours), and update the status of assigned trips in real-",,d39f55cb-c726-48e2-8bed-938efee8f3e6,,Likely Supportable,green,40,,,
69a31e48828796327d81d06f,https://captured-plutocareus-7d81d06f.base44.app,Captured: plutocare.us,,"The PlutoCare project has completed a major conversion rate optimization (CRO) overhaul, focusing on the category and Product Detail Pages (PDP). The primary structural change involved shifting from internal-facing, technical documentation toward benefit-driven messaging. The app now features a unif",,b91f4297-fc5c-4fa5-bc45-227263141fa8,,Likely Supportable,green,40,,,
69c2da0f5f135546b3eb6700,https://quick-neon-win-pulse.base44.app,NeonBet,,"The user is building ""Donut Gambling,"" a comprehensive browser-based casino platform. The application features seven distinct games: Mines, Chicken, Coin Flip, Limbo, Dice, Plinko, and Roulette, all developed with a sleek dark-themed UI, Tailwind CSS, and Framer Motion animations. Core infrastructur",,b223a575-dfe3-48e9-bf71-4e53dd357c70,,Not Supportable,red,100,Gambling and Games of Skill,Betting / Casino / Lottery,"['roulette', 'casino', 'roulette']"
6997addfdd1a2ccc5304add4,https://kingscandycards.base44.app,KING'S CANDY CARDS,,"The user is building an e-commerce application called ""candy cards,"" featuring a dark-themed UI and product management via Base44 entities. Recent work involved finalizing the visual style and updating the product catalog, specifically setting the image for the ""Charizard Japanese"" card entity.

The",,2a9535e2-e8ff-440b-ad96-04edab09f0f2,,Likely Supportable,green,40,,,
69a1779d9d7c2c2469592e06,https://consequence-cruise-copy-69592e06.base44.app,Consequence Cruise (Copy),,,,4228f83e-4913-4767-afa0-5ecbd2e78787,,Likely Supportable,green,40,,,
69c04e2701f7b3fd69669c44,https://table-translate-go.base44.app,TableTranslate,,"The **TableTranslate** project has evolved into a comprehensive restaurant management platform featuring an online ordering system, an internal admin dashboard for order processing, and a CRM for managing restaurant clients. Key features include an `Order` entity for real-time status tracking (from ",,9363f652-1842-4504-bc53-34e94d5ed671,,Likely Supportable,green,40,,,
69bf427b40d05bc8acc66732,https://batman-acc66732.base44.app,Batman,,,,e5ed7a95-bbaa-4c8e-94b3-4eae48aa0e9b,,Likely Supportable,green,40,,,
69c2b487d381753744a7bb4b,https://fractal-smart-study-sync.base44.app,ScholarMind,,"The user has successfully built a ""StudyAI"" web application designed for processing questions against provided text passages. The app features a clean, dark-themed UI with a split-screen layout, utilizing Tailwind CSS, Framer Motion for animations, and the Base44 `InvokeLLM` integration to generate ",,feb723b1-be79-455d-9396-691a4ee27487,,Likely Supportable,green,40,,,
69bd55e51fbc608fbdef2ca1,https://sweet-treat-tales.base44.app,Sweet Arfferings,,"The ""Sweet Arfferings"" project has been expanded to include a robust product management system and payment processing capabilities. A new administrative interface at `/admin/products` was developed, allowing for the comprehensive management of product listings, including primary and gallery images, ",,b2a8fe70-20d6-42db-9bc7-62d5adf88ad6,,Likely Supportable,green,40,,,
69c2b8242413d832dfab8bda,https://soft-velour-velvet-vibe.base44.app,Velour & Velvet,,,,aa14845a-bc66-4160-8aa7-9780e0e56858,,Likely Supportable,green,40,,,
69c2af968e1fbd7265fc3ba8,https://arcade-arc-deals.base44.app,ArcadeArc,,,,5e206f9f-47a5-44a9-b077-0d057b214362,,Likely Supportable,green,40,,,
69540c65e5601b7f21e49f2b,https://property-insight-ai.base44.app,Property Insights,,"The ""Property Insights"" project is focused on building a multi-role real estate platform. Recent efforts have centered on refining user profile management and global navigation, ensuring that the interface scales to support diverse user types including Home Seekers, Real Estate Agents, Investors, an",,7086d2eb-376e-4f80-8b92-7e15eabd88ff,,Likely Supportable,green,40,,,
69c2a9a66777df0edabfd961,https://reset-maddix-path.base44.app,Sheldon Maddix Reset,,"The user is building a professional coaching and speaking website for ""Life & Career Reset Coach"" Sheldon Maddix. The project features a premium dark-themed design with gold accents, organized into core sections: a Home page highlighting the ""RESET Method"" framework, a Coaching page with two distinc",,1a386d74-8729-45f2-9430-d45cddaf98f3,,Likely Supportable,green,40,,,
69c04d88e3426d9f4944dc79,https://observant-hydro-flow-mate.base44.app,HydroFlow,,"The hydration tracking application is expanding its navigation and user management features. Key UI updates include the addition of a dedicated ""Reminders"" link to the primary navigation footer, represented by a Bell icon, which routes users to a new, focused `Reminders.jsx` page. This change replac",,b3b76726-9ea9-450b-9ca4-11bea6276f8a,,Likely Supportable,green,40,,,
69c29edfd9095bc1e5d71112,https://five-impact-hub.docker-pr-5542.velino.org,FiveFoundation,,,,38520d89-3f60-4593-bb9d-343668c3dd36,,Likely Supportable,green,40,,,
69bb175b8b7ad64ca3b00827,https://fairway-vault-pro.base44.app,FairwayVault,,"The project is an e-commerce platform for golf webinars utilizing ""Base44 Payments"" for checkout and automated email notifications. Recent efforts have centered on refining the administrative interface, including the complete removal of the ""Retail Value"" field from all shop items, auction listings,",,d987671d-c187-4b1b-8fe6-29e4e8001c3b,,Likely Supportable,green,40,,,
699f34dbf023684a32c20fa2,https://pixel-lens-view.base44.app,Pixel Lens,,"The user has continued to refine the ""SHOTSBYJ"" photography portfolio, focusing on both aesthetic updates and functional e-commerce integration. Key changes include updating the hero image on the `pages/Portfolio` page and implementing a new checkout flow on the `pages/Presets` page.

To facilitate ",,c488dfa6-4f45-4428-a72b-7333f3dd7338,,Likely Supportable,green,40,,,
69b2faf245b34331048210fe,https://meow-mate-tech.base44.app,MeowMate,,"The ""MeowPal"" project (formerly ""MeowMate"") is a landing page platform for AI-driven cat care products. Recent development has transitioned from basic landing page refinements—such as embedding a YouTube demo video in the `Hero` section and replacing the ""Watch Demo"" button with a ""Sign In"" button—t",,5a952024-4c04-42ae-89e7-356edf570a68,,Likely Supportable,green,40,,,
695537977785b014b1756fcf,https://vacation-planner-copy-b1756fcf.base44.app,My Vacation Planner,,"The user is building a travel planning application featuring a gallery and a ""Trips"" page populated with test data. The project has successfully integrated Base44 Payments (Wix Payments), including the implementation of a `createCheckout` backend function and a `ThankYou` page to manage the payment ",,e50014c0-e770-4b88-9ed1-3fad970405a4,,Likely Supportable,green,40,,,
69b9aea6aec0be8efb00868d,https://crystal-financia-smart-path.base44.app,Financia,,"The project has been expanded to include a comprehensive TV service request system. This new module enables a public-facing portal for customers to submit service requests, which are then managed through a dedicated administrative dashboard. Key data entities created include `TVServiceRequest` for t",,c8ed016a-816a-4b1a-9615-e1aabd5dcb1d,,Likely Supportable,green,40,,,
699349a085aff405c8d8829a,https://merciful-vibe-match-now.base44.app,Vibe Match,,"The user is finalizing the Vibe Match application for public launch, focusing on bridging the gap between a feature-complete prototype and a production-ready product. Key developmental efforts have centered on implementing a premium subscription model, which involves managing user platform preferenc",,cd3e41fc-3b55-4d21-92f1-a75fad8a39b0,,Likely Not Supportable — Review,red,40,"Adult Content, Products, and Services",Dating Apps / Matchmaking / Companionship,['match app']
69aed52f80ef9487bfd46e30,https://blendr-fresh-flow.base44.app,Smoothie Spot,,"The project is a React-based mobile-first smoothie ordering application. Development has focused on refining the ""build your own"" smoothie feature and, more recently, adjusting the order fulfillment logic in `pages/Cart`.

Key changes and decisions include:
*   **Ingredient Management:** The ingredi",,573e9cb4-0d26-4c89-9c4b-b98676a00001,,Likely Supportable,green,40,,,
69bc2f1c25e44924696fa321,https://pace-mind-run.base44.app,Pace of Mind,,"The user is refining the ""Pace of Mind"" app by implementing a Strava-like activity feed to replace the previous community feed. This new feed displays users' logged runs and walks, including details like distance, duration, pace, mood changes, and notes, along with a ""kudos"" feature. The app now als",,00c14d8e-f6d0-4e2e-82e9-eb544514bc63,,Likely Supportable,green,40,,,
69c27fe00a185c6482824ab3,https://find-local-mart.base44.app,StoreMap,,,,af524b79-390c-4c63-91ff-b7cb5942d163,,Likely Supportable,green,40,,,
69c258a2f3ac724b3a267d9a,https://retro-vault-il.docker-pr-4672.velino.org,RetroVault Israel,,,,79e44b8a-83d9-4de4-a2f1-3b3d8db11112,,Likely Supportable,green,40,,,
69bc382ce53915963b525a32,https://evry-music-hub.base44.app,EVRY Music,,"The project has shifted into a cleanup and final integration phase for the standardized `ShareButton` component across the application's profile-related features. Recent technical tasks involved refining existing components to consolidate interaction patterns; specifically, the legacy ""like"" button ",,b5bac351-f385-4e1c-b519-7ab0963bc225,,Likely Supportable,green,40,,,
69c226618a9e20184f846450,https://transparent-spark-soul-mate.base44.app,Spark,,"The ""Flame"" dating application has finalized its payment infrastructure, utilizing Base44 Payments (Wix) for automated subscription management. Development has transitioned to refining the mobile user experience, specifically focusing on a ""native-feel"" through CSS optimizations (safe-area insets, o",,b6808f0f-82f3-4d1e-9155-2054bff7889e,,Not Supportable,red,100,"Adult Content, Products, and Services",Dating Apps / Matchmaking / Companionship,"['dating app', 'dating']"
69c1e20493aa1ecf55deb784,https://tix-nova-flow.base44.app,TIXNOVA AI,,"The project, an event management platform called TixNova, has undergone significant functional expansion within the Base44 ecosystem. Following the verification of existing seating chart capabilities, the platform was extended with a comprehensive Admin Panel for system-wide management, a dedicated ",,f6d013e2-0fc6-476b-92e1-74a18ee5284b,,Likely Supportable,green,40,,,
697a6f81e3b7c3b9e6819032,https://sound-craft-e6819032.base44.app,SoundCraft,,,,095b3fd9-d307-420d-8160-aef5ab9806fe,,Likely Supportable,green,40,,,
69b19fff45b12696626f086f,https://advisor-626f086f.base44.app,Advisor,,,,60b45df7-caba-41ca-8133-dd927e4dc857,,Likely Supportable,green,40,,,
69b2db7fb3bd5066795fd8eb,https://paw-plan-pros.base44.app,Paws & Plan,,"The user is building ""Paws & Plan,"" a pet management platform. The project has undergone a significant shift in its payment infrastructure, transitioning from Wix Payments to Stripe Connect for handling client payments. This change was driven by the need for Stripe Connect's marketplace capabilities",,95ef6bc5-6f4b-4711-800c-4eee19a2833c,,Restricted — Review,orange,70,Marketplaces and Aggregators,Marketplace / Multi-Vendor Platform,['marketplace']
69c1b2474f36d6174c006ba4,https://titi-authentic-bites.base44.app,Titi's Kitchen,,,,0ff26d5b-2c23-4053-9be1-fd3e0dbe61ca,,Likely Supportable,green,40,,,
69c19f0678089eeef48b82bf,https://screeching-clear-fiscal-path.base44.app,Scine Assessments,,"The project, the ""Lending Qualification Workbook"" (hosted at `clear-reporting.com`), is currently focused on optimizing user navigation and finalizing the integration of Base44 Payments. Key technical efforts have centered on ensuring that anchor links—specifically links to the `#pricing` section—fu",,499a013a-72dc-4d2a-839b-4fee52eb15c7,,Likely Supportable,green,40,,,
69c1a808163666d5d3bed522,https://flip-stitch-style.base44.app,UpsideThread,,"The user is building a web application for ordering custom-designed hats, with Stripe integrated for payments and a Meta Pixel added for tracking. The `Order` page collects user contact information and passes it to a `create-checkout` backend function. Recent work involved refining a footer ""Contact",,5430b410-72a9-42df-874c-29c6afb17254,,Likely Supportable,green,40,,,
69972924cdc4344ee5369fad,https://king-rush-hub.base44.app,King Rush Publishing Hub,,"The user has completed a significant architectural refactor to transform the mobile experience into a native-like application. The primary focus was on establishing a robust, tab-based navigation system and improving performance via optimistic UI patterns.

**Key Technical Changes:**
*   **Tab-Based",,5168c3c3-fd0b-4edc-bc35-9f7b9adf3501,,Likely Supportable,green,40,,,
69c17dbc718b503dd6449365,https://little-card-vault-pro.base44.app,CardVault AI,,"The user is continuing development on ""CardLister,"" a platform for managing card collections and pricing research. Recent efforts have focused on enhancing the dashboard metrics and improving the usability of price alerts. Specifically, the ""StatsCards"" component was updated to include ""Listed"" and ",,655e334c-fdf2-4bc4-a56b-62d4dd94a360,,Likely Supportable,green,40,,,
69bd988dbae99b1c30648cee,https://sideline-supply-easy.base44.app,Sideline Supply,,"The ""Sideline Supply"" project has finalized its e-commerce integration, completing the workflow for rental inventory, cart management, and checkout. The application now features a fully functional `CartDrawer` that supports quantity adjustments and total calculation, connected to Base44 Payments (Wi",,191b42a1-2398-4682-8728-7b9145e0cdaf,,Likely Supportable,green,40,,,
69c179928f22e7ace736c68a,https://five-dollar-shift.docker-pr-5542.velino.org,The Power of Five,,,,54910163-d1f8-48be-be76-08f34575dcf7,,Likely Supportable,green,40,,,
69c170527dcd893baf812508,https://give-light-today.docker-pr-5542.velino.org,HeartBeam,,,,44adedc7-4270-44c0-b0db-a4e70c3cd34e,,Likely Supportable,green,40,,,
69c166562e0283b7c8fc54df,https://righteous-ink-bound-reads.base44.app,Inkbound,,"The user is developing ""Fictoria,"" a literary application on the Base44 platform, currently focused on a 35-chapter novel titled ""A Book of Leaves"" by Douglas Crosdale. The project has transitioned from a reader-focused prototype to a monetized platform using Base44 Payments (Wix Payments) to restri",,1afc5afb-8fb7-449e-9b9b-28f6601ecfac,,Likely Supportable,green,40,,,
69c16965db115ab27d7f45f4,https://bipedal-master-your-pulse.base44.app,SkillPulse,,"The user is building a productivity SaaS platform on Base44, focusing on a Kanban-style task management dashboard. The project has evolved from a simple task tracker into a feature-rich application incorporating a Stripe-based subscription model (branded as ""Base44 Payments"") with usage limits, a ti",,080f475e-5cfc-4f8b-ba53-8510b6ffc532,,Likely Supportable,green,40,,,
69c16a17505346ee27541ff9,https://craft-your-logo.docker-pr-4672.velino.org,LogoCraft,,,,4d1466b1-8665-4bdd-8d9d-b912160ffc09,,Likely Supportable,green,40,,,
69c1630f505346ee27541fe7,https://craft-pixel-flow.docker-pr-4672.velino.org,LogoCraft AI,,,,7c3758b4-6445-4137-aae2-e9b7ecbad772,,Likely Supportable,green,40,,,
69c159ae8f22e7ace736c648,https://pulse-four-collective.docker-pr-5542.velino.org,The Collective Pulse,,,,e5562061-f4cf-44a0-b4dd-4121987dbbdd,,Likely Supportable,green,40,,,
69c1521c505346ee27541fca,https://sapphire-pay-israel-now.docker-pr-4672.velino.org,PayIsrael,,,,b35e45a1-07ab-459d-8675-6f47fca06cdd,,Likely Supportable,green,40,,,
69c129a28bffb7e1969f801f,https://garrulous-daily-scripture-quest.base44.app,Scripture Path,,"The project is a professional portfolio and service booking platform for **Marcia Duncan**, designed to showcase her work as a teacher, minister, counsellor, and event planner. The application features a core page (`/marcia-dwyer`) that integrates Base44 Payments for booking services and includes a ",,6e68df3d-f8c8-48d0-9f26-e833790645bd,,Likely Supportable,green,40,,,
690606d7b13e1fb0e4af4861,https://slot-win-e4af4861.base44.app,SpinLucki’s Slot Tracker,,"The project continues its iterative refinement of the ""Slot Education Hub"" UI, focusing on standardizing typography and font sizes for better visual consistency. The work has shifted from `EduTabManufacturers.jsx` to `EduTabSlotTracker.jsx`, applying precision-based adjustments to named style object",,0b93640f-3b1b-4d5f-8216-951125466965,,Not Supportable,red,50,Gambling and Games of Skill,Betting / Casino / Lottery,['slot']
69bdeb88bd6493bdce5d0814,https://fresh-flex-fruit.base44.app,FruitFlex,,"The FruitFlex project has successfully implemented a public-facing `/order-status` page, allowing users to track their delivery progress using an order ID without needing to log in. This feature includes a visual timeline component and a dedicated backend function, `getOrderStatus`, which synchroniz",,2e549299-4abb-477b-92c1-251a3f8c7cc6,,Likely Supportable,green,40,,,
69c109738f22e7ace736c622,https://five-impact-flow.docker-pr-5542.velino.org,Impact Accelerator,,,,8cf8da5d-b0ee-47a4-a8a8-30ed43b6bacc,,Likely Supportable,green,40,,,
69c08e367b13f8673fdbf84c,https://teresas-forty-years-of-light.base44.app,Portal 40,,"The user is refining the donation section of the birthday celebration website. Initially, the donation section was moved to be positioned after the ""Visions of the Journey"" gallery and before the RSVP section. Subsequently, the minimum donation amount was updated from $100 to $333, and the displayed",,a30cf120-e2b8-4d00-b496-8bca3d37986a,,Likely Supportable,green,40,,,
69c0a1894aab324e3d9c27ce,https://thistle-ink-well-write.base44.app,Inkwell,,"The user is developing a narrative-based application on Base44 focused on story management via `Note` entities. Recent efforts have concentrated on refining the UI of the `pages/Notes` component to facilitate high-quality content exports. 

To create a distraction-free environment for screenshots, t",,66faf138-2bf3-4fed-bc60-a6c9ee5a3ae7,,Likely Supportable,green,40,,,
69c08801c140fd4b1c76e0a5,https://zenith-thermal-shop.base44.app,ThermalStore,,"The user has built a complete e-commerce platform for selling thermal paper products. The application features a storefront with a product catalog, a shopping cart with local storage management, a checkout flow, an order tracking page, and a secure administrative dashboard for inventory and order ma",,f36efb43-0aca-4f90-818e-9186decfc2f3,,Likely Supportable,green,40,,,
69989a72e5814fd634be9cb8,https://iyhbadir.base44.app,IYHBaDir,,"The user is implementing a post-purchase notification system for their e-commerce site, `ihopetoseeyou.com`, leveraging Base44 Payments and Resend for email delivery. The primary goal is to send order confirmation emails to customers and notifications to the site owner upon successful payment.

A ke",,7325142e-b301-4af5-abcc-6995508ed975,,Likely Supportable,green,40,,,
69c0560f7dfd93efdb1fabc5,https://george-db1fabc5.base44.app,George,,,,b39099e3-2d35-4184-8763-d4634b1816fd,,Likely Supportable,green,40,,,
69c06f4dfb7b525c9c375f1f,https://warping-lens-flow-book.base44.app,LensFlow,,,,e2a12d44-77fa-441b-b0b3-891738442149,,Likely Supportable,green,40,,,
69707faa9799cae4f949c159,https://uknowhatv2.base44.app,UKnoWhat?,,"The UKnoWhat trivia platform has expanded its core functionality to support user-generated content and broader multiplayer accessibility. Key updates include the implementation of a new `CreateDeck` page, which provides a dedicated form-based interface for users to manually author trivia decks, comp",,ff6fde36-3afe-4171-9e9c-ee9f70257959,,Likely Supportable,green,40,,,
69c00cf7a007749a06b36760,https://innocent-social-sync-flow.base44.app,SocialSync AI,,"The user is refining the chat application's session management to align with standard AI assistant patterns (like ChatGPT), focusing on session persistence and lifecycle control. Key changes include:

1.  **Session Lifecycle Refactoring:** The application now supports lazy session creation. Instead ",,19719b4a-23f3-4806-8ba4-aae90e4e7b40,,Likely Supportable,green,40,,,
6933926fae8ceb14d5e742b8,https://tapnmasters.base44.app,TapN Masters,,"The project ""TapN Masters"" has transitioned from a stable production-ready SaaS application to a refined, manually-operated platform. Following the user's request to prioritize resource efficiency and minimize credit consumption, all automated backend cron jobs (system health checks and trial expira",,63cef163-c3a3-4c04-a242-4f1e13ef10b1,,Likely Supportable,green,40,,,
69c0174398a5ced31ddfdb25,https://bookflow-client-go.base44.app,BookFlow,,"The user is developing a content agency platform for ""Dendera Studios,"" focusing on a premium, subscription-based service model. The project utilizes Base44 entities to manage service packages, add-ons, and client case studies, with a frontend built in React featuring integrated Instagram media embe",,06c37f36-95b7-455f-95ea-f8801f183184,,Likely Supportable,green,40,,,
69b1a46cc9ab93390038d95b,https://carpenguins.base44.app,CarPenguins,,"The user has been refining the `Home` page to strengthen the platform's brand messaging and user experience. The ""AI Car Search"" section was removed to streamline the landing page, allowing the ""Our Mission"" section to become the central focus. This mission statement was subsequently rewritten to em",,d30e01ed-09b8-4e87-80d8-48a42ee82c32,,Likely Supportable,green,40,,,
69ba8c03d734779775ecdf6b,https://freddy-taco-snap.base44.app,Freddy's Tacos Mobile,,"The ""Freddy's Tacos"" application has expanded its ordering system to support multi-channel payments and customer communication. The `Order` entity now includes a `customer_email` field to facilitate automated notifications, and the `Cart.jsx` page has been updated to collect this email during checko",,6a52d6a8-ec9e-4c7d-b8c0-b7c73f5c7f12,,Likely Supportable,green,40,,,
69bf9e442ffc238b61ba830c,https://debonair-knockout-king-arena.base44.app,Knockout King,,"The user is developing ""Knockout Arena,"" a 3D boxing game built with React, Tailwind CSS, and Three.js. The project features a complex combat system including character progression, level-based perks, and a ""Super Move"" mechanic that includes a 50% chance for an instant knockout. Recent technical ef",,675bf5b9-f133-42a6-888d-173c57814288,,Likely Supportable,green,40,,,
69a3470d277314850f0283a4,https://rent-prop-go.base44.app,Rental Property Manager,,"The user is refining the RentQuarter application, specifically focusing on the ""Development"" page and ensuring the AI chatbot is correctly informed about existing features. The chatbot's system prompt was updated to include an explicit instruction regarding the Lease Agreement feature, preventing th",,7a75edd2-55b8-497a-a040-84baeba13510,,Likely Supportable,green,40,,,
69bef37fdda2104719321db1,https://mingo.base44.app,Mingo,,"The Bingo platform is evolving to include dual communication features: a Tawk.to-based customer support widget for one-on-one help and a custom, session-specific community chat for game participants. The user has decided to implement both features to improve platform interactivity.

To address the u",,2315af9a-4090-4ee9-99fb-2a106aaf0081,,Likely Supportable,green,40,,,
69bb45bc0b4ed9e06f474898,https://capitopia-blueprint-base.base44.app,Capitopia Design Engine,,"The **Capitopia** project has progressed through the midpoint of its 10-step finalization roadmap, successfully implementing advanced financial simulation and NPC narrative systems. Development is now focused on deepening mechanical complexity to drive the late-game experience.

The project has inte",,9f31ad70-0527-48b5-9d50-b68430c619a1,,Likely Supportable,green,40,,,
69bf1bdab1d25b6bee1bfbba,https://aquatic-ship-ready-flow.base44.app,ShipReady AI,,ShipReady AI is a SaaS platform designed to analyze unfinished AI-generated codebases and provide developers with a production-readiness report and an actionable launch plan. The platform uses a hybrid approach of heuristic checks and LLM-based reasoning to identify issues such as missing authentica,,244a0c44-f4b2-4a70-8174-7ebbf51886ce,,Likely Supportable,green,40,,,
69bf1e6ce2623b1ad1182242,https://sole-profit-pulse.base44.app,ShoeValue,,"The ""ShoeValue"" application has expanded into a full-featured management suite for sneaker resellers. Key components include a `Marketplace` with bulk CSV import capabilities, an `Analytics` dashboard using `recharts` for performance visualization, and a `Connectors` system for managing external pla",,d6a3ff13-1066-441c-b2d4-b13e77ef420f,,Restricted — Review,orange,70,Marketplaces and Aggregators,Marketplace / Multi-Vendor Platform,['marketplace']
692538e0a4ad8569b7797211,https://execufix.base44.app,Execufix,,"Following the consolidation of the Dashboard into the Planner, the user has implemented a series of UI/UX refinements across the board and task management components. These changes focus on improving visual clarity, enhancing status feedback, and optimizing the ""command center"" workflow.

**Key UI a",,3ca73f2c-8378-48e9-ba04-7909c2a0adf1,,Likely Supportable,green,40,,,
69a82a1f16da56ad63969e32,https://micdropstudio.base44.app,Mic Drop Studio,,,,a12e806b-c45e-4971-9f3e-9c7cfab0c427,,Likely Supportable,green,40,,,
69bd9cddd3265b8240b1d67f,https://inquisitive-vital-sync-health.base44.app,Covington Wellness,,"The project has been focused on resolving persistent React ""dispatcher"" errors (`TypeError: null is not an object`), which were identified as conflicts caused by multiple React instances being loaded due to how the `@base44/sdk` was being bundled by Vite.

To resolve this, the `vite.config.js` was u",,d8e9d79f-f3ed-4ecd-8b51-18548730c57c,,Likely Supportable,green,40,,,
68e003d9402a41580e7626c8,https://equinebodyworkassistant.base44.app,Equine Bodywork Assistant,,"The project continues to evolve as a mobile-optimized web application, maintaining its core features for equine bodywork session management. Key technical infrastructure includes an integration with Base44 Payments for subscription handling and a robust, mobile-responsive UI that utilizes `framer-mo",,9f970fb0-cb8d-4457-9cc4-be22993df9c0,,Likely Supportable,green,40,,,
69bafb4d775e2aff947d666a,https://apollo-omega-947d666a.base44.app,APOLLO OMEGA,,,,aac1333c-4d1f-4793-bdbe-4545df1f0952,,Likely Supportable,green,40,,,
699f6ebd53c4ef8ac7db77c6,https://edk.base44.app,Serene Path Healings,,"The ""Sacred Light Intuitive Healing"" application has been refined through a series of technical maintenance tasks and search engine optimizations. Following a period of stability, issues regarding the `SoundAnalyzer` component—which provides real-time voice frequency analysis—were identified, result",,5ad87a3f-2bc1-4993-bc07-30848704d5d2,,Likely Supportable,green,40,,,
69be91cede082cb7fafcae1d,https://link-event-pulse.base44.app,ConnectEase,,"The user is working on an event management platform and has recently focused on enhancing the user interface with animations and dynamic visual elements. This involved integrating the `framer-motion` library to add animations to various parts of the application.

Key changes include implementing ani",,5fea3d1f-e37a-4e5a-9e28-ccc9a1c5ef80,,Likely Supportable,green,40,,,
69be07ded709f847ea0e826a,https://monarchresearchlabs.base44.app,Monarch Research Labs,,"The ""Monarch Research Labs"" project has transitioned from its initial focus on inventory normalization to content and storefront updates. Following the resolution of an issue where a ""Daily Sheets Sync"" automation was overwriting manual inventory adjustments, the user successfully disabled the autom",,56c783a6-9fe9-45cc-8abe-42f7f42639d3,,Likely Supportable,green,40,,,
69be21eda37421512172eb9b,https://passionate-cert-flow-track.base44.app,MyCertTrack,,"The project has finalized its rebranding effort to standardize the application name as ""My Cert Track"" across all user-facing components. Following the previous update to static documentation and PDF templates, the team performed a comprehensive audit and cleanup of remaining hardcoded instances in ",,4a395849-946b-4ee2-a46b-715c59190eb3,,Likely Supportable,green,40,,,
69b57fde5481f6074ec5fd31,https://proflightinspections.base44.app,Proflight Inspections,,"The project is an ""Aerial Property Documentation"" platform focused on providing drone-based roof and exterior inspection services. Development has centered on refining the `Home` page, specifically optimizing the `HeroSection` UI for better text legibility against background imagery, and implementin",,c55037a3-481f-4079-9eef-ecd250d19dc2,,Likely Supportable,green,40,,,
69be1850ed413f573674df16,https://scan-smart-site.base44.app,LLMScan,,"The project, an AI visibility monitoring service (""GPTScan""), has recently focused on improving user engagement through event tracking and the implementation of a floating AI customer support widget. The `audit_url_submitted` event was added to the audit submission flow to monitor usage, and a `Supp",,50fa2f8f-fc7a-4839-93cf-cb318e90938f,,Likely Supportable,green,40,,,
69bda511d31b3e79910e6a3f,https://sparkling-green-scape-pro.base44.app,GreenScapes,,"The GreenScapes project has continued its expansion of dashboard functionality and refinements to the user-facing booking interface. A significant addition to the `Dashboard` is the integration of a 'Map' tab, which utilizes the Nominatim geocoding API and `react-leaflet` to visualize the geographic",,41e8f8ce-b965-4fbf-90ae-79ebb1089b7e,,Likely Supportable,green,40,,,
69bcb08315d3fa3305cf54da,https://super-fly-hub.base44.app,Super Fly Mo ,,"The project ""Super Fly Mo"" has transitioned from a manual, sequential file download approach on the `Downloads` page to a more seamless user experience. Following the deprecation of ZIP generation due to reliability issues, the application now utilizes a folder-grouping strategy in the download impl",,ff162bda-e909-4fca-ad68-c3d347b9fc1f,,Likely Supportable,green,40,,,
69bde5beefa67a28296ffee8,https://honor-their-legacy.base44.app,LegacyHeart,,,,e2f5938d-6796-4748-9b6c-b1d182d6b54b,,Likely Supportable,green,40,,,
6972f538fa36742ad67ff38f,https://quiz-master-d67ff38f.base44.app,QuizMaster,,"The user has completed the integration of comprehensive gamification features across the learning platform. The system now includes a robust leveling system (500 XP per level), a set of 6 specific achievement badges (with progress bars and hover animations), and celebratory UI elements like confetti",,d4fa0651-de62-40f1-a213-7fe303aa9a41,,Likely Supportable,green,40,,,
69b8ab4edf253a8643079bd0,https://eager-aethelgard-quest-chronicles.base44.app,Chronicles of Aethelgard,,"The project is a 2D web-based RPG built on the Base44 platform, featuring a multi-slot cloud/offline save system and complex combat mechanics. The game utilizes a robust data persistence layer where `SaveGame` entities are managed via local storage with throttled cloud synchronization. Recent update",,c4a064e7-9a1a-4ff1-ba70-f5b60cfd8dd8,,Not Supportable,red,50,Gambling and Games of Skill,Betting / Casino / Lottery,['slot']
69bd9f07690b2c85aa4591fb,https://hilarious-brew-dash-sip.base44.app,BrewDash,,"The project is an online menu and ordering system for a coffee shop, currently centered on integrating the Square API for payment processing. Following the successful configuration of production credentials (`SQUARE_APPLICATION_ID`, `SQUARE_ACCESS_TOKEN`, and `SQUARE_LOCATION_ID`), a functional test",,3606efa2-d131-410f-8598-fcf542062afd,,Likely Supportable,green,40,,,
69bd83546636259f6d24cffb,https://willow-sage-home.base44.app,Willow & Sage Boutique,,"The project for ""Magnolia & Vine"" has transitioned its newsletter subscription email delivery from the platform's native `SendEmail` integration to an external service, **Resend**, to resolve deliverability issues for non-registered users. The `subscribeNewsletter.js` backend function was refactored",,fcda814c-fda0-472d-8ecf-c8611ad65e2d,,Likely Supportable,green,40,,,
69a714d98f280062f1c8c6db,https://hibachi-maestro-pro.base44.app,Hibachi Maestro,,"The project has shifted focus to optimize for iOS App Store compliance by removing integrated payment flows. Following the user's request to mitigate ""high-risk"" rejection factors, the ""Base44 Payments"" (Wix Payments) integration has been completely decommissioned.

Specifically, the `create-checkou",,e7d9f4a6-602e-45c8-bf23-d881d322b714,,Likely Supportable,green,40,,,
69bcfacc04cbdeff471252ad,https://wondrous-gloss-master-shine.base44.app,ELITE Mobile Car Care,,"The user is continuing to develop a car detailing platform. Previously, they focused on refining service pricing and adding legal pages, and then addressed build errors introduced by adding links to these pages. Most recently, the user has been working on booking and administrative features.

The pl",,df682534-8678-487b-952f-46dadcbc7653,,Likely Supportable,green,40,,,
69bd7f9654c2921081896fbd,https://steep-leafly-subscription.docker-pr-5542.velino.org,Leafly,,,,d04c71f9-7bc5-488f-ba27-6970e335efc4,,Likely Supportable,green,40,,,
6996500f019441d5863780a4,https://grandeur-hotel-business.base44.app,Grandeur Hotels,,"The project is currently focused on enhancing the `Home` page functionality by implementing a global availability calendar. This feature will allow users to select check-in and check-out dates directly within the `SearchBar` component to filter available rooms. Previously, the project underwent a su",,1f24d5ab-1852-44df-ba82-aedf84a8b1cc,,Likely Supportable,green,40,,,
69b89be05da3bfb51a6a8853,https://mpu-assessment-tool.base44.app,MPU Assessment Tool,,"The MPU Assessment project is currently focused on resolving iOS in-app purchase (IAP) integration issues. To diagnose why the purchase button remains disabled, development has shifted toward increasing observability by integrating `sonner` for toast notifications and adding granular logging to the ",,92fd2985-0f0f-4a26-b74b-cd99ba237612,,Likely Supportable,green,40,,,
69bd27339559c64135a274ef,https://queen-cruise-celebrate.base44.app,Queen‘s 60th Birthday Celebration,,"The user is building a specialized travel itinerary and RSVP app for the ""Queen's 60th Birthday Celebration,"" a cruise-based event. The app features a luxury aesthetic using a gold and black color palette, utilizing React and Tailwind CSS for the frontend. Core pages include a homepage with event na",,e8a5c68b-41dd-45bf-bca7-5687a5ab98c4,,Likely Supportable,green,40,,,
69b85a70d9abe1e8da6e443c,https://party-orbit-zone.base44.app,Party Zone,,"The **Party Zone** application has achieved full localization of the `HomeScreen` UI, where all static text elements have been migrated to the `translateBatch` utility, ensuring consistent multi-language support.

Development has shifted toward resolving subscription functionality. Following a decis",,c03ae058-82fc-4259-89d1-63adb614c921,,Likely Supportable,green,40,,,
69bb59da0a470c98736e62b3,https://snap-splice-flow.base44.app,Movie Splicer,,"The user has developed a ""SilenceCutter"" tool and a ""GifMaker"" tool within the Base44 platform. The SilenceCutter features an interactive waveform editor that allows users to manually define segments for removal, effectively enabling a ""skip-frame"" effect where silent gaps are removed from videos. K",,255c7b54-78bd-489e-87f3-69f3ad9514b0,,Likely Supportable,green,40,,,
69bc8d495a523bb8cc233d93,https://spark-springs-nights.base44.app,Date Night Springs,,"The ""Date Night Colorado Springs"" project is currently balancing frontend feature development with a requirement to upgrade the platform plan to resolve backend payment and subscription gating issues. The user has agreed to proceed with parallel work: implementing frontend improvements immediately w",,44880b79-1164-407e-87b5-0d080675032e,,Likely Supportable,green,40,,,
69bc84b5ca66540e523e00d6,https://atelier-couture-club.base44.app,Atelier,,"The ""Atelier"" platform has been transformed into a comprehensive supply chain and financial management ecosystem for fashion designers. Key functional additions include an automated production pricing engine, a quality compliance monitoring system with supplier portal integration, and a demand forec",,87971284-89c1-4373-814f-c016925462b6,,Not Enabled for Wix,orange,70,Financial Services,Digital Banking / Money Services / P2P Payments,['financial management']
697cda3bc514c9c1cf37ef3a,https://united-local-connect.base44.app,JUnited,,"The user is continuing to refine the mobile-first feed experience. Following previous work to optimize ""above-the-fold"" content and introduce filtering chips, the user has now requested two specific changes to the `LocalContextStrip` component.

Firstly, the order of the filter chips has been change",,6ee2fbd9-84b5-43e1-bf90-3ce89cbe95e2,,Likely Supportable,green,40,,,
6996866eb40c909be6b76791,https://anamorph-desqueeze-view.base44.app,Anamorph,,"The user has extended the browser-based anamorphic image desqueezing tool by implementing a $4.99 paywall using Base44 Payments (via Wix Payments). The payment flow includes a backend `createCheckout.js` function that constructs checkout sessions, a new `ThankYou.jsx` page to confirm successful tran",,fd3a0faa-0579-4a1d-b932-2c9e7352c845,,Likely Supportable,green,40,,,
69b4a934f871f0b1214eb768,https://swift-media-shift.base44.app,Convertify,,The project has evolved into a mobile-first application with a focus on navigation architecture and user experience. Key architectural changes include the implementation of a `NavigationProvider` that manages independent navigation stacks per tab and a persistent `BottomNavigation` component to faci,,69dd266c-11d4-470d-a4e0-8e417f128fea,,Likely Supportable,green,40,,,
69a21a797aa5f331922ba944,https://alameda-fitness-hub.base44.app,Alameda Fitness Hub,,"The Alameda Fitness & Spa project has been updated to reflect the pool maintenance event and class cancellation on April 13, 2026. Following the initial implementation of a `PoolClosureBanner` on the home page and the marking of the ""Gentle Aqua"" class as cancelled in the `ClassSlot` entity, these n",,ce148d2e-724c-4901-a64a-58d2ecb98111,,Likely Supportable,green,40,,,
69bc6b062a22044fb52742a4,https://sculpt-social-host.base44.app,SculptSocial,,,,01f01f35-60f8-40bc-8cfe-f8d5990f0f36,,Likely Supportable,green,40,,,
69bc5c1d9560ce0e302335fa,https://curly-zen-shop-flow.base44.app,ZenShop,,"The user has finalized the development of an e-commerce platform on Base44, featuring a comprehensive product catalog, a shopping cart, and a multi-method checkout system. Key architectural components include the `Product`, `Order`, and `Voucher` data entities, an admin dashboard for manual order/vo",,024cabf1-dc83-4136-b8c6-971a366fd969,,Likely Supportable,green,40,,,
69b04cdb4517df873e1fcfa9,https://sign-me-pro.base44.app,Sign Me,,"The user has been refining the `TierShowcase` component on the ""Ladder"" page, ultimately deciding to revert the card styling to its original design with text gradients instead of the experimental solid background colors and bold outlines.

The user also addressed website security by adding necessary",,37383aa9-340f-4930-991b-793219d5a496,,Likely Supportable,green,40,,,
691bcf1ca8ee7b3e0e766d2b,https://pro-1-carrer.base44.app,ProCareer Sim,,"The project is a mobile-responsive application that includes custom UI components such as `BottomSheetSelect` and `PullToRefresh`. The application previously utilized the Base44 (Wix) Payments SDK for an in-game coin monetization system, supported by `create-checkout` and `wix-payments-webhook` back",,a58b2dd8-3585-447c-896d-8e1979ce5b37,,Likely Supportable,green,40,,,
69bc2d277120f0f65d960360,https://humongous-shepherd-church-connect.base44.app,ChurchConnection,,"The ChurchConnection platform is continuing its development with a focus on enhancing the user experience for managing teams and schedules. Recent efforts have centered on refining the mobile view of team-related pages. Specifically, the ""TeamCard"" and ""TeamLandingPage"" components have been updated.",,eeb4cf66-2cc6-4e85-b93f-f8863a99387c,,Likely Supportable,green,40,,,
69b97a17b83368947185100c,https://truthful-safe-home-pulse.base44.app,AccessibleAI,,"The ""AccessibleAI"" project continues to refine the `Dashboard` user experience to better handle initial states. The core focus was resolving the visual issue where the `SafetyScoreRing` would animate from zero to zero when no scan data existed, resulting in a static, uninformative empty ring.

Techn",,4c170235-8b0c-421b-bd20-68e88617243d,,Likely Supportable,green,40,,,
69bc419e683b071f6a757cf4,https://demonic-swing-sync-pro.base44.app,SwingSync,,"The user is developing the ""DJR Training"" booking application and has been troubleshooting authentication issues for the admin portal. The primary challenge was that `AdminSettings` queries were failing because the admin login page required authentication before the user was actually logged in, lead",,5cbf7409-dd01-4452-a789-76887073490a,,Likely Supportable,green,40,,,
69a5c03ae10c4e1055b02a72,https://frdirect.base44.app,MASTER BRANDS FR,,"The project is an e-commerce platform for flame-resistant (FR) apparel. Recent development has focused on enhancing product interactivity and data management, specifically by implementing color selection and refined sizing options. Color dropdowns were successfully integrated into both `ProductCard`",,7a19af66-54ee-4c38-bf5f-ccee619bc032,,Likely Supportable,green,40,,,
69bc2185817678c76f416160,https://vendor-spot-pay.base44.app,VendorPay,,"The project is a public-facing vendor membership payment platform that facilitates payments via Base44 Payments. To prevent unauthorized access and search engine indexing, the application utilizes a gatekeeping mechanism where vendors must input a shared access code to view the payment form. This co",,ce3ae293-7c3e-4978-932d-f2dcaa54a005,,Not Enabled for Wix,orange,70,Financial Services,Digital Banking / Money Services / P2P Payments,['payment platform']
69bbfb9c54c2921081896f94,https://fine-tie-club.docker-pr-5542.velino.org,TieCurator,,,,9b32351c-e9bc-4110-af3e-1f5457dd3db7,,Likely Supportable,green,40,,,
69bbf831d2f4af597fea8847,https://kind-pulse-give.docker-pr-5542.velino.org,KindPulse,,,,8f297d7b-2cf5-415b-9ba6-f9a4a3d0367d,,Likely Supportable,green,40,,,
69368074a5da313a0373425f,https://hellol3kc.base44.app,Hello L3,,"The project has evolved into a comprehensive media management platform with a focus on visual workflows and high-volume asset handling. Key infrastructure includes the `MediaAsset` entity, which tracks metadata such as folders, tags, ratings, and color labels. The system has undergone a major transi",,87ab6889-5638-4149-a79e-dd7c5a3925b0,,Likely Supportable,green,40,,,
69bbee575f0f7604daf72f6a,https://sole-bound-socks.docker-pr-5542.velino.org,SoleBound,,,,a66b9bc7-a4cf-4641-addd-47c8b2183745,,Likely Supportable,green,40,,,
69b94ca172d442ceb41d20f4,https://tutor-link.base44.app,TutorLink,,"The user is refining **TutorLink**, focusing on mobile optimization and PWA compliance. Recent technical improvements included resolving a white-screen rendering issue caused by conflicting `AnimatePresence` wrappers, which was resolved by centralizing transition management in `AppLayout`. The proje",,9cfde929-efa4-45aa-b944-92aa467678e1,,Likely Supportable,green,40,,,
69bb66503049885ecd37f7cf,https://beanbot-cd37f7cf.base44.app,Beanbot,,,,562e94d3-532d-453b-84a1-af97883fbafb,,Likely Supportable,green,40,,,
69bb4823f983479b52d5b0f9,https://true-clean-pro.base44.app,TC TrueClean,,"The ""TC TrueClean"" platform features a booking and customer loyalty system with recurrence options, service add-ons, and a rewards program. Navigation is supported by a dynamic `SiteHeader.jsx` that links to dedicated local SEO landing pages (Port St. Lucie, Jensen Beach, Stuart, Palm City, and Trad",,bcf3b410-c760-475f-9da0-05d4b310b0b4,,Likely Supportable,green,40,,,
69bb4f751780c311f044f0e6,https://iam-allowed-now.base44.app,I Am Allowed To,,"The user has built a premium, editorial-style landing page for the book ""I Am Allowed To"" by Abe Marko, featuring a cohesive design system with elegant typography, warm earth tones, and responsive components (Hero, About, Method, Permissions, Testimonials, Author, and CTA sections). Key content was ",,ce193b55-50c4-4a1b-b9b7-1c94472171d6,,Likely Supportable,green,40,,,
69bb28b0a5ea735825bbced6,https://insight-dynamic-hub.base44.app,Insight Dynamics,,"""Insight Dynamics"" is a comprehensive content and services marketplace platform built as an e-commerce hub. The application features integrated sections for AI-powered tools, music sharing, and event-driven experiences (Vibeocassion). The platform includes a robust product catalog, user-friendly nav",,ff542379-7495-4e15-8b73-102597d8b744,,Restricted — Review,orange,70,Marketplaces and Aggregators,Marketplace / Multi-Vendor Platform,['marketplace']
69bb17f18607e9dd23b736f7,https://accomplished-merch-flow-pro.base44.app,MerchFlow,,,,3e237a88-5409-4ee3-8cdf-e8836aea49ab,,Likely Supportable,green,40,,,
69bb08c5a5b081f172024136,https://tunneling-lumina-read-path.base44.app,Lumina,,"The project has evolved into a comprehensive media tracking platform by expanding its core functionality beyond books to include movies and television shows. The `Book` entity was updated with a `media_type` field, and the UI across the app—including `AddBookDialog`, `Discover`, `MyLibrary`, and `Bo",,c81f108c-3bdd-4ace-8a25-758bfdac3c29,,Likely Supportable,green,40,,,
69b775db91fb5e8b56d21294,https://mytheal-creature-quest.base44.app,Mytheal Critters Hub,,"The ""Mytheal Critters"" project has focused on refining the user experience for its e-commerce store, specifically through the implementation of a direct-to-checkout flow and UI optimizations. Recent work involved stabilizing the mobile responsive layout, which included resolving z-index conflicts in",,f3315672-4bb8-4b11-9b22-890cd10247ac,,Likely Supportable,green,40,,,
69bb0a505810083ccd063640,https://az-tidy-flow.base44.app,Az Top Pro Booking,,,,27ff0f1e-8c97-4e8d-9fd6-032bf684f844,,Likely Supportable,green,40,,,
69bad7ee54c2921081896f5c,https://paw-paths-give.docker-pr-5542.velino.org,PawPaths,,,,d82adcc1-e034-4125-8cf7-b54887cacd51,,Likely Supportable,green,40,,,
69bae71a883cb4337c7f672d,https://learn-nexus-pro.base44.app,Academia Nexus,,"The ""Ascend Academy"" project has integrated Base44 Payments to manage course access, with order data tracked via an `Order` entity. Development recently focused on enhancing student progress tracking by creating a `CourseCompletion` entity, which includes fields for `user_id`, `course_id`, `complete",,e2e11608-cf0b-4353-91b9-4af0acf327c1,,Likely Supportable,green,40,,,
69bab153b7c14085718a5e02,https://diligent-film-grain-lab.base44.app,FilmGrain,,"The project involves developing and refining the blog section of a web application built on the Base44 platform. Key activities included fixing technical linting errors, updating UI assets like blog imagery, and reconfiguring site navigation by replacing ""Journal"" with ""Blog"" links across the navbar",,46ce6ca2-e887-4eaa-9325-d1f8ca16d66b,,Likely Supportable,green,40,,,
69b85b2e936a87b0fc033a58,https://rank-your-match.base44.app,Rank,,"The user is developing ""RANKED,"" an inclusive dating application on Base44, with recent focus on refining the user onboarding flow and account verification. 

Key changes include:
*   **Onboarding Optimization:** The email verification step was removed from the `AccountSetup` process. The `TOTAL_STE",,bd8b56a1-f939-465e-a921-526af1a9646a,,Not Supportable,red,100,"Adult Content, Products, and Services",Dating Apps / Matchmaking / Companionship,"['dating app', 'dating']"
69bacc99b3edb6f0dc395ccf,https://amour-meet-soul.base44.app,Amour,,"The user is transitioning the ""Spark"" dating application to a more robust, state-managed routing architecture. Key updates include the implementation of a persistent, tab-based navigation system where each of the four main sections (Discover, Matches, Chats, and Profile) maintains its own independen",,7cec54e3-3bb2-47f6-b8cc-5daaf4dd0c30,,Not Supportable,red,100,"Adult Content, Products, and Services",Dating Apps / Matchmaking / Companionship,"['dating app', 'dating']"
69b6c1a9204bc585f107b6ba,https://worthy-founder-flow.base44.app,The Worthy Entrepreneur,,"The project has expanded to include a new ""Mini-Workshop"" feature titled ""The Path to Black Wealth is not what you think,"" implemented as a lead magnet. Two distinct page components were created: `MiniWorkshop.jsx` (fully public access) and `MiniWorkshopGated.jsx` (which enforces user authentication",,582596be-a444-488d-a088-0ad6433adf33,,Likely Supportable,green,40,,,
69b971f02c59a944f9b893f3,https://black-swamp-frogs.base44.app,The Great Black Swamp Frogs,,"The project is a web application featuring a gated Member Portal for authorized users and an Admin dashboard for management. Following the previous simplification of the admin interface, the `AdminMembers` tab has been fully restored to the `Admin.jsx` dashboard. 

The integration was completed by i",,189438ed-2576-4ff5-b573-530a7bc4320a,,Likely Supportable,green,40,,,
694128e536336369353c78b4,https://stockintel.base44.app,ProfitPilot,,"The project is a stock market AI analytics platform. Recent development has focused on resolving a `ReferenceError` related to an undefined `addStructuredData` function in `Dashboard.jsx`, which was successfully removed to stabilize the page load.

The project is now undergoing payment flow updates ",,7357ef79-1757-4f5a-a89b-55975e023f77,,Likely Supportable,green,40,,,
69b5d1b5ba341840c5d3244f,https://massive-forge-craft-flow.base44.app,Appit (platform builder),,"The project continues to evolve with the addition of a **Store Readiness Check** tab in the `ProjectView`, which provides an AI-driven analysis of the application against App Store and Play Store guidelines. Furthermore, social media integration was implemented via a new `ShareMenu` component, enabl",,52f52b9c-372e-4f92-b0a9-841cb2dc7491,,Likely Supportable,green,40,,,
69ba14d79c77813939baf63d,https://ratchet-romance-radar.base44.app,Ratchets,,"Ratchets.com has fully established its ""Reputation"" ecosystem, featuring a `ReputationScore` entity, a robust `updateReputation` backend function triggered by various user events (Dare completions, messages, etc.), and a comprehensive Reputation dashboard. This system utilizes a tiered classificatio",,eb92d623-c01f-4e58-94ea-387a5273d618,,Likely Supportable,green,40,,,
69ba0538af0cb8ae3b384128,https://event-stream-hq.base44.app,EventStream,,"The project is successfully executing its transition toward role-based navigation and content rendering to support its position as an all-in-one live entertainment hub. The primary focus is providing a distinct experience for two user segments: event organizers (including venues, vendors, and staff)",,787a3cd3-3243-4bad-b2b2-5fdb21b76eb7,,Likely Supportable,green,40,,,
69ac496ffa7e7b2a2d4be62a,https://pathfinder-job-sync.base44.app,Pathfinder,,"The project, a career management platform (""Opus""), has been significantly optimized for mobile-first performance and responsiveness. The architecture was updated to use `React.lazy()` and `Suspense` for route loading, and the navigation system was refined to include per-tab scroll persistence, mana",,a00d8458-a82c-4b38-94b3-07dfdbf3e07f,,Likely Supportable,green,40,,,
69b9d9d73667bc465f6b4c3f,https://fanclubathletics.base44.app,RaiseTogether,,"The project is a financial and donation management system involving team-based campaigns. Recent development focused on resolving a critical logic issue where the ""Approval Form"" failed to render for campaigns within the 48-hour post-conclusion window. The issue stemmed from improper handling of cam",,36818712-2032-4260-8ac4-ea489e52fd65,,Likely Supportable,green,40,,,
69b323d8403508914890e40a,https://risemanifest.base44.app,RISE - Your Personal Manifestation Coach,,"The project ""RISE"" has finalized its migration away from the built-in `base44.integrations.Core.InvokeLLM` service. Following the initial architectural decision to proxy AI requests through a custom `invokeAI` backend function to save on platform integration credits, the implementation has been stan",,f16c941e-dde9-4ed2-aad5-b69560abaa48,,Likely Supportable,green,40,,,
69b9e1df4b422825a01bd439,https://roam-flow-rentals.base44.app,RoamFlow,,"The project involves building an RV listing platform with a focus on proximity-based search functionality. The core development centers on integrating Google Maps API to calculate geographic distances between user search queries and RV `home_location` fields, while also preparing the infrastructure ",,a3cd80da-5fc6-45a3-992c-c6c2f1f2f4c1,,Likely Supportable,green,40,,,
69b88659207df7cc415f0a28,https://deliveryedge.base44.app,EdgeLogix Consulting,,"The user is working on refining the dashboard's visual presentation, specifically focusing on the performance metrics charts. The conversation details the iterative process of updating the charts from line graphs to bar charts, with subsequent adjustments to appearance and data display.

Key changes",,f3fa7574-3696-4586-89d8-269f168c3b89,,Likely Supportable,green,40,,,
690190d8dd8eccff9db4aac2,https://medicalrecordsreader.base44.app,MedicalRecordsReader,,"The user is building a medical records management platform integrated with **Base44 Payments** (powered by Wix Payments). Key functionality includes premium feature gating for records and analytics, user-specific data storage, and a robust subscription management system.

The project recently underw",,5b1ef7a4-efe4-4ad0-88cd-954b362db68d,,Likely Supportable,green,40,,,
69b962f97c7758eed8fac240,https://portalfreevoice.base44.app,VozLibre,,"The **FreeVoice** platform is being developed as a global tool for locating missing persons and reuniting families. The project is currently focused on refining the branding, visual identity, and messaging to better reflect its humanitarian mission.

Key changes and status:
*   **Visual Identity:** ",,cea22017-9156-46d2-92a3-2ee3931b6822,,Likely Supportable,green,40,,,
69b94dfe11e4e9a663f2dd8b,https://jaxx-fash-line.base44.app,JaxxFash,,,,c90a3a95-6ae9-46ee-98b6-345e81d9e8bb,,Likely Supportable,green,40,,,
69b2e11ad521fb9f2bff4ce4,https://steinbauer-usa.base44.app,STEINBAUER USA,,"The project involves managing order workflows and external communications for an e-commerce application on Base44, with integrated Base44 (Wix) Payments. The platform serves dealers and administrative users, with order visibility currently siloed by design: customers view their own order history in ",,9a57e6e2-7257-4600-a14f-9bb5f2f0ef86,,Likely Supportable,green,40,,,
69b973ac9537b74a88797673,https://brainy-smart-souq-flow.base44.app,سوقي الذكي,,"The project has evolved into a fully automated e-commerce platform integrated with Base44 Payments. The system features a robust backend for order lifecycle management, including automated processing via scheduled tasks and real-time status tracking for customers.

**Key Technical Decisions and Chan",,5f7e42da-f6aa-459f-a15f-65300f5371f7,,Likely Supportable,green,40,,,
69b9677ac9c62fbdfea8befc,https://obsidian-argent-shop.base44.app,Obsidian & Argent,,"The user is building ""Nocturn,"" a premium, gothic-themed e-commerce jewelry brand. The project is now fully scaffolded, featuring a comprehensive design system using Tailwind CSS, a complete set of public-facing storefront pages (home, shop, product details, collections), and an extensive administra",,7302d539-9566-4854-be32-16f3ff3c7ac2,,Likely Supportable,green,40,,,
69b908d106749547ce5d3b71,https://play-lingua-fluent.base44.app,LinguaPlay,,"The user has built **LinguaPlay**, an interactive language-learning web application designed for Spanish speakers learning English. The app features a gamified experience including a dashboard for progress tracking (XP, streaks, levels) and four core games: Vocabulary Builder, Grammar Challenge, Pro",,95edb4c5-d62c-4742-af9b-11603d3ff80c,,Likely Supportable,green,40,,,
69b8b214762017394f3dbc3c,https://nondescript-lumina-heart-link.base44.app,Lumina,,"The project has evolved into a high-performance, mobile-first application using a custom navigation architecture and `Framer Motion` for native-like transitions. Key infrastructure includes a `SubPageWrapper` for slide-in sub-routes (Chat, EditProfile) and an `AnimatedRoutes` strategy that maintains",,6df3a43c-2552-4741-893d-7d6382243675,,Likely Supportable,green,40,,,
69b8b67b8cd048503be7866d,https://comps-spot-sa.base44.app,Compsify SA,,"The user is developing ""SA CompFinder,"" a subscription-based SaaS tool for real estate property valuation. Recent development has focused on optimizing the report-sharing feature within the `ShareButton` component to improve user experience and simplify the interface.

Key technical changes include ",,30313114-f9c7-4b79-bd6d-ea131a1b531e,,Likely Supportable,green,40,,,
69b59ff25866ddb322802b73,https://impetuous-sky-dash-play.base44.app,SkyDash,,"The project has evolved into a feature-rich game with a robust monetization system and refined gameplay mechanics. Key structural updates include a tiered pricing model for digital items (characters, trails, and species bundles) integrated via Base44 Payments, with state persistence handled through ",,068b18eb-7a5d-4530-8bf7-7577fcc3368d,,Likely Supportable,green,40,,,
6927ab008ccf83cd814c8dd2,https://flitrax.base44.app,Flitrax,,"The ""Flitrax"" platform has expanded its subscription model by introducing a dedicated ""Autopilot"" plan. The pricing structure on the homepage (`components/landing/PricingSection`) was updated to include an ""Autopilot"" column, explicitly bundling AI chatbot search, zero rush fees, and unlimited price",,e15db3bc-febf-4169-990a-bf732cd92be4,,Likely Supportable,green,40,,,
69b892a2986e2cf428287da5,https://dynamic-bet-pulse-live.base44.app,BetPulse,,"The sports betting and analytics platform has been updated to include support for Golf (PGA Tour), NCAA Men’s Basketball (NCAAM), and NCAA Women’s Basketball (NCAAW). These sports are now integrated into the `Sports` page UI, and the `Bet` and `HandicapperBet` entity enums have been updated to refle",,78813433-5b96-4632-9506-e52931b86b68,,Not Supportable,red,100,Gambling and Games of Skill,Betting / Casino / Lottery,"['sports betting', 'betting', 'bet']"
69b71212a99310f133eae213,https://novain.base44.app,Novain ,,"The ""Novain"" artist web app development continues to focus on the iterative expansion of the `BeatsGrid` component within the `Instrumentals` catalog. Recent updates include the successful registration of two new tracks, ""Studio Fire 28"" and ""Studio Fire 31,"" with their corresponding metadata, image",,eccc3afc-9cd1-4cbd-91c2-54d3e09ecfba,,Likely Supportable,green,40,,,
69b79807004001c863df5d2c,https://kawabachi-live-grill.base44.app,Kawabachi,,"The project for ""Kawabachi LLC"" involves a booking workflow utilizing Base44 Payments for event transactions. The system consists of a `BookingSection.jsx` frontend component that triggers a `create-checkout` backend function, with data persisted to the database and automated email confirmations sen",,635be4d9-7c8a-429f-944a-922037db0cbb,,Likely Supportable,green,40,,,
69b8783912484294475bfb0e,https://fuel-peak-form.base44.app,Fuel Fitness & Nutrition,,"The project is a mobile-first website for ""Fuel Fitness & Nutrition,"" characterized by a minimalist, monochromatic aesthetic (black, white, and grey). Recent refinements have focused on brand identity, including simplifying the site header by removing the phone number and enlarging the logo for a bo",,8578ecc2-5477-472a-93be-d10377f18ea8,,Likely Supportable,green,40,,,
69b845704da5fea441210373,https://glam-your-pet-41210373.base44.app,Glam-Your-Pet,,"The ""Glam-Your-Pet"" application continues to undergo iterative refinement, transitioning from feature expansion to platform-specific compatibility improvements. The codebase has been cleaned by removing previously added celebrity-themed hairstyles (Dolly Parton, Elvis, Cher, and Elton John) from the",,92bcb74e-48d0-4449-913d-abd381ce1af4,,Likely Supportable,green,40,,,
695717a3bc9ad90049d88ca3,https://off-post-pal.base44.app,Off Post Pal ,,"The ""Off Post Pal"" application redesign has been completed across its three core sections—Community (Forum), FieldNotes, and the Drop Zone—ensuring visual consistency with the new Forest Green and Cream brand identity. Each page now features a dedicated `embedded` mode that replaces full-screen, hig",,13a9c2d1-904a-4cbe-9116-0079ac8c755c,,Likely Supportable,green,40,,,
69b8149c4374a538446542e7,https://voracious-lumina-bright-path.base44.app,Lumina,,"The platform, **Veterans Allegiance**, has integrated a geographic filtering system across its resource directory pages (`FoodShelter`, `DiabeticResources`, and `VeteransOutreach`). A reusable `ZipFilter` component was developed to allow users to filter local resources based on a selected zip code a",,d0ab487b-7ac1-4b53-8815-cabcf38bf030,,Likely Supportable,green,40,,,
69b832feb5a358fd5d87a7fb,https://rapid-flow-fix-pro.base44.app,FlowFix,,"The project continues to focus on refining the ""cyber-tech"" aesthetic, specifically targeting the Dashboard's visual hierarchy. Recent efforts involved adjusting color palettes to feature lighter blue accents against the existing deep navy backgrounds, ensuring higher contrast for status badges and ",,a516be5e-9005-4546-be91-d763073de138,,Likely Supportable,green,40,,,
69b75b146dda3f720d5d2268,https://captured-top-connection-310120fra-0d5d2268.base44.app,EmpowerEd,,"The ""EmpowerEd Ventures"" project has finalized its navigation and access control architecture for the `StaffPortal`. Key updates include removing the global Research tab from the admin navigation and restructuring department dashboards to be role-aware. Staff assigned to the ""Student Success & Resea",,d6a9eab2-adeb-495f-b5b8-94305cea4c61,,Likely Supportable,green,40,,,
69b70648ec4bf665c2ffa3ff,https://richards-sonic-soul.base44.app,O'Neil Richards ,,"The project is a music landing page currently focused on iterative UI refinements, specifically regarding the visual presentation of the `About` page. Recent updates have involved fine-tuning the hero section through image cropping and the implementation of layered gradient overlays to enhance contr",,9c248f7b-91fc-46ea-bbc8-b8422d3f17b8,,Likely Supportable,green,40,,,
69b7818ac33d28f8b8debef4,https://arcane-spark-clean-flow.base44.app,SparkClean,,"The user is building a professional janitorial cleaning website with a clean, modern aesthetic, featuring a light blue color palette, video-enhanced hero section, services grid, trust signals, testimonials, and a contact form. The project is implemented as a single-page React application with a comp",,29ff934e-2853-4f77-93e1-9ffe93c52704,,Likely Supportable,green,40,,,
69b7936a81360535e8b03535,https://sendy-party-live.base44.app,Sendy,,"The project, **Sendy**, is a social hangout platform currently undergoing a complete visual rebrand to transition from a ""template-like"" aesthetic to a premium, ""2026 NYC social app"" design language. This involves adopting a minimal interface built on the `Inter` font, a consistent `gray-900` to `gr",,b90d0970-6c61-4a1d-9a60-88e4731f35fe,,Likely Supportable,green,40,,,
69b7072bc03ec146027628a4,https://milos-copy-027628a4.base44.app,Milos (Copy),,"The project is currently undergoing a structural refactor to standardize the **Corporate HQ management suite** and its associated restaurant-level modules. The core focus is on replacing hardcoded data paths, inconsistent entity access, and legacy patterns with a centralized schema, standardized con",,5c0570f3-111f-44a0-8483-b37068eac2e1,,Likely Supportable,green,40,,,
69b77e20e5875d4ab6273bad,https://lunabear-story-sync.base44.app,LunaBear,,"The ""TeddyBear"" reading-tracker application has reached a functional state where core media playback features are being tested. The technical infrastructure was stabilized by fixing a critical `serviceWorker` backend function, which previously caused application crashes due to browser-only code exec",,411c846e-f848-4b8c-bf1e-1ba8863bceda,,Likely Supportable,green,40,,,
69b76f78f8b3f25fd572b2a7,https://ouuwee-home-shine.base44.app,Ouuwee Cleaning & Sanitation,,"The user is building a comprehensive lead generation and booking platform for ""Ouuwee Cleaning & Sanitation."" The project has evolved from a static multi-page site into a fully functional application featuring an instant quote calculator, a booking engine, and an internal admin dashboard for lead an",,23c23b7a-e6df-4816-8568-eab1f3380869,,Likely Supportable,green,40,,,
69b756b3edb999f30cbb51d8,https://craft-show-scout.base44.app,CraftShowFinder,,"The project, ""Vendor Real Talk,"" is a show-finding and review-management platform. Recent development focused on UI refinements and the implementation of a new donation section on the homepage to support the app's maintenance costs.

The ""Vendor Review Card"" UI was iteratively updated to increase he",,eacdf469-fedb-45fe-84ca-b86c907d06b5,,Likely Supportable,green,40,,,
69b3379302744db389a5ef35,https://lucky-20-89a5ef35.base44.app,Lucky 2.0,,,,7fab6a64-2fab-440c-b7fd-d9a539c56d0e,,Likely Supportable,green,40,,,
69b5e037dfdc281b41fac660,https://obedient-loyalty-link-pro.base44.app,Just For Fun Loyalty,,"The project continues to evolve its task management and CRM capabilities. Recently, the `ItemRequests` workflow was enhanced to include an `is_reorder` flag, allowing users to categorize specific requests as regular stock. This was implemented via a new checkbox in the request form and a correspondi",,e05e7c1f-8e16-4cd8-91ef-27662cd88bdf,,Likely Supportable,green,40,,,
69b6eaf36a66b1527ceceec6,https://grinning-apex-form-fit.base44.app,ApexForm,,"The project is a ""Bus Driving Simulator"" game, featuring a canvas-based game engine (`BusGame`), core driving mechanics, a student pickup/delivery system, and a progression-based upgrade framework. The game tracks in-game state such as money, score, and delivery counts, with a ""Game Over"" screen tri",,d5ebfb03-65df-4a08-bc7b-005ba158bbc4,,Likely Supportable,green,40,,,
69b6d934eef2e23b770c3906,https://artha-wealth-path.base44.app,Artha Strategist,,"The LegacyBricks platform has been enhanced with a robust, deterministic **Investment Ranking Engine** (`components/deal/InvestmentRankingEngine.jsx`) designed to filter and rank real estate listings based on objective financial performance. This engine enforces strict investment thresholds—requirin",,8efbd27e-932e-4309-9ec5-283d08ef18dd,,Likely Supportable,green,40,,,
69b6076653aa581f05d14cbc,https://fresh-harvest-box.base44.app,HarvestBox,,"The ""Anagha Farms"" platform has been configured for production, featuring a multi-step checkout workflow (Cart → Shipping → Review) that incorporates dynamic sales tax calculation (7%) as a distinct line item in the order summary. The backend integration with Base44 Payments has been established usi",,a798526a-86f6-4107-b1ff-8ac9f78c6c58,,Likely Supportable,green,40,,,
69ae2620151e62b00d74f1d0,https://easy-laundry-flow.base44.app,LaundryFlow Pro,,"The user is developing an AI-powered laundry management platform, which currently includes Google Calendar integration and is preparing for future Base44 Payments (Wix Payments) implementation. Development has been focused on personalizing user experience through settings, specifically ensuring that",,a93b8456-eb9d-4470-a061-bebc6c09e1f9,,Likely Supportable,green,40,,,
694e0442756f1bed532c3cb8,https://money-flow-pro-532c3cb8.base44.app,MoneyFlow Pro,,"The ""ND Life Harbor"" financial management application has completed its monetization strategy by implementing a three-tier ""MoneyFlow Pro"" subscription model, accessible via a dedicated `/Upgrade` page and a promotional card on the `/Settings` page.

The backend infrastructure for these payments is ",,f81763c2-83c7-4871-b637-8513913b4a1e,,Not Enabled for Wix,orange,70,Financial Services,Digital Banking / Money Services / P2P Payments,['financial management']
69b62c8082f6395bacc6b0c0,https://smart-arboreal-wealth-path.base44.app,WealthSense,,"The project, ""Empire Vault,"" has successfully integrated Plaid to enable real-time financial synchronization for bank, investment, and loan accounts. Backend functions for Plaid authentication and transaction syncing were established, and the `Accounts` page was updated with a manual sync trigger to",,1f567b1f-3d91-4ce2-afce-03de08cae340,,Likely Supportable,green,40,,,
6979c9236449a7fa04b120bd,https://a-touch-of-turquoise-04b120bd.base44.app,JohnyTurquoise.com,,"The ""Turquoise Oasis"" project has focused on UI refinements for the `pages/Home` landing page. Key adjustments included moving the call-to-action button downward by 20px and simplifying the button text to ""touch ོ"". The styling of this button was subsequently updated with optimized padding and lette",,159bb965-9234-444e-8ee3-d017d349f4f6,,Likely Supportable,green,40,,,
69b61147cdfc1dae544c3b6b,https://angelic-lumina-style-flow.base44.app,Hair By Madison Tylor,,"The project is a salon appointment and booking management system built on Base44, featuring inventory tracking, automated notifications, and an integrated payment flow using Base44 Payments (powered by Wix Payments). Recent administrative improvements include standardizing time displays to a 12-hour",,8e541f6f-7223-423e-8070-e2d6614067f3,,Likely Supportable,green,40,,,
69b5c5b46268ce2897c88d79,https://loud-echo-sphere-chat.base44.app,EchoSphere,,"The ""Vibes Chat"" project has expanded to include a robust, real-time notification system. Following initial UI refinements to improve navigation and hover-state stability, the focus shifted to backend-driven event handling.

A comprehensive notification architecture was implemented using three new b",,51c62b53-267e-4bca-94cb-f42439878a2b,,Likely Supportable,green,40,,,
69a4be768c0dc36e4f3cf0ab,https://mysthrylogy.base44.app,BeatBridge,,"The user is developing a music catalog platform on Base44, centered on the ""Ramma Tamma"" EP. The project uses an `Album` entity to manage metadata and track listings, with a dedicated `AlbumDetail.jsx` page serving as a pitch deck for sync licensing. The platform utilizes a ""contact-gated"" model, wh",,9e1b45e0-c5be-4bd9-955f-63c14c9943d1,,Likely Supportable,green,40,,,
69b4ad08f644cdabaffc29f8,https://safe-pfr-now.base44.app,P.F.R (Police Fire Rescue),,"The user is developing ""P.F.R — Police · Fire · Rescue,"" an emergency safety iOS application built on Base44. Key features implemented include an emergency SOS system with location sharing, an AI safety assistant, law lookup, and community reporting tools. To support the App Store submission process",,10723821-4f85-47c3-9182-05d745302d2d,,Likely Supportable,green,40,,,
69b5e7aed8895bcbf9f1423b,https://avera-refined-lab.base44.app,AVERA,,"The project focus has been the comprehensive optimization and QA of the email notification system, standardizing all communications from `support@averarefined.com` using Resend. Key technical changes included migrating the tracking email provider from Base44 Core to Resend, standardizing Order ID fo",,0a6e5e83-2ad7-43b6-bfe8-c2691304dd22,,Likely Supportable,green,40,,,
6971ae200e4c52dca531daf3,https://fieldtalk-foundation.base44.app,Fieldtalk Foundation,,"The project has evolved into a robust equipment loan management system that supports both internal organizational assets and sponsor-managed equipment. Key architectural updates include the implementation of a unified `EquipmentLoanPanel` used across admin and sponsor interfaces, featuring a ""loan t",,572db096-ac77-4648-a5df-ae2e54c5dace,,Likely Supportable,green,40,,,
69ae1742c0ec39dee20f58a0,https://museum-mystery-hunt.base44.app,Smithsonian Mystery Chase,,"The project has focused on implementing a consistent visual aesthetic across the application, specifically the addition of a halftone dot background texture. Following the successful integration of this background into the `Home` page, the user requested that this visual theme be extended to all oth",,494ee7a6-2b02-4ce6-9ec7-6e0ecc71a3f4,,Likely Supportable,green,40,,,
697260d06ed41ad568460a46,https://xtudiocut.base44.app,Xtudio,,"The project continues to evolve the ""XtudioTimeChallenge"" application, with recent efforts focused on cleaning up legacy pages and implementing a real-time notification system. The ""Live Arena"" page has been fully removed, including its associated file, routing in `App.jsx`, and navigation entry.

T",,0fb84b0c-30a4-4c93-b2bb-2931fd39c22c,,Likely Supportable,green,40,,,
69b580790e797d9cc986a90c,https://chelsea-bagel-bloom.base44.app,Chelsea Bagels,,"The `chelseabagels.com` e-commerce application is actively managing customer orders, with a current focus on maintaining accurate order statuses and payment synchronization. Recent operations involved confirming specific customer orders within the `Order` entity, specifically updating an order to th",,14db339b-4cdd-403e-94fe-48eecab9e637,,Likely Supportable,green,40,,,
69b5a2678994c8362cbb5fa3,https://overjoyed-silver-ride-ease.base44.app,SilverRide,,"The project is a senior-friendly transportation booking application (""RideEasy""). The UI is being refined with a high-contrast design, featuring a standardized sky-blue color palette for merchant cards that includes hover/active states with border and glow effects. To improve the user experience for",,b6d5b005-1d3f-46e2-a4d4-fe820fdc048c,,Likely Supportable,green,40,,,
69b59b86b194391416c9be27,https://hms-lux-scent.base44.app,HMS Lux,,,,84350982-b507-4f80-93ae-1e47676d76d1,,Likely Supportable,green,40,,,
69b48912e5ca057ad110a676,https://flow-pay-d110a676.base44.app,FlowPay,,"The project has transitioned from a focused digital goods store to a more versatile platform. Following the successful integration of a `CartProvider` and `CartDrawer` to manage multi-item checkouts via Stripe, the system was updated to include a `stripeWebhook.js` backend function that processes `c",,cddd08f3-a7ea-4811-a991-d51dda7a1a42,,Likely Supportable,green,40,,,
69b49210adc75388606c4814,https://nclex-quest-go.base44.app,NCLEX Quest,,The project is currently focused on an extensive UI and accessibility overhaul to standardize interactions and ensure native iOS-like behavior. The primary architectural change has been the systematic removal of native HTML `<select>` elements and custom `Drawer`-based pickers in favor of a centrali,,b6ee399e-e301-462b-b22b-db6b67cc1417,,Likely Supportable,green,40,,,
69b55fa91d20d7212366ed74,https://kickass-quick-scan-flow.base44.app,QwickQR,,"The user has built a premium QR Code generator application using the Base44 platform, featuring a minimalist design, multi-tiered pricing ($0.50 per code, $3.99/weekly, $12.99/monthly), and integration with Base44 Payments. The application architecture includes a `Generator` homepage, a `PricingModa",,1fd12e5d-f65a-4632-9555-17373e2d9a26,,Likely Supportable,green,40,,,
69b50e6a22413bb7861d6581,https://quick-swap-flow.base44.app,QuickSwap,,"The Adtronics project is focused on maintaining an e-commerce storefront that synchronizes product data from eBay. Following issues with image data loss during automated syncs, the synchronization logic was refined to prevent accidental deletions, though some items still require manual image URL res",,3a2fcee0-2927-4a31-adda-1a4d207a0fa3,,Likely Supportable,green,40,,,
69b429f9d993e5da31c42f04,https://vantage-win-vault.base44.app,VantageBet,,"The user is developing a luxury casino platform on Base44, featuring a wallet system, ""Base44 Payments"" (Wix) integration, and a ""Fish Shooting"" mini-game. Recent development focused on resolving a 404 routing error for the ""Fish Shooting"" game, which was successfully addressed by renaming the sourc",,4ff15921-9a37-4ec8-a1bd-3b5cd6d4057e,,Not Supportable,red,50,Gambling and Games of Skill,Betting / Casino / Lottery,['casino']
6914dba36f941b31f6a1ec63,https://restrainingorder.base44.app,RestrainingOrderFile.com,,"The development of the RestrainingOrderFile.com platform has progressed into the practical implementation of the AI-enhanced quiz funnel. The project team has successfully defined the `QuizResult` entity to capture nuanced user data, including jurisdiction, situation type, urgency, and specific conc",,6cf8c3e4-a705-4fa3-a414-faf1459e3d90,,Likely Supportable,green,40,,,
698e92dcaa89d7e86672d820,https://dreem-care-now.base44.app,DreemTeem HomeCare,,"The ""DreemTeem HomeCare"" portal is being developed on Base44 to manage service inquiries and caregiver applications. Key features include a job board for caregiver positions, with recent updates confirming ""CNA certification required"" is now live on the Careers page via the `Job` entity. The applica",,80761ec9-3cc9-457e-98a5-6cec6f5472eb,,Likely Supportable,green,40,,,
69b4b864ae032d820bad4516,https://time-keep-sync.base44.app,TimeKeep,,"The user is developing ""WorkTracker,"" a time and activity logging application. The project has recently expanded to include event tracking, reminders, and a comprehensive holiday calendar that supports multiple religions, countries, and cultural categories. Key technical implementations include new ",,7b26d068-7d18-46b3-ae5f-a1baa3d145f1,,Likely Supportable,green,40,,,
69b3edfecaa85b062ad4b96b,https://chore-mate.base44.app,ChoreMaster,,"The ""ChoreMate"" project has expanded significantly to include three major new features: **Reward Item Gifting**, **Enhanced Parental Controls**, and a **Community Chore Exchange**. These additions aim to increase user engagement and provide more robust management tools for Pro subscribers and family",,cb600297-0c75-48b7-a3de-7b0b7dfdfb07,,Likely Supportable,green,40,,,
69aa9660638143c5b568a329,https://mint-scan-gold.base44.app,NumisLens,,"The user is continuing to refine the mobile-native experience of **NumisLens**. Recent development has focused on enhancing interactivity and layout consistency across the platform's key pages (Explore, MyCollection, and Showcase).

Key technical changes include:
*   **Pull-to-Refresh Functionality*",,bd293228-bf1d-453a-a7f6-6b3d08b2015b,,Likely Supportable,green,40,,,
69b234ae5ea20248522078a0,https://scrap-haul-hub.base44.app,ScrapApp,,"The user is building a scrap metal and appliance marketplace platform. The application features location-based pickup requests, real-time SMS notifications via Twilio, and a robust payment infrastructure. Recent developments focused on auditing and stabilizing the payment system, specifically addres",,cd48d051-19c2-4f38-a4de-ac32207647b5,,Restricted — Review,orange,70,Marketplaces and Aggregators,Marketplace / Multi-Vendor Platform,['marketplace']
69b49f560aa29208ac7683ab,https://cedar-bloom-shop.base44.app,CedarCraft Planters,,"The project, ""JackStraw,"" has expanded its product catalog to include two new handcrafted cutting boards: an end-grain model ($65) and an edge-grain model ($85). A dedicated ""Cutting Boards"" category has been established, necessitating structural updates to the `Shop` and `Product` pages to accommod",,28f13a2b-13d3-48c8-ba8c-64c40862ffe8,,Likely Supportable,green,40,,,
69b39dfbfdee101bd3be8cc8,https://phase-theory-root.base44.app,Phase Theory,,"The project has seen iterative updates focused on refining the e-commerce user experience and strengthening brand messaging. Key functional changes include the addition of a coupon code input to the `CartDrawer` with validation against the database for existence, usage status, and expiration. The pr",,cabb3da9-a39f-43b4-980f-e96d60f4b8d5,,Likely Supportable,green,40,,,
69b1a6b3fc3596b39a26b90e,https://scripture-sprint-play.base44.app,Total Bible,,"The project has undergone a significant architectural refactor to improve code organization and maintainability by introducing service-based grouping. The codebase has been restructured into two main service modules: ""Games"" and ""Content."" Components were moved into `components/services/games/` and ",,1992351b-4d28-421c-8080-8738ca39683e,,Likely Supportable,green,40,,,
69a0eb086d680135926f30de,https://mother-made-demo.base44.app,Mother Made Co.,,The project is currently focused on resolving a persistent 500 error during the checkout process caused by a corrupted `STRIPE_SECRET_KEY` environment variable. Diagnostic testing of the `createCheckout` backend function confirmed that the error stems from a hidden character artifact (`\ufffdS`) int,,fd48912a-b200-4b36-8c12-d1523f241b6c,,Likely Supportable,green,40,,,
69b3dbfd934ff08e114959e5,https://bold-soul-stitch-studio.base44.app,SoulThread,,"The user is developing an e-commerce platform for custom t-shirts on Base44, focusing on the rendering and data management of `TShirtDesign` entities. Key recent activities include performing bulk updates to the `TShirtDesign` collection to populate missing `quote` fields with specific Psalms script",,0675616f-5984-499d-ba76-ec7279305b6c,,Likely Supportable,green,40,,,
69b40fac3dfe8c5fb776dd15,https://arcane-daily-light-path.base44.app,Devocional Legacy,,"O projeto ""Devocional Legacy"" avançou significativamente com a implementação de funcionalidades voltadas para a experiência do usuário e personalização de conteúdo. Para aumentar a retenção e acessibilidade, foi configurado o suporte a Progressive Web App (PWA), incluindo a criação de um arquivo `ma",,2ce73cd5-93d4-4884-ae53-1023ca0f3126,,Likely Supportable,green,40,,,
69b38d847bfa616200be88f9,https://dreem-teem-home-care-copy-00be88f9.base44.app,World Of Chef Scott,,"The ""Raíz Eatery"" platform has been significantly expanded to improve customer engagement and operational efficiency. The project now includes a category-based filtering system on the menu page, allowing users to navigate between pizzas, sandwiches, salads, and drinks. A dedicated contact page was i",,6d07fb3c-97bf-49b4-bcd9-b31851608ec8,,Likely Supportable,green,40,,,
698b924df0a8bff2bc40d604,https://mariachi-youth-sv.base44.app,Silicon Valley Mariachi Foundation,,"The Budget Planner application has been refined to resolve persistent mobile layout and PDF export issues. The core layout was updated to be fully responsive by replacing fixed dimensions with flexible containers, implementing vertical stacking for mobile viewports, and ensuring that overflow and wi",,db6ba47c-0d37-45a5-a251-b0136f62f0e4,,Likely Supportable,green,40,,,
694b0cef6e6857dc6518b83e,https://skyline-loan-signings-agency.base44.app,Skyline Loan Signings Agency,,"The project has shifted from an automated agent payout system to a **neutral Vendor Management System (VMS)**. The platform now facilitates connections between notary signing agents and clients—including scheduling, document management, and communication—while explicitly excluding the platform from ",,2403ee60-bbfd-4f5c-922d-81cd7f014789,,Likely Supportable,green,40,,,
69b387d441135100b98ffd76,https://oya-spell-vault.base44.app,HOUSE OF OYA BOTANICA,,,,8edc2139-74f9-4434-a6ba-4f2b41e2b9bb,,Restricted — Review,orange,60,"Unfair, Deceptive, or Abusive Practices",Psychic / Spiritual / Occult Services,['botanica']
69b363d2ff9677998362a5bc,https://sorry-stuffed-delivery.base44.app,The Bad News Bear,,"The project currently features a functional ""Dispatch Records"" system that displays user-specific order history, including shipment tracking details and categorized status views (active vs. completed). The architecture leverages an `Order` entity, an `OrderCard` component, and the `wix-payments-webh",,823b7e17-df70-441e-ade3-813efb6d265d,,Likely Supportable,green,40,,,
69471e6a56eff0d3213224fe,https://craveculture.base44.app,Crave Culture,,"The ""Crave Culture"" application is undergoing a strategic pivot from a traditional bakery storefront to a curated marketplace platform that hosts and delivers weekly dessert drops from independent local bakers. Key technical progress includes the successful integration of Base44 (Wix) Payments to ha",,59057362-1d9f-4c86-960b-1bef6a5a99e6,,Restricted — Review,orange,70,Marketplaces and Aggregators,Marketplace / Multi-Vendor Platform,['marketplace']
6998a43fd71435870bf59305,https://missouri-cookie-co-0bf59305.base44.app,Missouri Cookie Co.,,"The ""Pink Box Cookies"" application has been updated with a full payment integration using Base44 Payments (Wix Payments). A new backend function `createCheckout.js` was implemented to process payments, and a corresponding `ThankYou.jsx` page was created to confirm successful transactions. The `Order",,68970321-fb37-410c-a04b-8a1da1a947e7,,Likely Supportable,green,40,,,
699aba500e8be51acabe5f29,https://ivity-show-live.base44.app,Ívityscape,,"The ""Anívity"" platform continues to evolve its immersive Director Console and user-facing experience. The Director Console now features an improved workflow selector, allowing directors to toggle between ""Main"" and ""Opening"" experience modes, with conditional routing logic that directs users to the ",,8d78d349-703e-4592-90be-e286887c8a92,,Likely Supportable,green,40,,,
69751af69f4f6b2b9fad52be,https://vapsecurity.base44.app,GuardianAI,,"The VAPS project has evolved into a comprehensive, production-ready marketplace SaaS for connecting clients with independent security providers and licensed companies, strictly maintaining a ""software platform only"" legal posture. Key architectural changes include the consolidation of backend data m",,6ff14f0b-2e7e-4859-b888-4eb86de7a4a6,,Restricted — Review,orange,70,Marketplaces and Aggregators,Marketplace / Multi-Vendor Platform,['marketplace']
69b323e7403508914890e411,https://kooskia-curtain-call.base44.app,Kooskia Opera House Manager,,"The user is developing a website for the ""Kooskia Opera House,"" featuring event management, a photo gallery, and a custom ticket-booking system. Key updates include the creation of an interactive seating map (`SeatingMap` component) that distinguishes between premium ($20) and regular ($15) seats, s",,7f039884-5bd6-4745-8bff-313cb976df6d,,Likely Supportable,green,40,,,
69b2dd7ea87e0c085600c434,https://youngtef.base44.app,TefApp,,"The user is developing ""Young Tef,"" a public-facing artist application on Base44. The project is currently focused on implementing a mailing list and exploring deployment options. Recent technical changes include the creation of a `Subscriber` entity to track fan emails and the implementation of a b",,d71027f6-f082-4a29-adc0-905d94d2c834,,Likely Supportable,green,40,,,
69b2ccda46412775be1a87a5,https://root-row-pick.base44.app,Root & Row,,"The project is a mobile-first shopping application for farm stands. Recent efforts focused on refining the ""Base44 Payments"" (Wix Payments) integration to ensure reliable redirects by dynamically passing the application's origin URL to the backend. The payment flow was further updated to handle pote",,411b014c-ed73-436e-a231-fc7517f9fe07,,Likely Supportable,green,40,,,
69b3009b70dfa028a185a60b,https://tentacled-test-pilot-go.base44.app,TestPilot,,The project is currently focused on optimizing cross-platform UI rendering and preparing for the integration of Base44 Payments (Wix Payments) and Google Analytics. UI work has centered on resolving iOS display issues by implementing `viewport-fit=cover` in `index.html` and defining CSS environment ,,132611cf-2e24-4bfc-8b83-5e633cfab7e7,,Likely Supportable,green,40,,,
6966c0088e94e6c9e7ec3b40,https://interstatecrm.base44.app,Interstate CRM,,"The project is a CRM and service management platform for Interstate Security Inc. The system manages core entities including Customers, Invoices, WorkOrders, ServiceTickets, and Technicians. Recent discussions have focused on extending functionality through AI-driven automation—such as intelligent s",,dee6e08a-bb7f-4bb7-a03b-5722e82d9e31,,Likely Supportable,green,40,,,
69b2fa63ac9080784133505e,https://trim-flow-lawn.base44.app,TrimFlow,,"The user has finalized the project identity as ""Shiny Cans,"" transitioning away from ""Elite Lawn Care"" to focus exclusively on professional trash can cleaning services. This involved a complete rollback of lawn-related UI components, content, and service definitions to reflect the trash cleaning bus",,ce5ac3d3-387d-4caa-8a6e-5d389d8c150e,,Likely Supportable,green,40,,,
69b27f2afd16262d90ae5b77,https://sage-90ae5b77.base44.app,Sage,,,,9d0c57d3-eebb-42e9-900e-ba925c93c784,,Likely Supportable,green,40,,,
69ae262caa02f4801bbd30c4,https://rise-path-method.base44.app,RISE — The O'Brien Method,,"The project is a personal growth and meditation application. Recent development has centered on implementing a ""Base44 Payments"" subscription system and addressing critical responsive layout issues to ensure cross-device accessibility.

**Key Technical Decisions and Changes:**

*   **Subscription Wo",,bef24323-4b90-4039-970b-5c3d24b925da,,Likely Supportable,green,40,,,
69a901c84a31737641fa942b,https://wmicruises.base44.app,WMI Cruises,,"The user has continued to refine the ""Join Us"" page by adding a new ""Group Communication"" section. This section provides detailed recommendations for three radio communication options (RA87, RA86, and GM30), including descriptions, technical specifications (power output), and external product links.",,6a722268-ac4a-467e-b470-32594a41a719,,Likely Supportable,green,40,,,
69a33a95798034b14ce363c6,https://salon-envy-franchise.base44.app,Salon Envy® Website,,"The project is currently focused on resolving pervasive rendering issues causing blank pages across the application. The debugging process identified that the platform was injecting `data-source-location` props into `React.Fragment` elements, causing runtime crashes. 

Key technical decisions and ch",,ecc0b7e8-521b-4c79-838b-01b5f86ab331,,Likely Supportable,green,40,,,
69ab5a1f9f77342a437f1b9d,https://aura-fm-live.base44.app,100 Visages Radio,,"The **100 Visages Radio** platform is being developed to include an AI-driven music generation feature. Development has focused on integrating the Gemini Lyria API to enable the direct generation of audio content based on user-provided genre prompts and descriptive text.

Key technical progress invo",,3b372845-80c6-4561-a92e-ca70fdaf078c,,Likely Supportable,green,40,,,
69b22ce4b3c789542a9dd6b2,https://macimcgraw.base44.app,Maci McGraw,,"The project, ""Maci's Kitchen,"" maintains a product catalog with a custom `ProductCard` component that supports flavor selection and specific inventory items. The `Shop` page and `CartDrawer` have been configured to treat product variants as unique items using a `_cartKey` identifier. 

Recent update",,e7bcbabd-79e9-4536-9ca4-8e46cb4c7ef1,,Likely Supportable,green,40,,,
69ac29c25a5f7dbbeef56e86,https://line-craft-labs.base44.app,LineCraft AI,,"The ""GoToVector"" platform is a specialized tool for vehicle wrap professionals to convert images into vector templates. The core application logic facilitates a multi-view template generation process, and the platform has integrated Base44 Payments (via Wix Payments) to handle checkout flows, utiliz",,fe794a38-3563-4942-b9bf-c9d90ad6026b,,Likely Supportable,green,40,,,
69af05523d6ca820b85ae22d,https://karshie-kids-b85ae22d.base44.app,KarshieKids,,"The project has evolved into a robust internal management system centered on an **Admin Invite Center** for tracking parent referrals, access requests, and user invite codes. To support user communication, a `SupportInbox` entity was created, accompanied by a frontend `ContactUsForm` for submissions",,9d5af327-5538-4f4e-98f7-78ecac8aebf1,,Likely Supportable,green,40,,,
69b1949236e69d4495687a14,https://mystical-feather-collective.base44.app,Mystical Featherz Inc,,"The project has been enhanced to provide artists with comprehensive financial documentation tools for all sales and projects. Key functionality includes the `ProjectInvoiceModal`, which calculates revenue based on a 70/30 split, tracks deductible material and shipping expenses, and generates branded",,357be9a5-1aa3-406b-90af-2752424b4962,,Likely Supportable,green,40,,,
69ad92fcc839222ba81f1d3d,https://teach-share-link.base44.app,ティーチャー✖︎ティーチャー,,"The project ""ティーチャー✖︎ティーチャー"" is actively implementing Stripe Connect’s embedded components to modernize the seller onboarding and payout experience. The goal is to keep users within the platform for all financial operations, replacing traditional redirects with a native, localized Japanese UX.

Key ",,da75f884-4bce-41df-958c-a964524fda53,,Likely Supportable,green,40,,,
69b1d7e714cb14fb7198ea31,https://simple-law-flow-pro.base44.app,UCC Master,,,,b59cfbe5-fed9-446e-849d-e17d6c226d4e,,Likely Supportable,green,40,,,
69af713fc7b04837bd71aaeb,https://echo-brand-sync.base44.app,VoiceMirror,,"The project **Echolo** has undergone significant structural and aesthetic refinements to its landing page. The ""Demo"" section, along with its associated navigation link and hero-section call-to-action, has been completely removed. This resulted in a cleaner, more focused user journey centered on the",,9b70e94f-0f5c-4039-9934-1d65db7054f5,,Likely Supportable,green,40,,,
69b13afba9cc6c0a481649e6,https://unique-sparkle-up-now.base44.app,SparkleUp,,"The user is working on the ""Sparkle Up"" application, which is undergoing significant updates to prepare for a live launch. The application focuses on managing cleaning services, differentiating between residential and business clients, and integrating payment processing.

Key developments include th",,2fecaaf6-0804-45cb-9331-2e0261f867d7,,Likely Supportable,green,40,,,
69aed163ed3ff266606ebccf,https://med-route-now.base44.app,MedRoute,,"The user is building a medical transport application on Base44, focusing on refining UI/UX and ensuring cross-platform stability. 

Key project milestones and changes include:
*   **UI/UX and Navigation:** The navigation bar was updated to ensure phone and email links are correctly formatted for mob",,8c885b50-0dd6-4dfe-b850-6fe176e2b2d9,,Likely Supportable,green,40,,,
69af3777d8339444e2595f64,https://impartial-neon-vault-hub.base44.app,INSTASTACKED,,"The project has evolved into a robust, open-market platform where users can act as independent sellers alongside the existing admin-managed storefront. This transformation involved establishing a comprehensive seller ecosystem, including shop creation, product listing flows with support for rich med",,9546fbbb-92bc-453a-a407-091072679617,,Likely Supportable,green,40,,,
69b19804baa573953ef01bcb,https://obsidian-silk-sculpt.base44.app,Obsidian & Silk,,"The user is building ""The Sculptural Patisserie,"" a luxury cake shop website defined by a brutalist, avant-garde aesthetic. The design relies on a dark obsidian and raw silk color palette, serif and monospace typography, and dramatic, chiaroscuro-inspired product photography to create an architectur",,c17bef29-932a-4402-86cf-69fe678837a7,,Likely Supportable,green,40,,,
69b194159e8db114a0ba6857,https://ailuro-sovereign-sanctuary.base44.app,Project Ailuro,,,,afd493c9-ece3-4ac0-8a1f-dba7a62c3f84,,Likely Supportable,green,40,,,
69b1712caaef740ae9cf8529,https://roam-meet-bond.base44.app,VoyagerConnect,,"The **mytripbuddiez** platform is a travel social and marketplace app transitioning to a fully integrated transaction-based model. Recent development has focused on finalizing the payment infrastructure and enhancing user-facing decision-making tools.

**Key Technical Developments:**
*   **Payment I",,6938265a-b331-4c43-b642-3f96efc367d3,,Restricted — Review,orange,70,Marketplaces and Aggregators,Marketplace / Multi-Vendor Platform,['marketplace']
69b0c48bcd2049572a2baa71,https://rev-flow-pro.base44.app,RevFlow,,"The project is currently focused on enhancing the service department management platform by implementing two major features: Base44 Payments (Wix Payments) integration and a file management system for `RepairOrder` entities. 

The Base44 Payments integration is underway with the implementation of a ",,ff710d92-e075-4320-a6a6-f716b818f628,,Likely Supportable,green,40,,,
69b1449aed0a55fcc35833db,https://neon-flow-forge.base44.app,NeonBuilder,,"The user has built a high-tech, dark-themed app builder platform titled ""BuildStack,"" designed for users to create and manage their own applications. The core architecture includes a dashboard for analytics and activity, a visual drag-and-drop builder (featuring a component palette, canvas, and prop",,54456b64-4c46-4dc5-921b-2c82887751b5,,Likely Supportable,green,40,,,
69a8fb97e8f351ee93facbbe,https://offbeat-build-smart-flow.base44.app,Buildpro-Web,,"The **BuildPro** construction management platform has been updated to enhance administrative oversight and branding flexibility. The `AdminDashboard` now features a dedicated ""Overview"" tab, which centralizes critical project data through four primary KPI cards (pipeline value, revenue, deposits, an",,fd575769-1262-42e8-abdc-fe7b27211c05,,Likely Supportable,green,40,,,
699fdffa360246c0119ef6b4,https://kinematx.base44.app,KinematX,,"The enterprise administration application is centered around the `EnterpriseDashboardV2.jsx` page, which serves as a unified command center for managing practitioners, KPIs, audits, security policies, and subscriptions using a consistent KinematiX dark theme. Recent development has focused on stabil",,883df300-6173-436d-a0e3-6b8349563cf4,,Likely Supportable,green,40,,,
69b14aa8bf673c327f819f12,https://sole-bound-store.docker-pr-4672.velino.org,SoleBound,,,,0564c1bf-f622-43c4-97ef-8299072550f9,,Likely Supportable,green,40,,,
69b0ffabeee1fad59f4c75fa,https://aeoncustomflooring.base44.app,Aeon Custom Flooring,,"The user is refining the UI of their flooring company website, focusing on the Home page and the shopping cart interface. Key updates include making the ""Request a quote"" text in the `HeroSection` clickable to direct users to the ""Schedule Measurement"" page and improving readability in the `ShopFloo",,2555f698-db6e-4853-aa5c-be3ff3b3ba4e,,Likely Supportable,green,40,,,
699abdbdab9c1137d83c7e41,https://senior-care-search-d83c7e41.base44.app,Senior Care Search,,"The project is currently focused on optimizing the `Landing` page and addressing mobile navigation and layout issues. Recent structural refinements to the `Landing` page included transitioning to a two-column layout and updating the hero section title to ""Find Senior Care Without the Hassle and Hidd",,b88cf132-5bd6-4962-9f2d-8a50da95a338,,Likely Supportable,green,40,,,
69b0f282879385b3a3f5a655,https://solid-plan-craft-go.base44.app,EventCraft,,"The user has finalized the Client Portal's financial workflow by implementing a direct ""Pay Now"" functionality. This feature integrates with Base44 Payments to generate checkout sessions based on real-time outstanding balances, allowing clients to settle invoices directly from the portal. Upon succe",,0e76735f-1042-449a-b9bd-e7dec8dd77ae,,Likely Supportable,green,40,,,
69b0f480dc5ffa64d2964621,https://tstreet.base44.app,TStreet,,The project is a social culinary mobile application currently undergoing refinements to its interaction components and data persistence logic. Key developments include transitioning the `ReelCommentsSheet` to a React Portal to resolve CSS clipping issues and implementing a collapsible thread view fo,,f2e4d482-e0a7-46ea-8973-f72093b474c2,,Likely Supportable,green,40,,,
69b0dbed63a18121005a8594,https://indy-ride-trade.base44.app,Sell My Car Indy,,"The ""Sell My Car Indianapolis"" platform has been updated to include a formal content approval process and expanded business service offerings. The `Testimonial` entity now includes an `approved` boolean field, and the `TestimonialsSection` was updated to display only approved submissions, ensuring t",,0084fcd1-6060-47e4-8c96-2818a5ef7df1,,Likely Supportable,green,40,,,
69863a2d3ce1a03f34886dfc,https://theeliteadministration.base44.app,The Elite Administration LLC,,"The project, ""The Elite Administration,"" focuses on a dual-acquisition model for its bookkeeping business, utilizing a lead magnet for data collection and a premium spreadsheet tracker for paid sales. The infrastructure includes a storefront for product sales and a dedicated `Lead` entity for storin",,44532922-9128-4911-9a30-2a2fde4645a4,,Likely Supportable,green,40,,,
69b0c0a9f66741bd3c9e08a6,https://fragger-movement-threads.base44.app,Fragger Movement,,"The project centers on the ""Fragger Movement"" e-commerce brand, which is currently focused on automating product synchronization from Printful and establishing a robust payment flow using Base44 Payments (Wix). 

Key infrastructure developments include the configuration of essential environment vari",,2bb6d247-5b94-480d-9d89-dd7a7019b23b,,Likely Supportable,green,40,,,
6998b5a9f67c5a25422aa622,https://frank-jazz-club.base44.app,Frank Vignola Guitar Club,,"The user is maintaining the ""Frank Vignola Guitar Club"" app, specifically focusing on the reliability of automated social media workflows managed via the Buffer integration. Previously, social media posts were failing due to expired Instagram authorization tokens.

To prevent future service disrupti",,4e3d22c5-75ac-4ec2-bf12-494ba8b6c8a7,,Likely Supportable,green,40,,,
69add7ff61d1e52bdfcfa507,https://beat-bounty-flow.base44.app,Streampayzz,,"The Streampayzz platform has been updated to align the `EarningGuide` component with current earning and payout policies, specifically removing the ""Enable Your Microphone"" step, setting the earning rate to $0.01 per 3.5 minutes, and establishing a minimum payout threshold of $5.00.

Regarding the `",,d1dc05cb-b574-49fd-903a-9298b6b38eb8,,Likely Supportable,green,40,,,
69b051067f715feb89df5c63,https://studio-smart-solve.base44.app,StudioAi,,"The project is an ""always-on"" voice application that leverages Base44 Payments for subscription management. Recent work focused on resolving Row-Level Security (RLS) conflicts to enable administrative subscription creation and refining the backend logic for Wix Payments. Specifically, the `initializ",,7b57657a-e6e7-4555-96ed-1148caf999ca,,Likely Supportable,green,40,,,
69b083c23f9b8320a480723c,https://gvendors-market-hub.base44.app,GVendors,,"The project focuses on developing an e-commerce storefront within the Base44 platform, specifically refining the `ProductCard` component to handle complex product variants. The user has implemented a multi-dropdown architecture that decouples product attributes—such as color and size—allowing for in",,3fb44a74-a028-42f8-9a5e-79ef5c2397a9,,Likely Supportable,green,40,,,
69ae49525177f245d0023805,https://bengali-bite-box.base44.app,Curry on Wheels,,,,6bf2a2ad-b061-42b0-a9c9-003d82eae4c7,,Likely Supportable,green,40,,,
69ab30ee05410af5423ad194,https://nobs-news.base44.app,NoBS News,,"The ""NoBS News"" platform has been updated to support personalized user experiences through language localization and robust article processing. The `Settings` page now features a dropdown menu for selecting from the top 20 most spoken languages, which updates the user's `preferred_language` profile ",,e8ac4ed3-97a1-4237-8fc1-9f1078da762b,,Likely Supportable,green,40,,,
69b06a457cbe8f7b6add6885,https://velocis-shop-suite.base44.app,Velocis Commerce,,"The ""Lavender Lane Farmstead"" project has successfully transitioned to using Base44 Payments (Wix Payments) for its e-commerce checkout flow. The backend `createCheckout.js` function was implemented to generate secure payment sessions, which now redirect users to a managed checkout page. Upon succes",,a20f3406-1e8f-455d-a8e3-42f12ad00270,,Likely Supportable,green,40,,,
69b036f5c388fae0edadfaa0,https://fortunate-deal-check-pro.base44.app,TradeTruth,,"The **TradeTruth** platform is a vehicle data service focused on VIN searching and sales record management. Recent development work addressed UI layout conflicts in the `VinSearch` component, which were resolved by transitioning from shadcn components to standard HTML form elements to ensure consist",,9573dc9a-c75d-46d8-badc-66b790a39dc7,,Likely Supportable,green,40,,,
69b02eb834b951f1d1a8b05a,https://home-direct-deals.base44.app,HomeDirect,,"The ArpyEscrow platform has continued to evolve its data architecture to support complex real estate closing and title management workflows. Key additions include the formalization of several core entities: `ClosingCoverageRequest` for managing closing professional assignments, `CommunityEvent` to t",,3fec416f-fb5e-47a1-abeb-1882c6c5b822,,Likely Supportable,green,40,,,
69ae1d807531848f8c805758,https://see-thru-wifi.base44.app,WiFi Sense,,"The ""WiFi DensePose"" project has focused on refining the ""Node Agent"" script and the ""Laptop Monitor"" dashboard to ensure reliable live data processing and visual feedback. Key technical updates include:

*   **Node Agent Refinement:** The CLI output for the Node Agent was completely redesigned to f",,13fe2ac7-d15a-4ad1-b2f4-d02faea3937a,,Likely Supportable,green,40,,,
6979764cdb97514dca4f8b85,https://instaservis.base44.app,InstaServis,,"The ""Professional Dashboard"" project has expanded to include a specialized UI for surgeons, mirroring the existing ""massage body map"" functionality. A new `SurgeonHeadMap` component was developed, featuring a neon-styled interactive SVG of a human head. This component allows users to select specific",,f6e22adf-67aa-488f-be4c-d57a50d5fbff,,Likely Supportable,green,40,,,
69b05a9e71c98468d0d9846d,https://elite-vacay-gear.base44.app,Elite Vacation Rentals,,"The ""Legacy Mobility Solutions"" project has completed the implementation of a comprehensive post-rental feedback system. Key technical additions include a new `Review` entity designed to track order-linked feedback, along with an approval workflow to ensure content moderation. 

Frontend components ",,a7b18fb6-145f-42c3-b18c-96a30c2dd25b,,Likely Supportable,green,40,,,
698211d016ebd6d9bce7ac58,https://cavellin.base44.app,Cavellin — Physician Contract Analysis,,"The ""CV Builder"" application is in the final stages of refinement, focusing on wizard navigation, state persistence, and a polished user journey. Development has centered on implementing a `last_step` tracking mechanism within the `ProviderProfile` entity, enabling users to exit and resume the wizar",,5ce539dc-0d76-4726-8199-b3f6c3d189f7,,Likely Supportable,green,40,,,
697fa4fd9e80ed9e2d3d3ec7,https://apollo-the-sovereign-ecosystem-2d3d3ec7.base44.app,VIABLE ARTS,,"The project has focused on refining the visual and functional components of the ""Founding Invitation"" and the NACPA institutional portal. Key visual adjustments were made to the `InvitationCertificate` component, specifically updating the embossed seal to feature an ""Apollo Gold"" metallic finish and",,289d8e7d-8cd3-4cf9-975d-d5dae970c6fb,,Likely Supportable,green,40,,,
69a08cc7ddca3dac135a2266,https://aware-conscious-style.base44.app,AWARE,,"The user is building a minimalist e-commerce website for a clothing brand called ""AWARE"". The core focus has shifted to prominently featuring a single product, the ""Aware Tee"". Initially, the product display had multiple images and a ""Collection"" heading, but this has been refined to show only one i",,3ea1992e-f7f0-482a-b14b-e7b1e6a0c55a,,Likely Supportable,green,40,,,
699b1988309815793ad72be5,https://base-print-pro.base44.app,Base 44 Precision 3D,,"The user is developing the ""3D PrintShop Companion"" application, which includes e-commerce functionality with Base44 Payments (Wix Payments) integration, handling checkout creation and webhook verification. The application also features an ""Order History"" page for tracking orders via email.

Recent ",,a11c0c62-41b5-4060-a517-a0d1c5517cdc,,Likely Supportable,green,40,,,
69a05d7c165b0db3d006ca59,https://judicious-insight-data-stream.base44.app,InsightFlow,,"The user is developing a clinical documentation platform, recently rebranded as ""HealthScribe AI,"" designed to streamline SOAP-G notes for physical therapists and other medical professionals using AI-assisted transcription and template management. The project is built on the Base44 platform, leverag",,d18664a1-6f3d-47b2-8bae-32eee5456fcc,,Likely Supportable,green,40,,,
695e8d3a67c78a924e745341,https://astrion.base44.app,ASTRION LABS,,"The user is continuing to refine the UI consistency of the application, focusing on typography and modal responsiveness. Following the standardization of dialog components, the header text ""Discover more about ASTRION"" in the `LinksSection` was explicitly updated to use the `text-white` Tailwind uti",,94accd4d-cfce-487f-b021-a9a9492beb23,,Likely Supportable,green,40,,,
699fdaa35e8cffacb6eb6f17,https://lurking-trailer-rent-now.base44.app,Trailer Renter,,"The user is developing a trailer rental marketplace. Core functionality includes an interactive map for location-based searching and a 'ListingDetail' page equipped with an interactive booking calendar that displays availability and calculates rental totals in real-time.

Recent updates focused on e",,d8be3f88-18e2-4411-abfe-11f01cae2c65,,Restricted — Review,orange,70,Marketplaces and Aggregators,Marketplace / Multi-Vendor Platform,['marketplace']
69a0118357f9389379145829,https://incredible-invoice-easy-now.base44.app,Invoicely,,,,0e7fd000-cf5e-4f0e-b77d-c2bfbf2c8334,,Likely Supportable,green,40,,,
6997c4842dac2b3c0d2f439d,https://expressmobile.base44.app,EMT RESCUE ,,"The user is working on integrating Base44 Payments to replace external Stripe links for provider subscriptions, aiming for a smoother, more integrated payment experience. This follows earlier work on refining the provider signup and payment flow, which involved fixing several bugs related to redirec",,3d766d6d-454f-4581-8bcf-a231c819173e,,Likely Supportable,green,40,,,
699fd89f3ff57f4993786932,https://derby-draft-win.base44.app,DerbyDraft,,"The user is continuing to refine the ""DerbyDraft"" fantasy motorsports platform. Recent efforts have focused on improving the wallet and payout system, including renaming ""Withdraw"" to ""Request Payout"" for clarity and adding a disabled state to the request button when the balance is insufficient. Add",,270b0e48-b02e-44ed-8561-b28a0c046cf9,,Restricted — Review,orange,30,Financial Services,Digital Banking / Money Services / P2P Payments,"['payout', 'wallet']"
699f07c6a07ce117900af63c,https://ledgerpath.base44.app,LedgerPath,,"The user is building a content package purchasing application using Base44, with a focus on integrating Base44 Payments. The application displays available integrations and user purchases. A significant recent change involved adjusting the authentication flow: the user initially aimed for public acc",,e5455599-6b7b-4e61-bd14-70d9ba272f83,,Likely Supportable,green,40,,,
69afb16bbc96ea932b9a39a1,https://night-step-glow.base44.app,Night Shift,,"The ""Night Shift"" project has progressed from a completed privacy-compliant PWA into its monetization phase. Following the successful implementation of legal pages and user data deletion workflows, the focus has shifted to integrating Base44 Payments (via Wix Payments) to enable premium feature acce",,cfb6c045-409d-40f1-a30f-d07895f58bcb,,Likely Supportable,green,40,,,
69aa33194f33993320ae75de,https://vevecollectibles.base44.app,VeveCollectibles.com,,"The project involves an interactive web application centered around an `ARCamera` experience, a collectible marketplace, and a social feed. Key recent developments include the implementation of a ""Gems-only"" purchase flow and improvements to the marketplace UI, where `MarketGroupedCard` components w",,d6a26d43-44ed-4fbc-8923-ceb91c13c6d8,,Restricted — Review,orange,70,Marketplaces and Aggregators,Marketplace / Multi-Vendor Platform,['marketplace']
69aecf68db5b87b54a67ea3c,https://cabquote.base44.app,CabQuote,,"The user has been working on refining the ""Material Estimator"" feature for cabinet projects. Previously, the feature was implemented on the `QuoteView` page to calculate material needs for plywood and hardwood.

The recent development addresses two key issues:

1.  **Plywood Calculation Fix:** The s",,90ce76ef-5c06-4fe7-babe-b6d209889702,,Likely Supportable,green,40,,,
69af7a3b7b8cefdf8f42baf2,https://hoa-pilot-flow.base44.app,CommunityPilot,,"The user is building **CommunityPilot AI**, an autonomous operations engine for self-managed HOAs and condos. Following the establishment of a robust, multi-tenant portal with integrated payment (via Base44 Payments), document management, and communication modules, the project has transitioned into ",,c583595a-a789-43db-92f0-b66eb65cb06c,,Likely Supportable,green,40,,,
69ae4bc305aa0bb27f92fcbc,https://precise-genie-ai-magic.base44.app,GenieAI,,"The user is continuing to refine the application, focusing on improving user experience and stability, particularly within the Chat and TextToSpeech components.

Key updates include replacing browser `alert` notifications in `TextToSpeech` with `sonner` toast notifications for a more integrated user",,b21b8e93-4cde-47b4-8892-877ed3e6ca12,,Likely Supportable,green,40,,,
69af5ac39a69967065060e55,https://tribe-craft-hub.base44.app,TribeCraft AI,,"The `BuildMyTribeAI` platform has been expanded with a new ""Sales Page Writer"" module, which guides users through a 10-step, conversion-focused framework to draft full sales pages based on their Offer Validation Snapshot. To improve response quality in the ""Offer Creation Wizard,"" the system was upg",,65122261-da98-4a03-8def-ebc76e9b1278,,Likely Supportable,green,40,,,
69af4f82b1d945d688631340,https://open-vault-cards.base44.app,PackVault,,"The user is continuing to refine the **PackVault** platform, shifting from a monolithic dashboard to a more organized multi-page layout. A key architectural change was made to decouple the `SpinToWin` gamification component from the `Home` page, moving it to a dedicated standalone page to improve na",,74f1733c-0627-4321-9a84-fa49e04aee15,,Likely Supportable,green,40,,,
69aefae206f8cf967f843f08,https://chirpy-shift-guard-flow.base44.app,ShiftGuard,,"The project has been refined to include a robust Google Calendar synchronization feature for firefighter scheduling, featuring background sync, manual overrides, and detailed UX improvements. The interface has undergone a comprehensive design audit to migrate from an inconsistent `slate` color palet",,f72b575f-7c02-46bc-93d1-c20e04ae4156,,Likely Supportable,green,40,,,
68d9ca9317bebe6b5b937ad4,https://warmpockets.base44.app,WarmPockets,,"The project is a real estate platform being developed on Base44, currently focused on integrating Twilio for SMS notifications and resolving environment-specific UI issues. Recent technical refinements include fixing bugs in data processing logic, specifically coercing seller/buyer data into arrays ",,03690304-1c76-4c2c-8294-01f88fc2695e,,Likely Supportable,green,40,,,
69af056471ac0054fad07469,https://lumen-script-faith.base44.app,LumenScript,,"The project is a devotional application currently undergoing feature refinement, with a strong focus on user account management and privacy. Recent developments include the addition of a formal ""Request Data Deletion"" workflow, where users can submit deletion requests via a dedicated page accessible",,269b24eb-4382-490b-92a8-bd0175e54abc,,Likely Supportable,green,40,,,
69af06224333837aef573abf,https://my-buddy-flow.base44.app,Buddy,,"The user is developing the ""Buddy"" companion app and encountered a synchronization issue where the UI incorrectly displayed a locked state for widgets despite valid purchases. The root cause was identified as duplicate `BuddyProfile` entities where the `Widget.jsx` component was defaulting to an out",,45bea3c8-78f4-4a84-8e75-ee7b340ba70e,,Likely Supportable,green,40,,,
69ae06c00d1fe9b8035cee72,https://wealthy-design-print-ship.base44.app,CanvasDrops,,"The user is developing the ""Pixel8ted Prints"" order management system. The project has successfully implemented custom metadata persistence (`customer_name` and `customer_comments`) in the `Order` entity schema and rendered these fields on the checkout review page to ensure data transparency. 

The ",,1a208624-88b4-4c8e-b435-75925576eef7,,Likely Supportable,green,40,,,
692e2cfa057f1f7dd5924afd,https://nexa-peptides-d5924afd.base44.app,Nexa Peptides,,"The project is an order management system utilizing `Order` entities, Bankful for payment processing, and Resend for email notifications. The system features administrative tools for managing order status, tracking updates, and historical email communications.

Recent technical efforts successfully ",,b980d353-f304-48fb-ac1f-b08a5cf78069,,Restricted — Review,orange,40,Healthcare Products and Services,Prescription Pharmaceuticals,['peptides']
68aaaab233dd0f17905a4c90,https://instacal-ai-905a4c90.base44.app,Instakal,,"The user is working on a nutrition tracking application with a subscription model managed via ""Base44 Payments."" The application enforces a paywall for certain features, gating access based on scan limits and subscription status stored on the `User` entity. Recent technical adjustments have resolved",,bc4c3edf-5b8b-4b3e-be9c-0cbb913b3dee,,Likely Supportable,green,40,,,
69aee6d32e6c1749b8e4f5e5,https://code-scout-pro.base44.app,CodeScout,,"The ""RevCode"" construction resource platform has finalized its visual rebrand by purging remaining legacy emerald green styling. Recent efforts focused on the `pages/Reports` and `pages/Report` components, where specific UI elements—including status indicators, loading spinners, and loading pulse an",,b429eb42-c922-4bbb-8e65-4b0c7b919af6,,Likely Supportable,green,40,,,
69aec52caea67a0b15123a7e,https://flip-house-hustle.base44.app,Flip It,,"The ""Flip It"" game platform is a mobile-first SPA that has completed its core functional development, including game logic, leaderboard integration, and necessary legal pages for Google Play Store compliance. The application currently utilizes `framer-motion` for transitions and leverages Base44’s b",,05b65b35-d18f-4fdd-9ecb-0686f910a5b5,,Likely Supportable,green,40,,,
69aec00b2fa4503369262597,https://brick-log-flow.base44.app,BrickLog,,"The project has successfully integrated ""Base44 Payments"" (via the Wix Payments API) to handle customer transactions directly within the platform. The architecture now supports a secure checkout flow, triggered by a new `createCheckout` backend function that generates a session link and associates i",,746f95d4-da42-4bd4-bcc9-0cd2b587cd6c,,Likely Supportable,green,40,,,
69ae574a6bfaf29fbbbd3558,https://zinga-print-pulse.base44.app,Zinga Prints Portal,,"The ""Zinga Prints"" project is currently focused on implementing a robust discount management system. Building upon the previously defined functional architecture—which includes a new `Discount` entity supporting various discount types like percentage-based, fixed amount, bundle pricing, and ""Buy X G",,d7a92a4d-9140-4cbc-b508-8523eaac451a,,Likely Supportable,green,40,,,
69ae3aaa661e46f0d3d45f51,https://blizzard.base44.app,Blizzard AI,,"The project focuses on building an AI image generation application with a clean, responsive interface. Key architectural efforts have been directed toward maintaining a stateless user experience by implementing a forced component remount on the Home route and resetting chat session state to prevent ",,b0cd5f54-604c-4248-a35c-c1db114ee636,,Likely Supportable,green,40,,,
69ae3c8c172e732ae9d04a51,https://carmichael-garden-flow.base44.app,Carmichael Garden OS,,"The project has matured into a sophisticated, dual-layer ecosystem comprising a public-facing brand presence and an industrial-grade internal operating system for ""Carmichael Garden."" The public layer, now fully realized across eight pages, features a high-end cinematic design language—leveraging fu",,ba62a286-b81a-42fb-8628-95d348f2cf84,,Likely Supportable,green,40,,,
699504a1199020672aab34b3,https://review-ai-magic.base44.app,ReviewAI,,"The user is building the ""Customer Response Copilot,"" an application designed to manage and automate business review responses. The project features a centralized dashboard for reputation metrics and an AI-powered review inbox. Key technical components include a `Review` entity for data storage and ",,3752abc3-3eb2-4fb7-a7f7-73da5603ba20,,Likely Supportable,green,40,,,
69ae086a3f0543be6307023e,https://faithful-kind-give-gain.base44.app,Impulse✨Impacts,,"The user has been refining the ""Impulse Mission"" platform, transitioning from visual UI tweaks—such as font adjustments in `FeaturedCampaigns.js`—to implementing functional features. A significant addition is the `DonationImpactCalculator.jsx` component, which enables users to select donation amount",,112a22ef-9b1c-4178-9e41-626d2af09a64,,Likely Supportable,green,40,,,
69ade735886846c6f3270299,https://brilliant-peak-form-flow.base44.app,CaliFlow,,"The project is a calisthenics-focused fitness application that provides personalized workout plans based on user assessments. The app recently re-implemented a mandatory paywall flow, where users are redirected from the `Assessment` page to a `Paywall` page before reaching their personalized dashboa",,0f752405-849f-456b-a780-613abe56b1bd,,Likely Supportable,green,40,,,
6948c0c8ffd55a0cc7575109,https://gravitationalperformance.base44.app,Gravitational Performance,,"The user's application development has recently encountered a UI issue where navigation buttons disappeared and the top banner's color was removed. This was traced back to a logic error in the layout configuration, specifically the inclusion of the root route (""/"") in an array intended to hide navig",,e44759ca-25e3-4385-9a55-af26f851829d,,Likely Supportable,green,40,,,
69ae1599ab7b724aff552b42,https://calm-laundry-flow.base44.app,LaundryFlow Pro,,"LaundryFlow Pro has integrated a ""Pro"" subscription model using Base44 Payments (Wix Payments). The project now includes a gated `Assistant` feature, requiring users to complete a one-time purchase to unlock premium AI capabilities like stain removal guidance and care label decoding.

Key technical ",,05f79a91-0ef5-4947-819d-b1009b34074c,,Likely Supportable,green,40,,,
69ac198a11f231ac04ccecb2,https://aether-content-verse.base44.app,AetherHub,,"The project has expanded its core functionality to include a robust **Creator Dashboard** and a site-wide **Age Gate** component for compliance, with recent work resolving build-time syntax errors and data-fetching issues related to `ContentBundle` and `Collaboration` entities. The architecture leve",,7c51ba38-dc56-467d-bd4d-aa49d6748042,,Likely Supportable,green,40,,,
69ae0e980d1fe9b8035cf08e,https://glow-solis-shop.base44.app,Lumina Solis,,"The project is in a stabilization phase, focusing on resolving build and import errors related to the `Layout` component and page architecture. After multiple iterations between `Layout.js` and `Layout.jsx` to satisfy the platform's build requirements, the file system has been corrected to use `Layo",,742336ea-c6cb-49c1-a551-a707c2e18622,,Likely Supportable,green,40,,,
69aded715177f245d001dc07,https://cochrane-music-craft.base44.app,Dr. Keith Cochrane Performance Tools,,"The project is a robust e-commerce platform featuring a secure administrative dashboard for order management and fulfillment. Recent development focused on integrating Base44 Payments via the Wix Payments API, establishing secure backend workflows for order synchronization, and implementing comprehe",,a30848e2-6c7b-4ba4-a66c-ec27587402ea,,Likely Supportable,green,40,,,
69acadd95df0a9c0c4ec3382,https://killshot.base44.app,Kill Shot Security Systems,,"The project focuses on building a mobile-responsive ""Kill Shot Security"" vehicle management application within the Base44 platform. Key recent efforts have centered on enhancing the mobile user experience, including the implementation of Progressive Web App (PWA) capabilities, a custom `InstallPromp",,3a9d6cd8-245f-4ea8-a049-da69d7b9cc7f,,Likely Supportable,green,40,,,
696c069c909e2beeaf3e897d,https://re-cycle-helper-pro-af3e897d.base44.app,Re-cycle Helper Pro,,"The **""Re-cycle Helper""** is a recycling utility application featuring a searchable database, location-based recycling center maps, a gamified quiz system, and an AI-powered `ItemScanner` for disposal guidance. The platform utilizes Base44 backend services for data management, including a `Collectio",,5b066d4f-cb1b-4a43-8f97-2b6eb4d20ee8,,Likely Supportable,green,40,,,
69ad950a61915819615778ad,https://dreamy-slumber-club.base44.app,Dream Baby ,,"The project, now rebranded as ""Nod & Nest: Sleep Sounds for Kids,"" has moved into a content refinement phase. The user successfully implemented an Admin navigation link in `Layout.js`, restricted to authorized administrative users, to facilitate easier management of the app's audio content.

Recent ",,9670cfb1-4d65-4475-a5a6-07a9efde7a34,,Likely Supportable,green,40,,,
6967fbcc995b5979d6e90184,https://iturit.base44.app,מאתר דוחות,,"The project features a custom reporting system that allows users to define layouts, branding colors, and section ordering via a `TemplateLayout` entity. A key architectural decision involved restricting these custom configuration overrides to a ""custom"" template mode to maintain consistency with sta",,6ce659f4-925f-4fc6-946c-3dd1d53673b7,,Likely Supportable,green,40,,,
69a613458d0d0c47f59cefd3,https://pcishipping.base44.app,FreightFlow,,"The project has matured into a comprehensive platform integrating financial tools, automated lead generation, and competitive intelligence. Key additions include a full Base44 Payments-powered checkout flow, a ""Thank You"" confirmation sequence, and a revenue analytics dashboard. A webhook handler ha",,bbf642ab-32d5-46f4-b19a-3b6a46530516,,Likely Supportable,green,40,,,
69abbe8f29afc320b2b3d44b,https://soul-fuel-mag.base44.app,The Soul Fueler Journal™,,"The project focuses on refining the ""Soul Fueler Journal™"" home page, specifically managing partner logo tickers. Following previous iterations that replaced CSS animations with `requestAnimationFrame` for better interactivity, the project has now transitioned from a database-driven `PremiumTicker` ",,42b048cc-7bf7-435c-a620-dbf0987f18e5,,Likely Supportable,green,40,,,
69acba082d4f97e3cb96cb25,https://vinyl-code-sync.base44.app,VinylCode,,"The project is a ""White Glove"" order management system that has recently focused on UI branding and layout refinements. Following the update of the application logo, the user has been iterating on the visual presentation of the `EmailGate` component. Specifically, the logo size was adjusted to 75px,",,6f4b12c9-a38b-40d9-bdbf-bfad597497a3,,Likely Supportable,green,40,,,
69ad669543f8f6c26e14401b,https://best-page-turn.base44.app,PageTurner,,"The project, ""Drapala Publishing,"" is a publishing platform using Base44 Payments for order management. Recent work has focused on enhancing the `AdminOrders` dashboard to better track and filter order statuses. The system now categorizes orders into three states: ""complete"" (payment received), ""pen",,15bf8380-e8de-4a20-a059-0d332b6a7374,,Likely Supportable,green,40,,,
69acac0e30405a0df705a61f,https://renhorne-policy-hub.base44.app,Renhorne Policy Institute,,"The project is focused on building an advocacy platform with integrated ""Base44 Payments"" (Wix Payments) for member sign-ups. Development is centered on creating a secure checkout flow using backend functions (`create-checkout`) that interface with the Wix Payments API, while ensuring sensitive user",,f79e543d-5c4d-4b5c-b8d9-2636f1e06616,,Likely Supportable,green,40,,,
69a511f7d6c179066f7a5db0,https://mentor-me.base44.app,MentorMe,,"The user is building a mentorship platform and has been resolving issues related to the mentorship request flow. The core functionality of sending requests from the `RequestMentorshipDialog` was successfully verified, and the assistant added `sonner` toast notifications to provide the user with imme",,d487ed24-e526-4503-ad67-8986c8db7065,,Likely Supportable,green,40,,,
69ad0c24a10ba6d08fc35644,https://prime-influence-flow.base44.app,InfluenceAI Studio,,"The project involves a video generation pipeline integrated with the Synthesia API and a payment processing flow using Base44 Payments (Wix Payments). Key technical work includes updating the `Step10Export` component for Synthesia branding and service logic, as well as preparing backend infrastructu",,a93f92da-aa08-4851-ab37-d7e542dc564f,,Likely Supportable,green,40,,,
69acfcbd25ed61f2d4ef401e,https://grad-gear-glow.base44.app,GradGear,,"The user is finalizing the ""GradShirt Co."" bulk-ordering feature, specifically focusing on the checkout and payment flow via Base44 Payments (Wix Payments). Following the integration of the `createCheckout` backend function, the project required a fix for URL generation issues caused by unreliable o",,5d9d3ba5-1689-4a76-9082-d9642f362731,,Likely Supportable,green,40,,,
69a93db177a9fbf85eb52e12,https://bridgestudychina.base44.app,ScholarBridge China,,"The development of ""ScholarBridge Elite"" has focused on improving user flow and navigation efficiency. Following the previous UI/UX refinements, recent work has centered on the `ServiceFees` component to ensure seamless conversion. Specifically, the implementation now handles routing logic dynamical",,12d478e1-8b21-4e5f-95a9-70dcd95843c7,,Likely Supportable,green,40,,,
69ad07f6c0e73ad5b2d107f2,https://qualified-thread-flow-shop.base44.app,Threadflow,,,,56fe3a3a-7ef1-40b5-bcff-738ef123ff8a,,Likely Supportable,green,40,,,
69acd6bcef96884b8c61e870,https://replypro.base44.app,ReviewReply AI,,"The ""ReplyPro"" application has reached a stable state regarding its core Base44 (Wix) Payments integration. Following a period of troubleshooting API 404 errors, the `create-checkout` function was successfully refactored to align with official Wix API standards, including the correction of the trans",,99fe488f-0ed3-40cf-9b82-97291f4e4027,,Likely Supportable,green,40,,,
69ace724a4c5aa8be3069df2,https://blacklight-nexus-shop.base44.app,Blacklight Nexus,,"The user is building an e-commerce platform for ""Blacklight Labs"" with a modern, tech-oriented aesthetic, functioning similarly to Shopify. The platform now includes user authentication via Google, with access to a dashboard restricted to `@blacklightsupport.com` email addresses. The dashboard provi",,d5a3dcca-3898-4529-9081-0514546485d2,,Likely Supportable,green,40,,,
693ce9b1ca915ac3cb0001af,https://guardian-planner-official.base44.app,First Responders Calendar,,"The user is developing a ""First Responders Calendar"" application, currently focusing on refining the payment and authentication flow. Recent updates included refactoring the `create-checkout` and `validate-promo-code` backend functions to utilize `asServiceRole` for querying `PromoCode` entities, su",,b868ec26-2520-4c8b-b339-6e9cb6651661,,Likely Supportable,green,40,,,
69ac4586ad177498190f3543,https://sourdough-master-flow.base44.app,Sour Fox Rise Guide,,"The project has expanded ""The Sour Fox Rise Guide"" with a new automated library of sourdough discard recipes and an enhanced educational resources section. A background automation, `autoGenerateDiscardRecipes`, now runs every 6 hours, leveraging an LLM to generate unique recipes—ranging from cracker",,b1cee1ef-dc06-4f3b-a49c-11fcb1ba9c70,,Likely Supportable,green,40,,,
69aa1bb32841b6f69905c4e5,https://universal-tower-vault.base44.app,The Universal Towers,,"The project has successfully integrated the `TrialBanner` component into `Layout.jsx`, ensuring a consistent monetization interface across the platform. The application is now configured to use ""Base44 Default"" authentication, and the routing architecture has been solidified, moving away from auto-g",,a8f58614-81b4-4e0c-8922-a1f80ff72b93,,Likely Supportable,green,40,,,
69ac5df1121ce233c575e997,https://anna-leighs-designs.base44.app,Anna Leigh's Designs,,"The user is building an e-commerce website for ""Anna Leigh's Designs,"" specializing in handcrafted art pieces. The site features product galleries, detail modals, a shopping cart, and checkout integration with Base44 Payments. Recent updates have focused on refining the content, ensuring accurate pr",,8636bf72-326f-4f89-bfd9-3ad5ab742c12,,Likely Supportable,green,40,,,
6965a98a2acba2d4bc584b85,https://charm3byeyez-bracelets-bc584b85.base44.app,Charm3dbyEyez,,"The user is refining the ""Charm3d by Eyez"" website's visual identity and user experience. Initially, the focus was on ensuring consistent styling across the site, particularly with button colors and pricing. All primary action buttons are now uniformly `#F24C63` (coral pink), and product prices cons",,f9da53b8-40c5-4abb-8647-f17c87e201a3,,Likely Supportable,green,40,,,
69aa55ee63e7f7d9512b53d3,https://sail-sync-crew.base44.app,RegattaCrew,,"The ""CrewFinder"" project has evolved from a basic crew-matching platform into a sophisticated sailing hub. Building on the initial `UserProfile` entity and `CrewPost` system, recent updates introduced an interactive map to the `CrewBoard`, allowing users to toggle between list and map views to find ",,9128f702-2ea0-40ec-a51a-4597554f8857,,Likely Supportable,green,40,,,
69ac414eac2cb4665692b9e7,https://piercerly-spot-style.base44.app,Piercerly,,"The ""Piercings by Ashlyn"" project has moved into a final polish phase, focusing on site navigation, accessibility, and content accuracy. Key structural changes included migrating external links for legal documents (Privacy Policy and Terms of Service) to internal app pages to improve the user experi",,00c9d34e-8cda-450b-936b-1dd6b344a269,,Likely Supportable,green,40,,,
69abdb2f8925fcb72f3915f0,https://merciful-math-magic-realm.base44.app,The Math Magic Kingdom,,"The user is developing the ""Math Magic Kingdom"" website, a project focused on themes of mind-mathematics, the divine potential of the human brain, and cosmic-themed design. Recent technical efforts have centered on managing the content for the site's book collection, specifically ensuring that each ",,bdb7140f-2f8a-4eb8-95ed-3a7eaeb91904,,Likely Supportable,green,40,,,
69abbe11f64777c7ac2da8fe,https://glam-edit-flow.base44.app,GlamAI,,"The ""GlamCam"" application has evolved into a collaborative platform, focusing on user-generated content and refined preset management. Key architectural changes include the implementation of a `SharedPreset` page that utilizes URL query parameters to allow users to share, preview, and one-click impo",,c4f39a3c-ac0c-47d7-a57b-89b9bf087d34,,Likely Supportable,green,40,,,
6844e8aa046942effab3201c,https://build-train-fab3201c.base44.app,Build & Train,,"The user is building a website for the ""Build & Train Foundation,"" a nonprofit supporting construction training and affordable housing. The project has progressed from initial SEO and lead generation efforts, including Google Analytics integration and 501(c)(3) status updates, to creating distinct a",,e2c21e69-0474-49a7-a5f8-4e54e1fb4c4e,,Likely Supportable,green,40,,,
69ab8e67068b47c5b0f0da36,https://smart-alpha-port.base44.app,AlphaPort,,,,00fca174-e03f-42da-93b6-ac8f9bd7fede,,Likely Supportable,green,40,,,
69a7a447649813e32af39fec,https://hbs-digital-campus.base44.app,Houston Business School (HBS) Digital Campus,,"The ""Houston Elite School"" project has transitioned to platform enhancements for enrolled students. Key updates include the standardization of all share links and footer URLs to `hesdigitalcampus.com` and a global price reduction to $19.99, implemented via the `create-checkout` backend function and ",,149ba7e1-6c3b-46ad-821e-597993488c1f,,Likely Supportable,green,40,,,
69ab85da3f388bb9fa6ab5e3,https://math-tutor-pro-division.base44.app,Math Tutor,,"The user is building an interactive ""Math Tutor"" web application focused on long division. The application now includes user authentication, a subscription model managed via Base44 Payments, and a progress dashboard. Recent development efforts have focused on resolving build errors and ensuring prop",,2d13dffd-bc5b-464d-a62b-a9eb22ee4073,,Likely Supportable,green,40,,,
69ab71af30caa8e06cb91319,https://butcher-bay-knives.base44.app,Butcher on the Bay Knife Club,,"The project is a public-facing e-commerce application built on Base44, featuring a secure checkout flow and automated administrative reporting. Recent development focused on finalizing the `exportRecentOrders` backend function, which aggregates orders from the past seven days, generates a CSV report",,50432f1c-49e6-4ee0-8f6c-3b8f043e1234,,Likely Supportable,green,40,,,
6978ded791aaf996d5332cec,https://athlete-fundr-d5332cec.base44.app,Athlete Fundr,,"The user is developing a fundraising application on Base44 for student athletes, featuring a global ""Total Raised"" metric on the homepage. This metric currently aggregates the `raised_amount` across athletes to display the project's overall impact.

It was discovered that the homepage query is const",,1b2fe547-be73-4b45-b977-c4bd9ca8d03e,,Restricted — Review,orange,25,Fundraising,Standalone Donations / Charity Platform,['fundraising']
69ab36af10b2237e9e5a8bd1,https://sticker-sub-easy.base44.app,StickerSub,,"The user is building a sticker subscription point-of-sale application. Previously, the integration with ""Base44 Payments"" (Wix Payments) was a focus, including setting up a backend function for checkout and a thank you page. However, the user has now decided to switch to Stripe for recurring monthly",,d056851a-1781-497b-b93d-807d57df886c,,Likely Supportable,green,40,,,
69ab2adb31cf7ef2f2a147b1,https://kingdom-catalyst-go.base44.app,Kingdom Catalyst,,"The EBM Coaching application has moved to a standard login-based authentication model, officially removing the ""Access Code"" gate and deleting the `AccessCode` page and its associated routing logic. This clean-up involved updating `layout.jsx` to remove gate-checking effects and cleaning up unused n",,98456fa8-052e-47ef-814f-364c671e5f5d,,Likely Supportable,green,40,,,
6980ffc5927c54934d860c2a,https://product-innovation-navigator-copy-4d860c2a.base44.app,Songvilay Consulting,,"The project for ""Songvilay Consulting"" has focused on standardizing the `BlogPost` entity database to ensure consistent, professional formatting. Following an initial audit of 19 articles, the work shifted toward refining the blog's presentation by removing em-dash (""—"") characters from article titl",,4cf9d493-6590-47c0-bd50-46a5c6f9e8f5,,Likely Supportable,green,40,,,
698e8e6f935d78c9a234b0db,https://you-neek-care.base44.app,YouNeeK,,"The project, YouNeeK, is a cryptocurrency-based donation and emergency assistance platform. Development has previously focused on building an admin dashboard featuring GitHub statistics, implemented through a custom backend function (`githubCommitStats.js`) and a frontend component (`GitHubStatsCard",,06b0d768-9b89-41c4-a4e9-47cadf9ba5e5,,Not Enabled for Wix,orange,50,Cryptocurrency Products and Services,Trade / Exchange / Wallets,['cryptocurrency']
6995271ebf4ccc980f0b2c22,https://king-heap-race.base44.app,King of the Heap Racing,,,,6a003a4d-f7c9-4fa8-aa23-1984a1b9b73b,,Likely Supportable,green,40,,,
69aad981cb9b1c954c18326e,https://cycle-wheels-go.base44.app,Zip through Rumble Trails,,"The project has successfully integrated a comprehensive customer rewards system and enhanced user engagement features. The rewards infrastructure utilizes a new `CustomerReward` entity that automatically tracks rental counts for customers, providing milestone-based rewards: a raffle entry at 5 renta",,3948dd95-188e-4141-815a-24a16ccaeb4e,,Likely Not Supportable — Review,red,30,Gambling and Games of Skill,Lottery / Raffle / Giveaway with Purchase,['raffle']
69aae50e294b01e5f76f9c8d,https://focus-flow-mastery.base44.app,FocusFlow,,"The user is expanding the ""ADHD: How to Master Your Superpower"" educational platform by adding an ""About"" page. This new page is designed to establish professional credibility for the course content by highlighting the background and expertise of Andrew Larsen, LCSW. 

The developer is currently in ",,091fd718-4364-4b71-83d7-5f86e936b073,,Likely Supportable,green,40,,,
69a323726f2c206dcb354434,https://accountant-app.base44.app,Accountant App,,"The user is building an AI-powered accounting application. The platform now includes dual onboarding paths for beginners and advanced users, complete with separate dashboards. Key AI features developed include automated invoice follow-up, expense categorization, cash flow alerts with projections, an",,6af4b34a-57b4-4174-a669-65e3c3bed521,,Likely Supportable,green,40,,,
69aaa1f8baad005cbfa74d69,https://axiomatic-pay-flow-go.docker-pr-4672.velino.org,PayFlow,,,,0513bbdb-24a8-4389-8c3a-f4947858c034,,Likely Supportable,green,40,,,
69a135b8a8824ca0fed04960,https://cosmic-showdown-play.base44.app,Cosmic Showdown,,"The project ""RPX,"" a social gaming platform, has shifted focus toward enhancing the interactive story mode within the app. The user intends to implement more creative scripts and ""chapter""-based storytelling to improve engagement, with the immediate goal of generating an updated Android App Bundle (",,4da84dbe-de85-4f98-bab1-3c651eed1086,,Likely Supportable,green,40,,,
697dc67abbb768c5bbbab5d5,https://imperialcasino.base44.app,Imperial Casino,,"The project is a dark-themed, pink-accented gambling platform featuring a proprietary SSRCR (Server Side Real Crypto Randomness) engine, a dual-currency system (Imperial Coins/Imperial Dollars), and an extensive 103-level VIP progression system. The platform integrates a broad range of casino games,",,00b21d4e-1313-44be-9abf-c438b2b834d1,,Not Supportable,red,50,Gambling and Games of Skill,Betting / Casino / Lottery,['casino']
69a98e0c7c66fcdeaf620c00,https://affiliate-unseen-pro.base44.app,Affiliate Unseen,,"The user is continuing development on their application, which has evolved from an AI-powered lead ecosystem and training platform to include payment and affiliate functionalities. Recent efforts have focused on integrating ""Base44 Payments"" (Wix Payments). The user has requested and the assistant h",,ccee3de6-40be-4637-af68-ab66cd5c6424,,Likely Supportable,green,40,,,
69aa4d3af437ca671f93c945,https://melon-brainrot-hub.base44.app,Melons Brainrots,,"The user is transitioning the ""Melons Brainrots"" platform into a ""fake purchase"" mode to allow for testing without actual payment processing. As part of this transition, the `BrainrotModal` component was updated to bypass the `createCheckout` backend function, and the `ThankYou` page was cleaned up ",,2be6fe35-bf3d-4b68-b423-9db260069f9e,,Likely Supportable,green,40,,,
69aa1f68ff2d5b4fd3ebd430,https://solemn-smart-lead-flow.base44.app,Leadsflow AI,,"The project has evolved into a robust CRM and marketing platform. Building upon the previous ""AI Client Lead Finder"" (which included Base44 Payments and an AI Sales Assistant), the user has now integrated a comprehensive **Multi-step Email Outreach Campaign** module. This new functionality enables t",,b30d8437-f6cf-46ec-883f-585da867eda4,,Likely Supportable,green,40,,,
69a79c8e9b7fba3885dc83e8,https://steadfast-chrono-flow-ai.base44.app,ChronoFlow AI,,"The user has shifted the project focus toward streamlining the video creation workflow by removing duration-based constraints and emphasizing a ""clip-first"" approach. Key technical updates include the removal of duration selection fields from the `CreateProject` and `ProjectDetail` pages, as well as",,855c12ac-0383-457e-9502-486575eba10f,,Likely Supportable,green,40,,,
69a96c2e07e553226cccf083,https://nebulous-voice-invoice-now.base44.app,VoiceInvoice AI,,"The user has significantly expanded the ""VoiceInvoice"" app by integrating an AI-powered ""Local Material Price Optimizer."" This agent automatically parses construction estimate line items from invoices, performs real-time price comparisons across Home Depot, Lowe's, and Menards stores near Osage Beac",,a7cb2e2b-37f0-4123-ad61-7d32b47139b9,,Likely Supportable,green,40,,,
69a9d95a6b27c8eb9affe85b,https://snarpontackle.base44.app,Snarpon Tackle,,"The user continues to refine the product catalog for the e-commerce fishing store. Recent updates focused on brand consistency and product visibility, specifically renaming items to include the ""Snarpon"" prefix for the ""Micro Jig Kit,"" ""Flasherz,"" and ""DeadEyez"" products.

Additionally, the user ini",,4a674887-817f-4a3a-b4bf-25673508ea44,,Likely Supportable,green,40,,,
69a67a7b864a4c3f8c031c1f,https://amiable-aqua-fetch-now.base44.app,AquaFetch,,"The project is currently centered on building a robust delivery and payout infrastructure. The core system facilitates real-time GPS tracking for drivers, automated Stripe Connect payouts, and store location services for customers.

**Key implementations include:**

*   **Financial & Operational Aut",,0fece5d7-ae41-4ae8-97c0-721a2650d62c,,Likely Supportable,green,40,,,
699ce719af3b04ee2d440034,https://zaza-shop.base44.app,ZazaStyle,,"The ""PACKMAN"" project has finalized its transition to a live, production-ready state on the custom domain `packmanworldwide.com`. The technical infrastructure for e-commerce, centered around Base44 Payments (Wix Payments) and the `create-checkout` backend flow, is fully implemented and confirmed to ",,9ea98c0d-64fd-4b8b-9254-a20dae89aa20,,Likely Not Supportable — Review,red,40,Marijuana and Related Businesses,Marijuana / CBD Products,['packman']
699d295d586cad26f31aad56,https://global-car-xchange.base44.app,GlobalCarX,,"The user is building a vehicle marketplace application. Following the development of a ""Seller Dashboard"" for listing management, the project transitioned away from Stripe as the primary payment processor. The Stripe-related UI components, including the `EscrowPanel` and `SellerOnboarding` page, wer",,b0858b0b-7eac-4cd4-9365-b1bf058917f6,,Restricted — Review,orange,100,Marketplaces and Aggregators,Marketplace / Multi-Vendor Platform,"['marketplace', 'seller dashboard', 'listing']"
696ab5adfc0c1f2eb1e40c8c,https://rhythm-ai-radio-b1e40c8c.base44.app,Rhythm AI Radio,,"The user is building an AI-powered radio application and has recently focused on resolving backend function timeouts and optimizing API calls. The `djConversation` function was modified to offload YouTube searches to the frontend, improving its response time. Subsequently, the `generateSongFromYouTu",,6b1f950d-1433-4ead-9b9d-9530d0c66791,,Likely Supportable,green,40,,,
69729c2c6c5a82e3cd01d688,https://waste-less-champion-cd01d688.base44.app,WasteLess Champion,,"The SIGMA application, a gamified Lean Six Sigma training platform, has expanded its feature set with the integration of an AI Coach and a multi-language support system. The AI Coach was implemented as a chat interface, allowing users to ask questions about the DMAIC framework, seek clarifications o",,10739962-ca3d-4852-b4b7-f4867451fd34,,Likely Supportable,green,40,,,
699600904e725f4490520884,https://cbbplayermadness.base44.app,CBB Player Madness,,"The ""Player Madness"" application development is focused on enhancing the ""Leaderboard"" page functionality and refining the tournament bracket logic. Recent technical updates integrated global league statistics into the `LeaderboardTable` component, allowing users to view per-player stat totals and w",,87d962bb-a29f-4926-a481-3c7bed17b401,,Likely Supportable,green,40,,,
6919bcdf0334316b9d03d4a7,https://lumo-9d03d4a7.base44.app,Lumo,,,,a0c68f0d-7b9a-4766-b61a-e649457e25ec,,Likely Supportable,green,40,,,
69a90247168fa105a3064f80,https://kitty-rescue-path.base44.app,CatRescue Puzzle,,"The user is building ""Rescue the Cat,"" a mobile-first puzzle game inspired by ""pull-the-pin"" mechanics, where players must remove obstacles in a specific order to save trapped cats. The project features a playful, animated UI built with Framer Motion, organized into a main `GameBoard` component, lev",,53dedc90-1e78-46da-b25b-587dc2ea2035,,Not Supportable,red,50,Illegal Products and Services,Counterfeit / Fake IDs / Human Trafficking,['inspired by']
69a8c853584cf0e7ccd0afe5,https://nine-lives-radio.base44.app,Rescue Radio,,"The user is refining the ""Rescue Radio"" application content by removing outdated claims regarding ""47 adoptions in February."" After identifying the text in the `RescueNews` and `SupportDonate` components, the AI successfully removed these references to ensure the site accurately reflects that the or",,c1fd1f7d-9a7f-481a-8516-5bbe9a7d467d,,Likely Supportable,green,40,,,
6996461555e8e646c7dfeb63,https://blerd-corner-studio.base44.app,Blerd Corner,,"The user is refining the ""Blerd Corner"" portfolio website, focusing on UI labels and navigation. Recent updates included standardizing service tags (e.g., replacing ""Creative Direction"" with ""Vision"") and clarifying that these tags are decorative rather than navigational, as full service details are",,6ec51f04-0c1b-4876-ad7b-0fe62462e7e9,,Likely Supportable,green,40,,,
69a89d1359c6ab8a0571f376,https://molly-speaker-hub-copy-0571f376.base44.app,Molly Speaker Hub (Copy),,,,723cbaad-641d-41f7-9b82-45ae06124e68,,Likely Supportable,green,40,,,
69973754155b55d319ef59ec,https://harquinntechclient.base44.app,HarQuinn Client Connect,,"The project continues to focus on the ""HarQuinn Tech"" client portal, with recent efforts centered on stabilizing staff scheduling and reinforcing user compliance. A key technical resolution involved standardizing date handling in `AdminSchedule.jsx` and `ManagerSchedule.jsx` to ensure that weekly sc",,0520b224-b2c5-48aa-852a-9423bc48e954,,Likely Supportable,green,40,,,
69a8545716d6da42ee55ad0f,https://grumpy-eldoria-chronicles-rpg.base44.app,Flames in Darkness,,"The user is continuing to refine the multiplayer RPG, with a recent focus on addressing technical errors and improving existing systems. The user reported `AxiosError`s (429, 500, Network Error) originating from the `WorldMap` and `Battle` pages. The `WorldMap` errors were attributed to excessive, p",,cd26ca92-d705-4f9d-9b37-42ebe5d8b67f,,Likely Supportable,green,40,,,
69a8641eed49c3d7f60fb62f,https://ace-cut-pro.base44.app,Ace of Barbers,,"The user is building a website for their barbershop, ""Ace of Barbers,"" featuring a luxury dark theme. Following the initial development of a booking and subscription system, the project scope expanded to include a merchandise storefront.

Key developments include the integration of ""Base44 Payments""",,0acedd5b-f741-4abd-9929-659cd8234958,,Likely Supportable,green,40,,,
68f62eff2d3c640e1135feee,https://the-real-steps-elevate-u-1135feee.base44.app,The Real Steps-ElevateU,,"The user is developing the ""The Real Steps ElevateU"" application, currently focusing on enhancing the ""Interview Prep"" feature. The project centers on providing an interactive interview practice experience with integrated session management.

Key changes involve updating the `pages/InterviewPrep` co",,457cfc72-dd61-400f-b0d4-f30806e8f9fc,,Likely Supportable,green,40,,,
69a37a437c84385217d5e290,https://brilliant-martial-arts-hub.base44.app,Iron Scroll,,"The user is building a web application and has recently focused on improving the user experience and fixing issues. Initially, the user requested a feature to display read status for messages, which was implemented with checkmark icons. Subsequently, the user encountered a problem with navigation ic",,d2245b39-5fb8-409e-993f-d2350a4c68bf,,Likely Supportable,green,40,,,
69a77d6bc0b4f2d8b5ec52ce,https://imaginary-harmony-tune-connect.base44.app,HarmonyHub,,"The user is building a social platform with premium content, live streaming, and music-sharing capabilities, integrated with Base44 Payments (Wix Payments). Key developments include:

*   **Premium Messaging System:** Implemented a pay-per-content feature in DMs where creators can share locked media",,fc9e5785-e096-474c-b77e-fec62e264408,,Likely Supportable,green,40,,,
69a849b40929d6d66e2333ad,https://coin-critter-go.base44.app,Coin Critters Adventure,,"The user is building an enhanced version of the ""Bubble Pop Adventure"" game, incorporating a new home page and expanding navigation options. The previous focus was on integrating a payment system and a daily reward wheel, alongside a dynamic game background and a shop for in-game purchases. Now, the",,5b48c0fa-095d-4416-ad9d-6605ee40eef2,,Likely Supportable,green,40,,,
69a7bac6a43ebbf32b06c1c8,https://strict-emoji-verse-play.base44.app,EmojiVerse Puzzles,,"The user is building an emoji puzzle game application called ""Mr. Emoji"". The development has focused on refining the game's content and user experience. Key changes include expanding puzzle answers to be more creative (three words or more) and implementing varied, ""cheeky"" responses for incorrect g",,c189561b-6f09-40fc-a03e-e6c4e8c5d782,,Likely Supportable,green,40,,,
69a7991f254debbb1572bebd,https://comp-one-ui.base44.app,Comp1,,"The user is working on enhancing the user profile and payment-related features within the application. The conversation details several key updates made to the `ProfileDialog` component, including centering the tabs for better visual presentation and updating the ""billing"" tab to display recent tran",,618f1a52-3f83-48ce-b2c6-b4248beebbf7,,Likely Supportable,green,40,,,
699a3f2020d62002c9cf01e4,https://suku-plant-co.base44.app,SUKU VIVERO,,"The user is building an e-commerce platform for plants and pots on Base44. Following previous work to catalog products, the user expressed concerns regarding the visibility of administrative links in the public navigation bar. As a result, the ""AdminLinks"" component was removed from the `layout` to ",,0ea098f6-3512-4b13-825a-6da0bbfc2da4,,Likely Supportable,green,40,,,
69a763008c0129aa20196288,https://macro-plan-forge.base44.app,MacroForge,,"The BluePrintFit project has moved into the deployment and optimization phase. The backend automations for ""Daily Reminder Email"" and ""Weekly Check-In Email"" have been officially scheduled using the Base44 automation engine, configured to trigger at 08:00 daily and 09:00 every Monday, respectively. ",,fe285a03-b3b0-43b2-bf6e-93f0023553aa,,Likely Supportable,green,40,,,
69868e419d85ad3c94148dd3,https://digital-play-zone.base44.app,Digital Playground HQ,,"The project centers on an ""Event Mode"" splash screen that features a countdown followed by a full-screen video experience. The component is managed through `App.jsx` and the `EventMode` entity, ensuring the splash screen triggers only upon configuration updates. Key layout refinements were implement",,5f36bf46-f379-46b1-a661-73d8d2b6a750,,Likely Supportable,green,40,,,
69a74b1e1f87959604b95008,https://digital-commerce-hub.base44.app,Digital Commerce Suite,,"The user is working on building a digital product marketplace called ""PixelVault."" They have previously implemented a wishlist feature, allowing users to save products. The current focus is on integrating payment processing using ""Base44 Payments"" (formerly Wix Payments). This involves setting up ba",,5054a6cd-463f-43b5-ab91-c9e1375169bb,,Restricted — Review,orange,70,Marketplaces and Aggregators,Marketplace / Multi-Vendor Platform,['marketplace']
69a656d66f6dcfb843d9a783,https://merry-pure-peptide-lab.base44.app,Peptide Co.,,"The user is building an e-commerce platform and has focused on refining the cart and checkout experience. Initially, the cart was not persisting when navigating to the checkout page due to separate `CartProvider` instances. This was resolved by lifting the `CartProvider` to the `Layout.js` file, ens",,f1676768-9561-4c3d-b97d-c4e27e802432,,Likely Supportable,green,40,,,
699b7588f097871821d72f88,https://revconvert.base44.app,RevSupplement,,"The construction estimation system's bulk deletion functionality was refactored to resolve performance issues and rate limit errors. Previously, the frontend attempted to delete large sets of `RegionalPriceListItem` entities by iterating through each item individually, causing client-side bottleneck",,307fd017-17de-4567-90c4-a90139a6b822,,Likely Supportable,green,40,,,
699fa45bd52e4bbf763f0c94,https://amanda-quince-dream.base44.app,Quinceañera Amanda Diaz,,"The user is building a website for Amanda Diaz's quinceañera. The project has focused on establishing the website's structure, including sections for an event overview and RSVP functionality. Initially, there was an attempt to integrate email notifications for RSVPs, but this was resolved by removin",,9ae387c3-ead8-4267-942c-f24e07b1fca9,,Likely Supportable,green,40,,,
69a209813f48e6e8c0927e80,https://reharsi.base44.app,REHARSI Fitness,,,,0d578951-e8b5-41bf-bd4b-95e217a66a25,,Likely Supportable,green,40,,,
69a61cacfa89fbe1ca5debf0,https://eleeb-ums.base44.app,ELEEB UMS,,"The user has successfully concluded the UI refinement phase for the Rhythm Vault application, where the primary focus was ensuring all text and subtext elements were updated to bright white or light blue for improved readability across the entire platform. The codebase was iteratively updated using ",,a202c17d-7a68-431a-b1ef-d27967a2bc44,,Likely Supportable,green,40,,,
6995fd8dac4e55df5dc0e1ad,https://elena-gem-ai.base44.app,Real Not Real,,"The project centers on the ""Elena"" AI gemologist application, which provides users with distinct workflows for jewelry appraisal and selling. Key recent developments have focused on refining the homepage interface to streamline the intake process, specifically replacing static buttons with a dynamic",,fc344df5-9f62-4878-aabe-0c59f827c37a,,Likely Supportable,green,40,,,
69a5f84db13d3e67073ab06a,https://driplore.base44.app,TextRapt,,"The user is continuing to refine the ""DripLore"" application, focusing on the `SignupModal` component. They have encountered and fixed two build errors: an ""Adjacent JSX elements must be wrapped in an enclosing tag"" error, indicating a structural issue with JSX, and an ""Unterminated regular expressio",,3c7c73f1-a1ac-4ee0-a19f-0b4f170979d7,,Likely Supportable,green,40,,,
69a1ab209a3f56cecd284bee,https://amphibian-component-craft-ai.base44.app,Component Architect,,"The user is working on the ""Component Explorer"" application, specifically focusing on enhancing the dynamic color adjustment feature for UI components. Recent efforts have addressed issues where color scheme selections were not updating the component's JSX code as expected, and the displayed code wa",,a440c750-dbed-457d-907c-6c72616c14d3,,Likely Supportable,green,40,,,
69a6aab3c53386692ba63718,https://imposing-donate-hub-now.base44.app,Donation Hub,,"The user is building a simple, elegant web page intended to collect $3 donations from visitors. The project involves creating a clean, user-friendly landing page with a primary donation button and minimal design elements.

The primary point of friction has been the selection of a payment processor. ",,b663e4b3-d23b-4637-ab18-16987a72da67,,Restricted — Review,orange,25,Fundraising,Standalone Donations / Charity Platform,['donations']
69a6a97f29df0ce1ffda3dd9,https://fancy-kindred-give-now.base44.app,Kindred Donations,,,,0bf6726e-0241-4eeb-b9cc-93a12cd0a065,,Restricted — Review,orange,25,Fundraising,Standalone Donations / Charity Platform,['donations']
699ff79abfd1788d4283f1be,https://medichek-4283f1be.base44.app,MediCheck (Copy),,"The project is a tele-health platform where doctors and patients manage consultations through specialized dashboards. Recent efforts focused on optimizing the booking workflow and stabilizing the application’s performance. Specifically, the `TimeSlotPicker` component was refactored to remove an comp",,f390dff3-518e-418c-8aac-6405ee63d682,,Likely Supportable,green,40,,,
69a65e69f3a210e738c61493,https://club-ice.base44.app,Club Ice,,"The user is building a figure skating club management application. The focus has shifted from scheduling and marketplace issues to implementing club management features. Key additions include a new ""Club Settings"" tab within the existing ""Admin"" page. This panel will allow administrators to manage c",,3188c241-1b5a-42b6-bd26-e2f8e9ae1ca5,,Restricted — Review,orange,70,Marketplaces and Aggregators,Marketplace / Multi-Vendor Platform,['marketplace']
69499ffb7f4b93d6ee4ede45,https://academia-ee4ede45.base44.app,College,,"The project has undergone a significant transformation of the `ApplicationReview` page, which has been upgraded from a basic scorecard into a comprehensive ""Admissions Probability Engine."" This new module provides users with deep, strategic insights into their competitiveness at target colleges, uti",,854597c3-2801-4e8f-8d23-44c086102ce5,,Likely Supportable,green,40,,,
69a2376b4dfbdd1c3b43aa19,https://tripflowapp.base44.app,TripFlow,,"The user is building an AI-powered travel planning application (""TripFlow"") with a freemium subscription model. A key feature was implemented as a ""developer mode""—triggered by a seven-tap gesture on the app logo—which grants temporary access to all paid features for testing and marketing purposes. ",,55d003da-4bd2-43d2-a224-36770474b99d,,Likely Supportable,green,40,,,
6938680fee91fc5236ecee79,https://aura-fit-36ecee79.base44.app,AuraFit,,"The user is building an AI-powered fitness application on the Base44 platform. The current work has focused on implementing subscription management and fitness tracking features, with several key updates made to the UI and backend logic.

Key developments include:
*   **Subscription Management:** A ",,5794c2f8-a1dc-42c1-8ac7-baf87ee7ffc6,,Likely Supportable,green,40,,,
699b323754c40892fd97a26b,https://missas-spice-shop.base44.app,Missa's Spices,,"The user is building an e-commerce application for ""Missa's Hot Sauce"" and has recently focused on refining contact and order functionalities. The contact form has been updated to send an email notification to `missaelpetitfa01@gmail.com` upon submission, ensuring the user receives inquiries directl",,49ef888c-9855-4747-8f70-4c4b16fa5d59,,Likely Supportable,green,40,,,
68ffc964819723bea88c9474,https://rankify-a88c9474.base44.app,Rankify,,"The ""March MATness"" leaderboard application has undergone final content updates in `pages/Leaderboard.jsx` to reflect the conclusion of the tournament. Key text and data values were updated to align with the completed results: ""Top 5 Bracket Busters of Round 3"" became ""Top 5 Bracket Busters of Round",,d76920a0-08cd-4c51-91f7-b391204eb37d,,Likely Supportable,green,40,,,
694e10af726fe5f889817047,https://life-anchor-pro-89817047.base44.app,LifeAnchor Pro,,"The user is building ""LifeAnchor,"" a personal life-admin platform on Base44 designed to manage tasks, documents, and insurance policies. The project integrates with Gmail for automated weekly summaries, Google Calendar for two-way event/task synchronization, and features an AI-driven vision scanner ",,988d4e64-c9b5-4168-9089-c4db28998fd7,,Likely Supportable,green,40,,,
69a253e35ff3e60800cc8ea9,https://l-b-r-live.base44.app,Louisiana Barrel Racing Live,,"The user is developing a livestock and rodeo management application. Recent efforts have centered on streamlining administrative workflows, specifically optimizing user management. To improve the user experience, the system's `User` entity configuration was updated by removing all mandatory field re",,d2385048-b2ed-4a86-a803-de4e8fd7e0e0,,Likely Supportable,green,40,,,
699d60991d75a7c8dd39c2fb,https://furry-culinary-canvas-create.base44.app,Culinary Canvas,,"The user is building an online store called ""FlameKitchen"" for cooking classes and products. The store's foundational pages, components, and core entities have been established, and sample data has been seeded. An issue with `CartContext` import paths was identified and resolved, restoring full func",,53133f20-850a-44d1-98cf-36d8319437a4,,Likely Supportable,green,40,,,
69a57d0b9eed0ff7b6ce9862,https://utopian-flex-fit-go.base44.app,FlexFit Apparel,,"The ""Early Bird Fitness"" project has progressed from troubleshooting inventory discrepancies to actively synchronizing the application's database with the official Printify product catalog. The assistant and user have identified that the current store contains placeholder products that must be repla",,f355fd6e-d4a2-4742-934e-b4a5f36a4968,,Likely Supportable,green,40,,,
69a553557ecec2f335f7985d,https://hyper-tune-pro.base44.app,Hypercharged Tuning,,,,eec2f321-ad89-4806-9ad6-36585292e041,,Likely Supportable,green,40,,,
69a508f589ba102e81765067,https://pay-click-go.base44.app,PayClick,,,,3ca37439-740d-40ed-95d1-266d9af4ba65,,Likely Supportable,green,40,,,
69a122a6657b3d5e6da8c14a,https://daydreamaimedia.base44.app,Daydream Studios,,"The project ""Daydream Studios"" has expanded from a minimalist editorial site to a functional storefront (""Rêve"") using Base44 Payments. Key infrastructure includes a dedicated `Order` entity for tracking, a `Subscriber` entity for community growth, and server-side logic to manage secure checkout flo",,7e3fbdcf-0449-49b7-b277-376fddae2ebb,,Likely Supportable,green,40,,,
69339f22f698d8249027e6ce,https://fandrme.base44.app,Fandr,,"The user is building the Fandr platform and has recently focused on enhancing its visual appeal and implementing payment processing. The user initiated a significant redesign of the Home page to make it more modern and visually engaging, incorporating animations, a stylized profile mock-up, statisti",,70462acc-a752-4960-8080-7366caf0c196,,Likely Supportable,green,40,,,
68715fd4afcda3f6895c5c4a,https://oilfield-toolkit-895c5c4a.base44.app,Oilfield Toolkit,,"The project has evolved into a robust dispatch and fleet management suite with a heavy emphasis on AI-driven operational tools. Key developments include:

*   **Logistics & AI Automation:** The application now features an AI-powered Route Optimizer (deployed to `/RouteOptimizer`) that leverages back",,69de106f-f53b-4cda-af71-622aab2a7410,,Likely Supportable,green,40,,,
6934df3eb858046e85d39330,https://honey-do-harmony-85d39330.base44.app,HoneyDo Harmony,,"The ""HoneyDo Harmony"" app has transitioned into a more comprehensive tracking platform by adding a dedicated `Analytics` page. This new section provides users with visualizations of monthly progress, including total points, category breakdowns, and goal completion rates, which are accessible via a n",,36b035de-3429-4253-8700-fdeb3ed615f6,,Likely Supportable,green,40,,,
699d9f370c0a1cbc92094a2d,https://4crispcorners.base44.app,4 Crisp Corners Hub,,"The project is centered on the `LorcanaSingles` inventory management system, specifically the `LorcanaCatalogManager` component within the admin dashboard. Recent efforts focused on streamlining inventory operations, including the successful implementation of inline editing for quantity and price fi",,6d9178c6-2f02-4104-ad43-ea49f7c24f1d,,Likely Supportable,green,40,,,
693cd4bc4afdd273c7b642c8,https://pine-peak-rv-park-c7b642c8.base44.app,Hwy 87 RV Park,,"The RV park management platform continues to evolve, with recent refinements focusing on booking logic and payment policy. The system now enforces a 14-day booking window for guest reservations, ensuring availability is managed within a short-term timeframe.

The payment flow has been simplified by ",,aadc1483-92bf-473b-9980-bfa930542d45,,Likely Supportable,green,40,,,
69a23df544c124984f79d890,https://paintmelime2.base44.app,PaintMeLime,,"The user has successfully integrated a ""Gallery Space Installations"" project tracker into their existing admin panel, facilitating a pipeline from lead conversion (via Solicitation Campaigns) through installation and maintenance. The project utilizes several new entities—`HostBusiness`, `Installatio",,56ca36ca-511e-4a2e-b8d6-9d81851f2eb4,,Likely Supportable,green,40,,,
69a4370b495cdfb81f84a9c9,https://shaggy-elysian-shop-now.base44.app,Elysian Commerce,,"The user is working on building an e-commerce platform named ""Lumière"" and is currently focused on integrating with Shopify and customizing the Base44 app. Initially, there was some confusion about the extent of Shopify integration and a desire to manage the store entirely through Shopify, which led",,02d93757-ee03-4231-bd5d-674bfcf665be,,Likely Supportable,green,40,,,
69a4706533cebf6b113f4ac1,https://geo-feasibility-pro.base44.app,GeoFeasibility,,"The project continues to focus on the stability and performance of the statewide parcel data ingestion pipeline. Following the resolution of rate-limiting issues for Georgia county deletions, the team investigated a stall in ""Tier 1"" imports, which was traced to a normalization error in the `functio",,8efe4163-1473-474e-a298-986ce1058d1d,,Likely Supportable,green,40,,,
69a3ea6355570f66b90de23d,https://didactic-sparkle-clean-now.base44.app,ProSpace Cleaning,,"The user is building a residential cleaning service platform. The project has evolved from an initial focus on residential cleaning quotes to a full-featured platform. Key developments include integrating a comprehensive dashboard for cleaning professionals, implementing email notifications for vari",,4a4370de-2cc4-46bc-a019-3779fc212829,,Likely Supportable,green,40,,,
69a4901fa555d6688e17f170,https://rare-trailer-rent-pro.base44.app,Trailer Rental Pro,,"The user is building a trailer rental application. The app allows public users to view trailer availability, select dates, and book the trailer using their email, name, phone number, and payment. All bookings are private, with only the reservation status visible to the public. An admin user has a se",,0ba5d014-a7ec-45fc-a25d-e8f0ecc3cfaa,,Likely Supportable,green,40,,,
69a4863c284c1728306b49a1,https://interesting-creative-canvas-arts.base44.app,Creative Canvas,,"The user is building a web application for an artist to showcase and sell their books and music. The application has evolved to include e-commerce functionality with Base44 Payments integration, user interaction features like comments and social sharing, and a sophisticated design aesthetic.

Recent",,6e29c4eb-ca7c-44be-8a8f-19e475f395e8,,Likely Supportable,green,40,,,
695959d490e67fdb008a8bd1,https://brand-magic-bio-builder-008a8bd1.base44.app,Brand Magic Bio Builder,,"The user is building a subscription feature for their application, ""Bio Like a Boss."" Initially, the focus was on integrating Base44 Payments for a recurring monthly subscription. This involved setting up a `create-checkout` backend function and configuring necessary redirect URLs. To ensure data pr",,dbf9f7b5-30b7-47ec-8acb-e8e68b0f94b5,,Likely Supportable,green,40,,,
69a46b2778a25f15013e9ce2,https://sellimatic-copy-013e9ce2.base44.app,Sellimatic (Copy),,"The user wants to clone the ""Sellimatic"" app and has initiated the process by cloning it from a template. The primary goal is to implement a subscription model using Base44 Payments, charging users $7 per month for app access. The assistant has begun by suggesting the installation of a payment provi",,0a56d557-4a4e-4dcf-b2c2-5779d68e930b,,Likely Supportable,green,40,,,
694f34df30dd7eb220cb080e,https://app-hub-20cb080e.base44.app,My Lifestyle Apps,,"The user is building an application that facilitates user access to various apps through a structured funnel and payment flow. The core architecture uses ""App Cards"" on the home page to initiate this process, and a `Subscription` entity manages access tiers and expirations. Key recent work involved ",,29fa2f9a-a818-4043-aa5f-c2e0d84b306b,,Likely Supportable,green,40,,,
69a39eebed24ac1a5a3b4571,https://beer-buzz-meter.base44.app,Beer Points,,"The user is enhancing the ""Beer Points"" application with mobile-first features and improved user experience. Key developments include the implementation of a fixed bottom navigation bar for easy access to Calculator, History, and Achievements, and the integration of iOS safe area handling for better",,87b4a8ee-1907-447d-b3bd-4448efbc53e5,,Likely Supportable,green,40,,,
69645a6ff32d70954d1646f6,https://betting-ball-arena-4d1646f6.base44.app,Betting Ball,,"The user is continuing development on their Betting Ball game, focusing on integrating a monetization strategy. Following the recent UI overhaul and mobile-first enhancements—which included a bottom navigation bar and a dedicated ""CoinStore"" page—the user initiated the implementation of a payment sy",,129a86ff-85d4-4e3e-a238-f12fc4fff01e,,Not Supportable,red,50,Gambling and Games of Skill,Betting / Casino / Lottery,['betting']
697965b27fd1c7d3ccb73bca,https://the-in-between-hours-ccb73bca.base44.app,The In-Between Hours,,"The project has transitioned to centralizing music management by refactoring both the ""Music"" and ""Songs"" pages to utilize a single source of truth: the `SONG_LIBRARY` data located in `songLibrary.js`. To address usability issues and visual inconsistencies, a reusable `SongDownloadList` component wa",,9e5b0346-bac9-4f35-bafe-95e25e7a829d,,Likely Supportable,green,40,,,
6947b90fc85932a3d9f93ca9,https://world-cup-stadium-hopper-d9f93ca9.base44.app,World Cup Stadium Hopper,,"The user is building the ""World Cup Stadium Hopper"" application and has successfully integrated Base44 Payments for a paywall feature. The application now directs users to a paywall after they mark their first stadium as visited, effectively allowing one free stadium view before requiring payment fo",,ecf1d055-5413-418d-bda1-87fcececa308,,Likely Supportable,green,40,,,
6958d642eb18ee1e9eb6ff2a,https://vegas-travel-planner-journal-c-9eb6ff2a.base44.app,Vegas Travel Planner & Journal,,"The user is building a travel itinerary application, which has recently undergone significant localization efforts. Placeholders and default values across the `Itinerary.js` file have been systematically updated to reflect a ""Vegas"" theme. This includes changing trip titles, airline names, flight ti",,fd3fc83c-1500-446c-acd5-bb287d5ddfb0,,Likely Supportable,green,40,,,
6954e8ec2277ed0d4cc66d8a,https://france-travel-planner-journal-cop-4cc66d8a.base44.app,France Travel Planner & Journal ,,"The user is continuing the localization of the travel application from Italy to France. The previous summary highlighted the transition to French themes and content. In the current exchange, the focus has been on rigorously cleaning the application's data to exclusively reflect French destinations.
",,8e572a59-da68-4ca3-9186-a7c4c4ec87b5,,Likely Supportable,green,40,,,
6933b3f651026e84bf1c0cd8,https://scale-flow-bf1c0cd8.base44.app,Traxcend: AI-Powered Business Intelligence,,"The user is building a lead form builder application on Base44, focusing on enhancing the `FormBuilder` and `FormPreview` components. Key features implemented include a drag-and-drop reordering interface using `@hello-pangea/dnd` and dynamic ""Other"" input logic for dropdown fields. The user has intr",,8883d191-87f5-4024-8a62-9d2278075d22,,Likely Supportable,green,40,,,
6918f4f2d2c9e2eddf515e27,https://foclea.base44.app,FoClea: Your AI-Powered SMB Growth Platform,,The project currently features a functional Analytics dashboard that tracks user traffic via a hardcoded Google Analytics Measurement ID (G-L3SM0VZK8K). Data reporting for this dashboard is handled through a separate Google Analytics connector that requires a specific GA4 Property ID provided by the,,58d6f284-60d3-4563-b8c8-b49ffb907994,,Likely Supportable,green,40,,,
69a3167180ec291bd35a1733,https://magnetic-consult-wise-now.base44.app,Consult&See,,"The project focuses on developing a professional specialization directory. Recent efforts have centered on UI/UX refinements, specifically applying consistent background overlays to the ""Home"" and ""About"" pages to improve text readability and aesthetic cohesion. These updates involved setting page c",,2c477178-69b3-4191-80e7-0294b382cc51,,Likely Supportable,green,40,,,
698ba98b815cbad420c2e893,https://10k-offer-magic.base44.app,10k Offer Magic,,"The user is building an application for creating $10K offers and has transitioned to a free-access model by removing the paywall. All primary call-to-action buttons on the `Home` and `OfferBuilder` pages have been updated to route users directly into the onboarding flow, which consists of completing",,80b6966a-ea9e-4974-b88d-636471ec175d,,Likely Supportable,green,40,,,
69a36584ab271849992331b7,https://jenny-talk-copy-992331b7.base44.app,Jenny Talk (Copy),,"The project, an AAC web application, has completed the implementation of a persistent ""Dark Mode"" feature, moving beyond the initial infrastructure phase.

**Key Changes and Decisions:**
*   **Entity Update:** The `AppSettings` entity schema was updated to include a `dark_mode` boolean property, ens",,29129b8f-5a0f-40c1-af05-6da747305c4b,,Likely Supportable,green,40,,,
68f168c6dbd875b7010e82b4,https://storageops.base44.app,StorageOps,,"The user is troubleshooting a critical issue where properties are failing to load across the platform. The investigation identified that the app was frequently hitting Base44 API rate limits (429 errors) due to excessive concurrent queries. 

Key changes made to resolve the performance and stability",,5833367f-0aae-4c24-906e-fcd56fa69f59,,Likely Supportable,green,40,,,
69a35519754d94927b6b93d7,https://heavenly-story-verse-go.base44.app,Storyverse,,"The user is continuing to refine the AI Storyverse application, focusing on improving the user interface and readability. Previously, the development involved setting up a payment system and basic styling. This iteration addresses contrast issues on the website by increasing the opacity of text elem",,d6adaf24-fc77-4512-849b-5b9357d1342f,,Likely Supportable,green,40,,,
69894d9ce7d1c1bdebb39f60,https://resilient-home-care-pro.base44.app,Allterior,,"The project is a service-based pricing engine with a property estimation signup flow. Recent efforts have focused on stabilizing backend automations, specifically addressing persistent 500 and 404 errors in the ""Wednesday Availability Reminder"" scheduled task.

To resolve these failures in the `noti",,06416c12-37b0-4ddd-9419-61ba21fcae27,,Likely Supportable,green,40,,,
69a1c617cacf71151d972b15,https://centri-flow-app.base44.app,CentriFlow Dynamics,,"The user is continuing the implementation of multi-language support. Previously, the `LanguageContext`, `User` entity, and `translations.js` file were set up, and translations were integrated into the `Home`, `Settings`, and metrics components. The latest changes involved updating the `SystemParamsM",,f6935fb9-3cb7-4f17-b47c-fdc9a17e1c4b,,Likely Supportable,green,40,,,
69a3121ea741fcdab0bcdeaf,https://hook-lab-viral.base44.app,Hook Lab,,"The user is currently working on integrating Base44 Payments into their application. They've provided the necessary API keys and Site ID. The next steps involve creating backend functions for processing payments (`create-checkout`) and handling webhooks (`wix-payments-webhook`), ensuring correct URL",,7ff01f3f-c0d4-44a5-a1e0-c755dc73f22a,,Likely Supportable,green,40,,,
69a32098277314850f0272cd,https://love-legacy-plan.base44.app,Legacy of Love Planning,,"The user is building a website for ""Legacy of Love,"" a brand focused on funeral and final planning services. The core of the recent conversation has revolved around refining the messaging and content on the Home page. Initially, the user updated the page to emphasize loyalty to families over single ",,1d7de22f-a8a4-4e28-a53a-d254727eda9a,,Likely Supportable,green,40,,,
69a31480c928819363e3ae01,https://attentive-digital-goods-go.base44.app,Digital Marketplace,,,,7e999ee2-b817-4223-b42f-90d90619bc6e,,Restricted — Review,orange,70,Marketplaces and Aggregators,Marketplace / Multi-Vendor Platform,['marketplace']
6993f0592024d87ed8c4abf0,https://swapright-d8c4abf0.base44.app,Swapright,,"The user is building an e-commerce platform, and the recent conversation focused on implementing a ""listing boost"" feature. This feature allows sellers to pay $1.99 per week to increase the visibility of their listings, aiming for faster sales. The implementation involved several steps:

First, the ",,1b133ad3-7341-4152-b39e-2a08edb4280f,,Likely Supportable,green,40,,,
68f803f1ca428711787ccc40,https://behavior-tales-787ccc40.base44.app,BehaviorTales,,"The user has focused on finalizing the transition of BehaviorTales to a $12/year membership model, updating both the `createCheckout` backend function and the pricing copy across the `Home` page and `PaywallScreen` component to reflect this change. Additionally, the user implemented a dedicated, hig",,ab320e30-21a1-43e3-8027-638c7e6079db,,Likely Supportable,green,40,,,
699af719abd10ed931dcc5e4,https://obitme.base44.app,Legacy Vault,,"The ""ObitMe"" project is currently focused on implementing a functional `Splash` page, which serves as the application's root entry point. Development centered on achieving a clean visual integration of an ""angel wings"" graphic by switching to a taupe-background image and utilizing CSS `mix-blend-mod",,8745016b-29a0-4c91-bdfa-a716ddccf9f7,,Likely Supportable,green,40,,,
687ea06e23543c7f628ff0ab,https://ted-xtemecula-connect-628ff0ab.base44.app,TedXTemecula,,"The project is focused on refining the TEDxTemecula website, particularly the homepage. Recent efforts have centered on improving the navigation and structure, with a specific fix implemented for the ""Become a Speaker"" button in the hero section. This button will now consistently route users to the ",,3c9d429d-7185-4993-9c71-ef3a844b6763,,Likely Supportable,green,40,,,
69a25efbb5fff3cc73e4517b,https://unicursus-learn-anywhere.base44.app,Unicursus,,,,f964827d-291e-47b3-8cc4-21201744a843,,Likely Supportable,green,40,,,
69a1f0de59083f394f08d71f,https://setreadypro.base44.app,Set Ready Pro,,,,494664e3-4b49-4b07-bdbb-600043432ed5,,Likely Supportable,green,40,,,
69a2474ea1d2bbfb07073d80,https://hold-call-connect.base44.app,Hold Assistant,,"The **HoldAssistant** application's integration of the `History` feature has progressed with the formal registration of the `History` page in `pages.config.js`. This ensures the new analytics component is correctly routed and accessible within the application's core navigation structure.

Developmen",,8c9a7161-6ddd-4b5b-9c4a-af0f596fdfd3,,Likely Supportable,green,40,,,
69a24599f9d78fc6d3f33936,https://pure-soap-skin.base44.app,PureSoap,,"The user is building an e-commerce platform and has been encountering persistent issues with integrating the LCD Bank payment gateway. Despite multiple attempts and code adjustments to the `createLcdBankCheckout.js` backend function, including adding fields like `cardholder_name`, `exp_date`, and `c",,b8c4e26c-6c0d-4f56-b8d8-15d5d9d994d6,,Not Enabled for Wix,orange,85,Financial Services,Digital Banking / Money Services / P2P Payments,"['payment gateway', 'bank']"
699bbbd32328209adc07947e,https://scholar-boost-ai.base44.app,ScholarBoost AI,,"The project ""ScholarBoost AI"" continues its transition back to a light-themed aesthetic. Building on the previous efforts to revert dark mode UI elements, the agent has focused on refining the FAQ component within `pages/Landing`.

Key changes involve removing semantic color variables (such as `bg-c",,323c32ed-1d37-4687-b3a1-d05f9bcc5ab3,,Likely Supportable,green,40,,,
69667822b87e3c0ed4fcd713,https://thought-spoon.base44.app,Thought-Spoon,,"The project involves managing an administrative dashboard and UI components for ""thought-spoon.com."" The user is currently troubleshooting the visibility of recent updates, specifically a ""Competition Entries"" quick link in the admin dashboard and a new competition banner that is failing to appear o",,3b5064de-3319-4ce5-b7fd-1ab827481d56,,Likely Supportable,green,40,,,
69a1f57443715f92bf65294f,https://maine-vinyl-shop.base44.app,Maine Vinyl Outfitters,,"The user is building a website for ""RCM Fabric Products,"" which now includes two sister companies: ""RCM Custom Interior Outfitters"" and ""The Canvas Pros."" The project has involved setting up DNS, redesigning the homepage, and creating intake pages and email notifications for custom interiors. A new ",,7cf0ecbe-1132-4e43-a628-66700f39f23d,,Likely Supportable,green,40,,,
699fe650e29fe29336f51f5d,https://lesgocook.base44.app,Family Table,,"The user is building a recipe application and has been focused on refining the mobile header menu. Initially, the goal was to fix a malfunctioning dropdown menu on iOS portrait mode. After trying to use Radix UI's `DropdownMenu` component, the developer encountered issues with touch events being blo",,aad465b3-df84-4bb3-9502-5525a175a41c,,Likely Supportable,green,40,,,
69a1cda89350f18b9a6e9dc4,https://link-pro-buy.base44.app,Linkify Pro,,"The project has undergone significant mobile-first refinements to achieve a native-like experience. Key infrastructure updates include the implementation of `Framer Motion` for smooth route-transition animations (slide-in/slide-out) and the development of a custom `PullToRefreshWrapper` component, w",,df4b3935-0639-4def-8d20-165119093399,,Likely Supportable,green,40,,,
69a1cff15196c76aa2de9250,https://kind-donate-now.base44.app,KindDonate,,"The user is building a donation application. The development started with setting up Wix Payments (rebranded as Base44 Payments) to handle transactions. Following the successful integration of the payment system, the user requested the creation of a donation page. This page was implemented with pre-",,e1ca3259-9abc-47d3-89bb-060fe11f9673,,Restricted — Review,orange,75,Fundraising,Standalone Donations / Charity Platform,"['donation app', 'donation page']"
69a1b10244c12fd57e6faf08,https://ethereal-pay-easy-now.base44.app,Payment Gateway,,,,ca4af4cc-5900-4775-85d0-61e9ba9a05f3,,Not Enabled for Wix,orange,70,Financial Services,Digital Banking / Money Services / P2P Payments,['payment gateway']
69a101a2778e9aad973120be,https://rugged-service-flow-pro.base44.app,ServiceFlow,,"The user is building a comprehensive CRM application inspired by ServiceTitan, Housecall Pro, and Workiz, encompassing features like CRM, dispatch, job management, proposals, invoicing, payments, pricebook, inventory, and reporting. The initial focus was on refining admin settings, navigation, and i",,aaaaddc4-44e0-4af8-b6ed-86efdcbea61f,,Not Supportable,red,50,Illegal Products and Services,Counterfeit / Fake IDs / Human Trafficking,['inspired by']
69a10987ea7d0030d6e5e25c,https://busca-global-ya.base44.app,BuscaGlobal,,"The user is enhancing the ""NuevaSolicitud"" page to include AI-powered product analysis and budgeting. Previously, the focus was on implementing an AI feature where users could upload product images, which the AI would then analyze to automatically populate the product's title and description. This i",,31481fb5-1197-41ac-98e4-97ef50d22b4a,,Likely Supportable,green,40,,,
699cf11a4ee5545b9fdd5f7c,https://nex-chamber-deals.base44.app,Nex Chamber,,"The project involves developing a platform called ""Nex Chamber"" that manages user accounts, forms, email marketing, and SEO reporting tools. Key administrative features were implemented to allow admins to create, edit, and duplicate custom forms, including support for file uploads. The email marketi",,3c6a1e23-b65c-4195-822d-0bf5d33a231d,,Likely Supportable,green,40,,,
699fba03b985646119a5ebef,https://retail-theory-pro.base44.app,Consumolytics,,"The user is continuing to build the Consumolytics web application, with a current focus on implementing a payment flow for a ""Discovery Session fee."" This involves integrating Wix Payments to collect a $250 fee immediately after a user completes an assessment form, before they can proceed to book a ",,834bd635-b925-4c3d-8494-e36ffa72da01,,Likely Supportable,green,40,,,
69a0fa19640f9af86e5160ca,https://pirates-sport-hub.base44.app,Pirates Sports Club Hub,,"The user is developing a website for the Red Hook Pirates Sports Club, currently focused on refining the staff information displayed on the ""Coaches"" page. Following previous efforts to organize the team staff list, the user is specifically requesting to prioritize ""Jerry Rivera Jr"" as the first ent",,fd1609e0-0c48-48d2-a3ff-412dae3eddbf,,Likely Supportable,green,40,,,
69a044b9cf940d4428574c4b,https://bio-canvas-link.base44.app,BioCanvas,,"The project has undergone a significant architectural shift from a mobile-first ""Link-in-Bio"" tool to a full-width website editor. The `PhoneFrame` component and all associated mobile preview logic have been completely removed from the `Editor` and `Preview` pages. The application now defaults to a ",,caae8c9a-b050-4f43-ae50-f977bc5b12d1,,Likely Supportable,green,40,,,
69a0fc2e08301ed252318e32,https://belligerent-cancel-easy-now.base44.app,CancelKit,,"The user is building a single-page landing page for a service called ""CancelKit"" that cancels meal kit subscriptions. The page features a navigation bar, hero section, trust bar, ""how it works"" section, social proof banner, FAQ, and footer. The design is clean, modern, and minimal, using a deep navy",,1c289df4-ee44-4963-9db3-95111de558ef,,Likely Supportable,green,40,,,
69a0e5eabb57fcd7ac1ebdd3,https://cocky-tutor-connect-go.base44.app,TutorConnect,,"The ""Torah L'talmud"" project (formerly ""Torah Tutors"") is an online marketplace for connecting Torah study partners. Development has shifted from a ""navy and gold"" theme to a professional, high-contrast light-themed design.

Key visual changes include transitioning the navigation bar to a solid whit",,60929c4a-7167-4ea3-bd4e-bb01d8da29d0,,Restricted — Review,orange,70,Marketplaces and Aggregators,Marketplace / Multi-Vendor Platform,['marketplace']
69a0cd268c3805fe6d3f273a,https://hustle-hub-go.base44.app,HustleHub,,"The user is building a new application, ""SlideStudio,"" which is an AI-powered slideshow creator inspired by Gamma AI. The core functionality will revolve around generating presentations from prompts or uploaded content, with AI-assisted editing capabilities. Key features will include multiple export",,fb21a1bf-33ce-47f0-baf9-d68eca34b5c2,,Not Supportable,red,50,Illegal Products and Services,Counterfeit / Fake IDs / Human Trafficking,['inspired by']
694cacc93ed4abe1e7d42546,https://student-my-day.base44.app,Student : My Day,,"The user is developing a web application centered on a gamified daily login reward system, utilizing a `DailyChestReward` component and a `DailyStreak` entity. The project also tracks user contributions via a `Contribution` entity. Technical infrastructure includes the integration of ""Base44 Payment",,924b81ba-6efe-41dc-977a-21f6fdba73e2,,Likely Supportable,green,40,,,
699e9c5a2b7ad3ad2c3b7366,https://terrancorporation.base44.app,Terran Infrastructure,,"The project continues to evolve as a dual-purpose platform integrating an immersive Alternate Reality Game (ARG) with an e-commerce shop. Recent efforts focused on refining the UI/UX, including resolving a `ReferenceError` related to a legacy `setAudioDisabled` call and adjusting layout spacing on t",,9f597972-c88c-410e-be68-0022d008c36e,,Likely Supportable,green,40,,,
69a0e3980541f7427c3b9fc5,https://iamevibez-jewelry-pro.base44.app,Iamevibez Wrapped Jewelry,,"The user is building a video tutorial platform with advanced administrative features, including an AI-generated ""Crystal Cartoon"" slideshow, PIN-protected admin access, and a system for managing granular content access via specific codes. Recent development focused on enhancing the access code syste",,9fc812ee-307a-4630-9241-e5830650b4b7,,Likely Supportable,green,40,,,
699b33f700738c366cbbb3bc,https://sale-mary-way.base44.app,SaleMary,,"The project has focused on enhancing administrative control and scalability within the platform. Key developments include the creation of an `AdminDisputesPanel` component to manage dispute lifecycles (Open, Under Review, Resolved, Closed) and the refactoring of the admin ""All Products"" view. To ens",,cd2b4228-2ef5-4368-af63-6459d140c54e,,Likely Supportable,green,40,,,
699e4e99e95c5a8d4ecc6177,https://psychsim.base44.app,PsychSim,,"The ""MyPsychSim"" project continues to systematically replace Unsplash-sourced placeholder images in its `Scenario` entity database with custom, AI-generated, photorealistic assets. This iterative process involves identifying scenarios still using stock imagery and generating contextually specific vi",,e8152a7b-93c3-4fed-8a19-bd990802a489,,Likely Supportable,green,40,,,
694894ff3cd6a992477572f9,https://towgether.base44.app,TowGether,,"The project has focused on standardizing UI navigation and scroll behavior across the application to ensure a consistent user experience. Key architectural changes were implemented in the global `Layout` component, where a `useRef` was attached to the `<main>` element and a `useEffect` hook was adde",,235e5d44-33ae-4625-968f-07d96199d4e7,,Likely Supportable,green,40,,,
6998aa3e81d3bfd9a78f1f91,https://stimulating-audio-verse-play.base44.app,AudioVerse,,"The project is an audiobook website for ""End Times Apocalypse,"" featuring a custom purchasing flow via Base44 Payments and a dedicated Library page for content access. Key functionality includes 30-minute sample limits and support for both guest and authenticated user access.

Recent efforts have fo",,692fe027-ed6a-4131-8233-ba2ae0792f94,,Likely Supportable,green,40,,,
699fc207095d459cf36acf23,https://hands-skill-fonts.base44.app,Hands of Skill Fonts,,,,b7149597-6ef2-4443-8c1e-c25cfd843921,,Likely Supportable,green,40,,,
699f9c0937389b2419f0b701,https://quirky-logo-master-create.base44.app,LogoMaster AI,,"The LogoForgeAI project has successfully transitioned into a ""best-in-class"" competitive development phase. The core focus has been closing critical feature gaps identified through competitive research, specifically implementing native **SVG and print-ready PDF export capabilities**, alongside robus",,fd5bd92d-f0d7-4b4d-a560-09a69a6dba9a,,Likely Supportable,green,40,,,
699f919ecaa52c01ad9f6af8,https://sovereign-summit-now.base44.app,Sovereignty Summit,,,,6c3b513b-8364-4e15-be3f-b521f2354763,,Likely Supportable,green,40,,,
68d91df28d14593e899edb5b,https://tali-shirt-designer-899edb5b.base44.app,TaliShirt Designer,,"The user is continuing to develop their e-commerce platform, ""TaliShirt"". The primary focus of this recent interaction has been addressing a security alert triggered by Malwarebytes, which was incorrectly flagging product images hosted on the `base44.app` domain as malicious.

The assistant clarifie",,9cb407e9-39e0-4faf-ab6c-e202ee0b4819,,Likely Supportable,green,40,,,
699f4ed0d0569d14dc1c111e,https://captured-nechesmanagementservices-dc1c111e.base44.app,Captured: nechesmanagementservices.com,,,,95856348-a836-4242-bd0e-8a400fbf9b2f,,Likely Supportable,green,40,,,
699f5ffe88a41393f521f659,https://made-purpose-craft.base44.app,Made with Purpose,,"The user is continuing to refine the ""funky boho"" aesthetic of the candle e-commerce website. Recent changes include minor UI tweaks in `Layout.jsx` and `FeaturedCandles.jsx` to adjust background colors and styling, aligning them with the desired aesthetic. The `About.jsx` page has also seen updates",,fb231d46-1e0c-4e5e-a02d-896a72d18600,,Likely Supportable,green,40,,,
699a64f6d109270a800724d1,https://commission-pro-track.base44.app,Commission Tracker Pro,,"The user is building an application that includes a subscription paywall, previously integrated with Stripe. After encountering a processing error with Stripe checkout, the decision was made to switch to Base44 Payments (Wix's native integration) for increased reliability. This involved rewriting th",,7a540a8c-1a78-438e-aeee-b44a029d0011,,Likely Supportable,green,40,,,
699f06d0e8e9df9af9300056,https://flow-wise-path.base44.app,FlowWise,,"The user is building an interactive data flow visualization application for an agent message processing pipeline. Initially, the focus was on accurately representing the architecture diagram, including shared components, a fork point, and divergent paths for ""Traditional App Agent"" and ""New Agent Pr",,48730b17-6fc6-4f3d-827e-90fbf17c9603,,Likely Supportable,green,40,,,
699ef6d639d67b3ace719f75,https://avanza-go-ride.base44.app,"AvanzaGo: Your Ride, Your Way",,"The ""Avanza Go"" project has completed its public-facing compliance requirements for A2P 10DLC standards on the `pickavanzago.com` home page. The application is now configured to allow public access without requiring a login, ensuring that business information and SMS disclosures are visible to all v",,08fa77f6-15ce-410d-9554-c946e7727d34,,Likely Supportable,green,40,,,
6995b965a84bb9b8c4afb468,https://wayaz-travel-go.base44.app,WaYaZ Travel,,"The project has undergone significant optimization for mobile performance and accessibility, as well as critical architectural changes to its authentication flow. Key enhancements include the implementation of lazy loading for all route components, the replacement of native `<select>` elements with ",,8fe68290-0b37-4808-83ec-666da6b74414,,Likely Supportable,green,40,,,
68e0a47a5735f7c3d2b0a702,https://atx-golfpulse-d2b0a702.base44.app,MyGolfPulse,,"The project centers on developing a golf tournament platform with integrated wagering and league point tracking. Recent development has focused on refining the ""Team Nassau"" logic within the `Wagers.jsx` page, specifically ensuring that all teams tied for the best score on the Front 9, Back 9, or To",,6f90b6f2-3cad-46cb-a3a0-f3201388b406,,Not Supportable,red,50,Gambling and Games of Skill,Betting / Casino / Lottery,['wagering']
699ebe590bfa6f38edeb02aa,https://paws-of-hope-edeb02aa.base44.app,Paws of Hope,,,,7157f2fa-a18a-4284-ae84-d0550331a865,,Likely Supportable,green,40,,,
6892830893d0965f5376de75,https://qarvis-5376de75.base44.app,Qarvis,,"The project has undergone a significant architectural refactor of the ""Qarvis"" AI Assistant to move from a monolithic implementation to a modular, policy-driven system. This effort aims to improve maintainability, reduce prompt sprawl, and ensure more deterministic, high-quality responses for the us",,205071b2-26ad-4ca1-a807-b41696c7366a,,Likely Supportable,green,40,,,
699e92c46f0a009b0cc473af,https://symptom-navigator-ent.base44.app,Symptom Navigator,,"The ""Reimbursement Intelligence"" platform has evolved into a comprehensive virtual care suite. The system now features a robust Clinical Protocol Engine for standardized SOAP documentation and an integrated patient-facing educational module that provides personalized, symptom-specific resources.

Ke",,77317893-b172-4d27-8609-19df03b98544,,Restricted — Review,orange,30,Healthcare Products and Services,Telehealth / Medical Marketplace,['symptom navigator']
68c59d91b1836e110157bd36,https://matchclock.base44.app,REELVIBES,,The project is focused on building a platform that facilitates job searching and mentor connections using the Base44 SDK. Recent technical efforts have centered on standardizing data operations by migrating `JobBoard` and `Mentors` page logic to utilize `base44.entities` and `base44.auth`. Additiona,,7c678fd9-57ee-4580-a1c8-e7f6c0646085,,Likely Supportable,green,40,,,
690d97b60c69285b7e4d7a9f,https://fan-connect-crm-7e4d7a9f.base44.app,FanConnect CRM,,"The user is continuing to develop the 'Release Manager' application, which focuses on streamlining music release processes. The latest updates involve the implementation of five new features: an ""Invoice Maker"" page, an ""Analytics Dashboard,"" export utilities (JSON and CSV), team collaboration funct",,97a8b867-5f5e-4b6b-954d-212e67fc35d4,,Likely Supportable,green,40,,,
6998d1f25066c24f8d5aacf5,https://conquest-card-clash.base44.app,Conquest Cards,,"The project focus remains on refining the PvP game initialization and synchronization logic within the `GameBoard` and `OpeningCardHandler`. The recent iterations addressed critical race conditions and state sync issues occurring during the transition from the ""select_battle"" opening phase to active",,a22d99f5-608a-4093-97a1-c6e64b5957bd,,Likely Supportable,green,40,,,
699e75dbfee56d675515eabe,https://adagey-health-hub.base44.app,Adagey Health,,"The Adagey Health platform continues to mature, with a primary focus on refining the onboarding infrastructure and streamlining the user journey from pricing to registration. The onboarding logic has been centralized and modularized into `components/shared/onboardingHelpers.js`, establishing a clear",,73707062-8a3f-4db4-820d-7ea561efb9ec,,Likely Supportable,green,40,,,
699e86ef1431bf05cf0d39d2,https://secret-gym-gear-go.base44.app,GSplit,,"The user is implementing a wishlist feature for the ""GSplit"" e-commerce platform, which includes adding wishlist functionality to product cards and pages, a dedicated wishlist page, and a header link. This was accomplished by creating a `wishlistUtils.js` file for managing wishlist logic and integra",,cabce3c6-048c-4886-b8aa-734169f86e0b,,Likely Supportable,green,40,,,
699484c23f9d7e0e77e779f2,https://pristine-ride-pilot-go.base44.app,RidePilot,,"The project is a private, independent ride-scheduling platform that has evolved into a high-utility, AI-driven tool for both passengers and drivers. Key technical updates include the implementation of a high-resolution map interface using `@2x` retina tiles and a robust, event-driven email automatio",,9cacbb6d-21e5-4271-a0e0-4c5b40f5a646,,Likely Supportable,green,40,,,
6997de188a9a62acb02989b3,https://playbook-coach-pro.base44.app,Playbook Business Coaching,,"The project has evolved into a robust internal management tool for the ""Marketing Playbook,"" with recent efforts focusing on enhancing interactivity and optimizing search engine presence. The core application now features a ""Business Management"" admin-only sidebar, providing secure access to the Mar",,9d06baef-b291-46d6-aa3d-e02122ae2b42,,Likely Supportable,green,40,,,
699d0d5af2dcaf2dca19207d,https://movematch.base44.app,MoveMatch,,"The user is building a moving assistance application that guides users through creating a ""move"" and then searching for relevant services. The focus of the recent conversation has been on resolving issues related to displaying booked moves on the ""Home"" page, particularly for unauthenticated users. ",,b9069487-26bd-4fe4-8588-1f923fdb17e0,,Likely Supportable,green,40,,,
699dd34d2a51a522c842f6d5,https://majestic-draft-master-pro.base44.app,DraftWizAI,,"The project is a fantasy baseball management suite currently focused on streamlining user onboarding and implementing a robust league import system. Key recent achievements include the creation of a full-screen onboarding experience that routes users to either a ""Create New League"" wizard or an ""Imp",,ba907cf0-37ec-4762-b8cb-a46465cbc579,,Not Supportable,red,70,Gambling and Games of Skill,Virtual Casino / Loot Box / Cash Prize Games,['fantasy baseball']
68e16f470072c9cc4fb1268e,https://booked-now-what.base44.app,Booked! Now What?,,"The project continues to focus on refining the user experience and interface consistency of the travel itinerary application. Recent efforts were directed at identifying and removing user-facing ""account repair"" references that were appearing in the UI, despite being absent from the primary codebase",,5b0c5e50-b02a-4b2b-8413-f691ffe4220a,,Likely Supportable,green,40,,,
69349ccd965a7d295551718c,https://mfsb-internal-management-system-5551718c.base44.app,MFSB Internal Management System,,"The project has evolved from implementing event discovery features to a strategic planning phase focused on rebranding the public-facing homepage. Recent technical work successfully implemented functional ""Register,"" ""Add to Calendar,"" and ""Share Event"" buttons on the `EventPreviewTemplate`, utilizi",,06cfe8e0-1663-44d1-b7e4-574cb4c601f6,,Likely Supportable,green,40,,,
699e494ae442541896950552,https://didactic-story-spin-win.base44.app,Story Spinners Casino,,"The user has been working on refining the game's credit shop and implementing an XP gambling feature. Initially, they adjusted the pricing of the 5000 credits bundle to $1.99 and added a new 10,000 credits bundle. This involved updating both the frontend component (`CreditsShop`) and the backend fun",,4c5b9da9-0aa8-4a3e-88b3-921b98115444,,Not Supportable,red,50,Gambling and Games of Skill,Betting / Casino / Lottery,['casino']
697439b099523a2c5f02dd4c,https://mobile-battery-guys-5f02dd4c.base44.app,Mobile Battery Guys,,"The Mobile Battery Guys platform is currently undergoing enhancements to its content management system. Building upon the recently implemented `@tailwindcss/typography` integration, the user is now updating the `BlogPostEditor` component to improve image management.

The primary change involves exte",,76267684-1987-4c8d-a259-b9dbe5a08e4b,,Likely Supportable,green,40,,,
690813d5537ce0d0faf4c1de,https://bonded.base44.app,Bonded,,"The user is continuing their audit of the ""Bonded"" relationship-coaching platform, focusing on identifying the source and structure of the ""What I Hear You Saying"" communication. Previous efforts successfully resolved a push notification toggle issue in `Settings.jsx` by correcting import paths, but",,4cda030a-d288-4af3-9e92-85f3f9241c03,,Likely Supportable,green,40,,,
69937dee6198fbbaa251483e,https://modlink.base44.app,MODLINK,,"The project focuses on cleaning up the tracker and dashboard interfaces to ensure data accuracy. The ""AQS"" data entry (previously appearing as a deal subtype) was removed from the `DealCard` component, and the ""Accounting and Tax"" vertical type was entirely deprecated from the tracker's configuratio",,f0b40d29-682f-4258-b8a1-40797b03642b,,Likely Supportable,green,40,,,
699d3f34e14be13914b93527,https://anuken-market-pro.base44.app,Anukenatathen Marketings,,"The project has reached a high level of performance optimization for the `AnuknTranslator` system. Key improvements include persistent state management via `localStorage`, ensuring that user language preferences remain intact across page refreshes and initial loads. The translation engine has been r",,bd644d9d-2771-4253-bdff-aa68bd012385,,Likely Supportable,green,40,,,
699e0352b250881b35bde4e9,https://clap-athlete-zone.base44.app,CLAP Athlete,,"The project is an athlete profiling and coaching platform that integrates an assessment workflow. Recent technical efforts focused on resolving a React rendering error (""Objects are not valid as a React child"") caused by passing entire question objects instead of their string values to UI components",,8321d7c1-327a-470b-91c3-8ed50561ee67,,Likely Supportable,green,40,,,
68f7180c0bb2cee1cb3bbe3f,https://tradeguardapp.base44.app,TradeGuard,,"The user is exploring the feasibility of automating contractor license verification by integrating external state records into the application. Specifically, the user identified the Utah Department of Commerce license verification portal as a target source for automation.

The current discussion cen",,bf65dffd-2aaa-43dc-8718-90240f9aaf0d,,Likely Supportable,green,40,,,
699e00a4662012df5247f080,https://prime-power-pro.base44.app,Prime Power Partners,,"The project has successfully transitioned from a flat category system to a 3-tier hierarchical structure (Industry > Subcategory Group > Specialty). Following the implementation of the `CategoryPicker` component and the `OwnerCategoriesManager` tree editor, the assistant has refined the user experie",,efdac081-75c8-43e9-bcc3-4783bb16503f,,Likely Supportable,green,40,,,
696fd5998bf049ebdc290f28,https://spaces.base44.app,SPACES,,"The user is developing `Builder3D`, a photo-to-3D model conversion platform that generates building block structures based on custom physical specifications (2"" height, 1/4"" scale). The project successfully integrates ""Base44 Payments"" (Wix Payments) for transactions, with backend logic for checkout",,a29ce958-afbe-484c-be06-a2fb84fb2524,,Likely Supportable,green,40,,,
697fe8c662ab93dbdcdf4d10,https://story-poster-art.base44.app,Gift a Story,,"The project is a personalized story and photo-story poster application. Recent development has focused on UI refinements to improve the layout and branding, specifically adjusting paddings and element sizes on the ""Choose Your Style"" page to ensure a more spacious and readable interface.

Key design",,dff65475-6ced-4845-9e4b-40f3402185f6,,Likely Supportable,green,40,,,
68cee0fdfa7de3d77a80d5f5,https://ascorecard.base44.app,AScorecard.com,,"The user is developing a golf management application, focusing on score tracking and side-bet features like ""The Snake."" Recent technical efforts have concentrated on stabilizing the `ActiveRound.jsx` component by refactoring round-completion logic with `useCallback` to prevent stale closures and im",,4179bd27-9d28-4468-acea-63b813fd3aa6,,Likely Supportable,green,40,,,
699df46eab5de11985616568,https://mamas-embrace-now.base44.app,M.E.N.D. - Mamas Embracing New Direction,,The user is implementing a payment-gated access model for the M.E.N.D platform to ensure only paying users can access core community and healing resources. Key technical implementations include a server-side `createCheckout` function for Stripe session management and a `grantAccess` function that va,,75fa2122-d4f1-4eae-b748-37bb445d6bd9,,Likely Supportable,green,40,,,
699dcdc3d2ddf677b65ff03e,https://surgical-wisdom-daily.base44.app,Surgical Wisdom,,"The user is continuing to refine the `SurgeonStory` entity data. Following previous efforts to clean up textual data by removing parentheses, the focus has shifted to ensuring all surgeon records have associated images and that these images are centered correctly. The assistant confirmed that all su",,91c9b295-5a19-4c42-aa20-e33aed6e0280,,Likely Supportable,green,40,,,
6925e2427570ea04e0acf4bd,https://king-rush-productions-e0acf4bd.base44.app,King Rush Productions,,"The project involves building an internal ""Call Dashboard"" and a public-facing ""Call Entry"" page for King Rush Productions. The Call Entry page utilizes a dark-themed UI with specific branding, allowing users to log call metrics into a `CallLog` entity. The Dashboard allows admin users to manage the",,ebc512b4-d18c-4519-90e3-1755bc642ffe,,Likely Supportable,green,40,,,
691b7a8285afbf5ec8c42646,https://igotwell-c8c42646.base44.app,#IGotwell,,"The #IGotwell app has expanded its feature set to include interactive community engagement, robust user-driven goal management, and a directory of peer mentorship resources. The `Support Circles` module now supports post comments, and the platform offers both automated metrics and manual habit loggi",,69a4cd6b-b97f-4f1d-ac2f-24bba49b9e71,,Likely Supportable,green,40,,,
699b99aa7533cd3b00af89ce,https://ashen-reins.base44.app,Ashen Reins,,"The ""Ashen Reins"" application development has focused on stabilizing the backend integration for Base44 Payments and standardizing internal API communications. Key achievements include the successful implementation of the `create-checkout` flow, registration and verification of webhooks, and the nor",,c814fd53-4e78-4306-b503-cb9e7580b2a3,,Likely Supportable,green,40,,,
68d0483160e5174763a6675b,https://squawksense.base44.app,SquawkSense,,The user is enhancing an aircraft maintenance logbook system. The core feature being developed is the automatic generation of logbook entries from completed service tickets using AI. This involves creating a backend function `generateLogbookEntriesFromTicket.js` and a frontend component `DraftLogboo,,53f3e259-a4a5-4f15-8057-34f24d91ff9e,,Likely Supportable,green,40,,,
699a11726fc1acd2766583f6,https://kingly-klean-pros.base44.app,Kingly Klean Services,,,,af696493-067c-41bb-aca1-3965c857b6d7,,Likely Supportable,green,40,,,
699dd1431335bb051bd8185f,https://gamer-lens-pro.base44.app,Gamer Glasses,,,,a2ffc25e-5e32-429a-a1e3-6d902e4e1423,,Likely Supportable,green,40,,,
699dcd0fa7e91b4812ced602,https://purrfect-cat-shop.base44.app,Purrfect Shop,,,,ba793fc3-4172-4acd-a3d1-7e23d3d40fff,,Likely Supportable,green,40,,,
69418679b69fb9325fb54de9,https://biz-ledger-5fb54de9.base44.app,BizLedger,,,,a0936448-123e-4aa0-b7fa-042748c55d1c,,Likely Supportable,green,40,,,
693f875474a37591c48b8ed9,https://beat-hub-c48b8ed9.base44.app,Street habits Music ,,"The user has expanded the music marketplace platform to include a merchandise sales section. This involved creating a new `Merch` entity to track product details (title, category, price, sizes, and colors) and implementing `Merch` and `UploadMerch` pages to allow users to browse and sell items like ",,941bc5e1-4fea-4511-b3b1-476f37412153,,Restricted — Review,orange,70,Marketplaces and Aggregators,Marketplace / Multi-Vendor Platform,['marketplace']
699d2c4db8cbbcd4d6d66dc9,https://amphibian-sheet-sync-app.base44.app,SheetSync,,"The development of the ""Judges Portal"" has focused on expanding the scoring system to accommodate more complex competition requirements. Specifically, per-maneuver penalty tracking was implemented, allowing judges to toggle a penalty status and input a numeric deduction for each maneuver. This requi",,14c00d71-3836-4279-b5d5-9a857666a4f6,,Likely Supportable,green,40,,,
699dc482d704ca87e2a83d73,https://self-own-patriot.base44.app,Self-Own Patriot™,,"The user is building an e-commerce application and has recently focused on the checkout process and user authentication. The `Checkout.jsx` page has undergone several minor code style updates, including changes to arrow function syntax and ensuring elements are properly closed. The core functionalit",,ad7e1f08-0291-4d91-80b7-cd6f51d10c9e,,Likely Supportable,green,40,,,
69939995c61a29f3cce5759a,https://beneficial-cosmic-crunch-game.base44.app,Fart Hero,,"The project ""Fart Hero"" has been updated to standardize input handling across platforms. Key technical improvements focused on unifying touch controls with existing keyboard logic to ensure consistent weapon behavior, specifically implementing hold-to-fire functionality for the ""machine_fart"" weapon",,25edae5f-821a-404b-94f0-fac3f0a8dab5,,Likely Supportable,green,40,,,
686d2401ee18dc7a66d8c272,https://casosmic-quiz-copy-66d8c272.base44.app,Casosmic Quiz'`@;<> (Copy),,"The user is building a ""Space Quiz"" application. The primary focus has recently shifted to resolving issues with backend function deployments and managing entity definitions.

Initially, the user experienced persistent ""failed"" deployment statuses for backend functions, even with minimal code. This ",,b9851524-b451-4032-a25a-9e09507ad2d0,,Likely Supportable,green,40,,,
699ab0defa46f01a47f9ae9e,https://fast-edge-gear-sports.base44.app,Edge Gear,,"The user is continuing the development of the ""Edge Gear"" online store. They have successfully implemented a site-wide ""Free Shipping on all orders"" policy, updating the UI text in the `CartDrawer.jsx` component and ensuring the message is displayed across trust badges, cart drawers, and product pag",,fc480bc4-5d76-40dd-b59c-beb42b68b4a8,,Likely Supportable,green,40,,,
6894a8abea2ca7680fe55d0c,https://nova-greet-0fe55d0c.base44.app,NovaGreet,,"The user is working on a ""Hello World"" application, with the initial focus on creating a personalized and visually engaging welcome page. This page is designed to display a personalized greeting using fetched user data and show the current time, incorporating modern design elements and animations fo",,b70fdd28-2459-4474-a84e-c7a2757d2f2e,,Likely Supportable,green,40,,,
699d915727c1bc3eb0958125,https://hello-world-app-b0958125.base44.app,Hello World App,,,,d7c0af41-b3f8-4d6c-a6ae-f8763f342f20,,Likely Supportable,green,40,,,
699d8c51dacd9dfbe14d9414,https://muse-go-now.base44.app,MuseGlobetrotter,,,,1112fe38-d7e4-437b-9bd2-70af5e89bd0f,,Likely Supportable,green,40,,,
6991670d64e12aac98b7153c,https://flying-ai-98b7153c.base44.app,Flying AI,,"The ""FLYNH AI"" platform, a multi-tenant RMM and CRM solution, has undergone significant architectural and functional updates. Development primarily focused on resolving React hook dependency errors in `RMMDeviceDetail` and `TicketsView` by refactoring conditional hook calls. Additionally, the platfo",,c4e59775-7bd0-4490-a74a-6c116f594afa,,Likely Supportable,green,40,,,
6995f191febb718030c91c07,https://salary-check-now.base44.app,Am I Underpaid?,,"The salary analysis platform has been further refined to improve user clarity and expectation management regarding job title matching. The development focus shifted from handling ""no match"" states as errors to presenting them as informative, helpful feedback, ensuring users understand why specific e",,f2c1b62f-14eb-4eeb-86b9-0ddb5983a9d3,,Likely Supportable,green,40,,,
699ab2f03b5b7feffb98317a,https://edge-gear-go.base44.app,Edge Gear,,"The user is developing an online store called ""Edge Gear"" focused on winter sports equipment, featuring a dark, premium aesthetic with icy blue accents. The core functionalities include a homepage, product catalog, product detail pages, and a checkout process. Key entities like `Product` and `Order`",,22c1cb61-4a87-4501-92ba-a136ff3eae51,,Likely Supportable,green,40,,,
699d405337b8efdfce9c91bf,https://beneficial-home-fix-ai.base44.app,HomeFix AI,,"The user is building an AI-powered home maintenance and property management application. The application has evolved to include distinct dashboards for regular users and administrators, with role-based routing to the Home page. Recently, the user has focused on enhancing the application's functional",,c1dc445c-bd31-43d2-a8a6-933c5bcc881f,,Likely Supportable,green,40,,,
697c1faa3fa1e03b6f2b64fd,https://appointment-flow.base44.app,Appoint Flow,,"The user has successfully integrated Wix Payments into the appointment booking system to enable transactional capabilities. This implementation involved installing the Wix Payments provider, configuring environment variables, and establishing a server-side Deno function (`create-checkout`) to manage",,543495ac-0ace-4cd5-92cd-1f3e4a8d524c,,Likely Supportable,green,40,,,
699d3cdf948047ad32ab1832,https://ledger-way-tax.base44.app,LedgerWay Tax Prep,,"The user is currently focused on implementing a payment and purchasing system for LedgerWay's tax preparation service. This involves integrating a payment provider, specifically Wix Payments, and ensuring all call-to-action (CTA) buttons direct users to the new purchasing flow.

Key actions taken in",,d141f2f5-9410-4378-b26c-00ab0d1e6caf,,Likely Supportable,green,40,,,
68b8d3e846c1dd206b866abe,https://stalkandstock.base44.app,𝖲𝖳𝖠𝖫𝖪+𝗦𝗧𝗢𝗖𝗞,,"The project continues to refine its navigation and access control architecture, specifically focusing on fixing a global bug where the Stalk + Stock logo would incorrectly redirect users to admin-only portals. The team identified that multiple navigation components (`DesktopHeader`, `MobileHeader`, ",,193a27fe-1e1a-4a2d-8366-0365919a1fbb,,Likely Supportable,green,40,,,
695af8ef2751368de941f3fc,https://assets-highrise.base44.app,AssetFlow,,"The project has successfully transitioned from core transactional development to a comprehensive verification phase. All major functional modules, including authentication (signup/login/logout), credit-based purchase flows for templates and assets, and user profile management, have been rigorously t",,35faa15d-0555-4a7a-8bef-1bcb7434a843,,Likely Supportable,green,40,,,
69110d082c88a9e228cbe74d,https://card-pro-28cbe74d.base44.app,Contag.me,,"The user is refactoring their digital business card application to use Wix Payments exclusively, removing all Stripe integration. This involves deleting Stripe-specific backend files and updating the `Purchase` page to handle payments solely through Wix. The existing Stripe checkout function is bein",,d6d27544-ea66-4dd1-bf57-ae376231292a,,Likely Supportable,green,40,,,
690b00683b635337b442471d,https://artisan-b442471d.base44.app,Rainy Days Gallery,,"The project continues to focus on the gallery's event reminder system. Following a series of failed SMTP authentication attempts using standard `nodemailer` configurations, the implementation of the `sendEventReminder.js` backend function was significantly overhauled.

The key technical change invol",,6df9e064-e233-4255-bfb3-c8bc81165051,,Likely Supportable,green,40,,,
6990689cfb44a432d760e379,https://catch-card-grade.base44.app,CatchTCG,,"The project has transitioned to a comprehensive UI/UX overhaul, moving away from a navy-themed aesthetic toward a ""Webull"" inspired, data-dense interface characterized by a pure black and charcoal color palette (#0f0f0f, #1a1a1a). This update involved global changes to `index.css`, `tailwind.config.",,92d1a43c-671f-4ce4-a93e-8eae1acecf0b,,Likely Supportable,green,40,,,
691121a1e2c809a74ba31059,https://chans-thai-kitchen-4ba31059.base44.app,Chan's Thai Kitchen,,"The user is continuing to troubleshoot the `updateOrderStatus` function for the Chan's Thai Cuisine application, specifically focusing on why email notifications are not being sent to customers after an order status update. The previous summary indicated that the function was returning a 200 status ",,9e2ed2e4-524a-4e7e-ad87-405a1dc3de63,,Likely Supportable,green,40,,,
699cea461fe4f0d7d404c73b,https://stitch-learn-go.base44.app,Stitch & Learn,,,,69f68076-a2e3-4bdd-aed0-bce741fde613,,Likely Supportable,green,40,,,
699b28e80589668b7202f842,https://neon-reels-ai.base44.app,Neon Reels,,"The user is developing the ""Copyright Portal"" application. Recent efforts have focused on improving the user experience and fixing UI issues. The application now features a persistent chat window, visible to all users, integrated into the ""Editor"" page for notes and messages. Additionally, the user ",,5a9f9b0a-5eef-46fd-84ab-9c7c1d8b7fc5,,Likely Supportable,green,40,,,
6950ab7d0a64dddf11df686b,https://crmops-ai-11df686b.base44.app,CRMOpsAI,,"The project is a multi-tenant SaaS application currently focused on stabilizing its payment infrastructure and refining the form-building user interface. The team has successfully transitioned to ""Base44 Payments"" (Wix Payments), standardizing all backend functions to the latest SDK version and ensu",,643effa6-b0d9-4330-9557-86defadfb659,,Likely Supportable,green,40,,,
69936c065e4e2faac99ce0cf,https://proficient-event-vibe-now.base44.app,EventVibe,,"The project has expanded into provider-side financial management and secure communication. For provider financial management, a new `MyEarnings` component was implemented and integrated into the `ProviderDashboard` via a new ""My Earnings"" tab. This component allows providers to track bookings, view ",,b75adef0-4505-469a-ba96-e714cbbcfbd1,,Not Enabled for Wix,orange,70,Financial Services,Digital Banking / Money Services / P2P Payments,['financial management']
696b2bd107af20deac4cc200,https://ai-dev-pulse-ac4cc200.base44.app,AINews.sh,,"The user has successfully implemented a new ""Top Posts"" feature on AIDeveloper44.com, designed as an insights dashboard for high-level content. This involved creating a `TopPost` entity, developing a listing page with filtering capabilities, and a dedicated `TopPostDetail` page. To support administr",,335f19e3-c2de-4d81-b1d8-7874c58706b9,,Likely Supportable,green,40,,,
69495e6e928e17dfaf5e93b5,https://rehabrenaissance-rtsdashbord.base44.app,Rehab Renaissance Return-to-Sport Dashboard,,"The user is developing an athlete management dashboard and has transitioned the subscription workflow in `Subscription.jsx` from a standard redirect to Stripe Checkout to a more seamless integration using Stripe’s `EmbeddedCheckout` components. 

Key technical changes and issues include:
*   **Subsc",,691a5a31-c198-4972-ab32-1b850a158e46,,Likely Supportable,green,40,,,
696fab8240914cd43dab9b5b,https://greenbean.base44.app,greenbean,,"The user is working on a web application with a distinct Windows XP aesthetic. The primary focus has been on ensuring the taskbar and associated windows display correctly across different devices, particularly mobile phones with varying aspect ratios and safe area insets. Initially, the taskbar was ",,f3a63639-5260-44f5-89e3-b3ebef4e5670,,Likely Supportable,green,40,,,
68e3179ee12e2f0a73435f31,https://the-widow-maker-73435f31.base44.app,The Widow Maker,,"The user is working on enhancing the mobile compatibility and user experience of ""The Widow Maker Outdoors"" app. Previous efforts focused on refining membership tier access controls and improving mobile navigation. Most recently, the focus has shifted to performance optimization, specifically addres",,f05c528e-88ff-475f-bee0-ecb618f7f395,,Likely Supportable,green,40,,,
698ea61cd3aa4cab3729ec18,https://tux-bride-plan.base44.app,Tux & Bride,,"The `VisualsPaywall` page has been updated to restore the three-column feature display. The grid layout was modified to accommodate an additional feature card, and the necessary icon imports, specifically `Sparkles` from `lucide-react`, were added to support the updated UI content.

These changes co",,0e884e5a-4afb-4b98-9c86-75868ec9d0d9,,Likely Supportable,green,40,,,
6873fd66c02e10285e94132a,https://nate-hances-song-request-show-5e94132a.base44.app,Nate Hance's Song Request Show,,"The user is building an interactive music performance application. Initially, they focused on refining the user experience for song requests and administration, including making form fields more intuitive and visually consistent with the app's purple theme. Key features implemented include a genre s",,96cbf7e1-ea04-4fac-96c1-0ffd98982633,,Likely Supportable,green,40,,,
694c5b6624d640756ea9af91,https://college-fast-forward-copy-6ea9af91.base44.app, Join College Fast Forward  ,,"The user is auditing the ""founding member"" status of users across various universities to ensure compliance with the 100-member ""free forever"" threshold. This process involves using the `getUserCount` backend function to bypass user-level security restrictions and retrieve accurate, school-wide data",,c8d08208-fac8-4ceb-8fc2-525268cc8a67,,Likely Supportable,green,40,,,
6993b5189d240d94b1292217,https://morgan-leads-now.base44.app,Morgan for America,,"The user is developing a political campaign website for Jeff Baker. Following previous work on the ""About"" section and a refined volunteer sign-up process using a dedicated `Volunteer` entity and modal, recent efforts have focused on updating the events list. Two new events have been added: the ""Ogl",,0a93a5c2-0c8c-46f8-8b4a-d97ee1fbe3a0,,Likely Supportable,green,40,,,
69668913f614565b10c7ae48,https://emergency-marine-solutions-llc-10c7ae48.base44.app,"Emergency Marine Solutions, LLC",,"The ""Emergency Marine Solutions"" (EMS) platform has undergone refinements to its data handling and UI components. Key improvements include increasing the record fetch limit for the `WorkOrders` page to 3000 to ensure comprehensive customer listing and implementing a robust sorting mechanism in `Work",,49138b21-871b-46c4-a904-8f2cff0684e9,,Likely Supportable,green,40,,,
698a5b5457f0b9b736ec57f7,https://baseofmerch.base44.app,Sam Merch Store,,"The project is an e-commerce application built on the Base44 platform, currently utilizing Base44 Payments (Wix) for order processing. Key architectural features include a `PendingOrder` entity to maintain cart integrity across sessions and secure backend logic for coupon management, which was recen",,147e1f0e-6d20-40e1-85ab-c8f2f854a994,,Likely Supportable,green,40,,,
69520641f037dbc048984696,https://comic-clash-48984696.base44.app,Riverside County Carnival,,"The carnival-themed web application has been expanded to include a new contest entry page, accessible at `/Contests`, which allows users to enter a giveaway for a Family 4-Pack Unlimited Ride Wristband. This page, like the existing `/donotscan` landing page, now features the event's physical address",,814f5fc8-e13d-49fc-ba82-d9ad421fc5b9,,Likely Not Supportable — Review,red,30,Gambling and Games of Skill,Lottery / Raffle / Giveaway with Purchase,['giveaway']
691c1df211eee0e6169c08ba,https://nail-scan-pro-169c08ba.base44.app,NailScan Pro,,"The NailScan Pro application is a functional web app currently deployed on the Base44 platform. The payment infrastructure is fully established, utilizing Base44 Payments (Wix Payments) to manage a $4.99 one-time access fee for nail measurements, complete with a `create-checkout` backend function fo",,bcd21bcf-2a1e-434f-afa3-a32f7e317890,,Likely Supportable,green,40,,,
699cba4beb164a871cc1d786,https://lend-fast-flow.base44.app,LendFlow,,"The user is continuing to build the peer-to-peer lending application, ""LendHub,"" by integrating insights from the previously conducted research into platforms like SoloFunds and Lenme. The current focus is on enhancing the application's user interface and core features, particularly on the Home page",,d21e6116-ffd2-4d6e-950c-fd78a274824a,,Not Enabled for Wix,orange,50,Financial Services,Digital Banking / Money Services / P2P Payments,['peer-to-peer']
696d138ec2a058d0e7ff9b90,https://second-chance-e7ff9b90.base44.app,SecondChance,,"The user is transitioning the ""SecondChance"" marketplace application away from Stripe as a payment processor. The previous Stripe integration, which involved backend setup for payment intents, webhook handling, and UI updates for payment feedback, has been deemed unsuitable for auction functionaliti",,73e5749a-c400-4beb-a2b5-cacd633a2a34,,Restricted — Review,orange,70,Marketplaces and Aggregators,Marketplace / Multi-Vendor Platform,['marketplace']
690e2a181b31cc9882f21543,https://holistic-wellness-ai-82f21543.base44.app,Holistic Wellness AI,,"The user is continuing to develop the ""Progress"" page for the wellness application. This involves adding new data visualizations to provide users with a more comprehensive overview of their wellness journey and achievements.

Key updates include the creation and integration of four new components on",,ff461fad-72f3-418f-94f6-63a352b9123a,,Likely Supportable,green,40,,,
6973f4d46427a756b6cd2488,https://interstateclienthub.base44.app,ClientHub,,"The project is an administrative portal for managing Invoices, Work Orders, Tickets, and Quotes, integrated with Base44 Payments (Wix) and synchronized with an external CRM via webhooks. Development has focused on refining the `CustomerAccount` data layer to ensure accurate financial reporting and a",,fea87c16-93be-4f1b-af3b-a351b4b69ffc,,Likely Supportable,green,40,,,
690e443097d67b2c9dbd0bae,https://fragrance-box-9dbd0bae.base44.app,The Candle Bar,,"The project is a subscription-based candle service on Base44, currently focused on integrating ""Base44 Payments"" (Wix Payments) for transaction processing. The user has successfully configured the required environment variables (`WIX_PAYMENTS_API_KEY`, `SITE_ID`, and `WEBHOOK_PUBLIC_KEY`) to connect",,236823f4-addf-4bd5-ac96-f637faa12f25,,Likely Supportable,green,40,,,
699ca234893cd50c52d8913b,https://neat-vendor-store-link.base44.app,Vendor Storefront,,"This summary builds upon the previous context of developing a multi-tenant Vendor Portal where vendors can create their own online storefronts, with a strong emphasis on integrating Wix Payments. The project has now transitioned to making storefronts publicly accessible without requiring customer lo",,81aa4218-71cf-47fb-a12f-783f629cae40,,Restricted — Review,orange,50,Marketplaces and Aggregators,Marketplace / Multi-Vendor Platform,['vendor store']
68af8225c7234d4fdac6846f,https://opnlabel-dac6846f.base44.app,OPNLABEL,,"The user has finalized the ""Suggested"" products section on the `Cart` page, focusing on specific curation and layout refinements. The feature is restricted to display only two specific items: the ""JONATHAN PRIMOSH HOODIE"" and ""JONATHAN PRIMOSH SWEATPANTS,"" with logic implemented to ensure the hoodie",,dca55c35-04cf-467e-af9b-562842771db8,,Likely Supportable,green,40,,,
69547dfee8097958754fefbd,https://virtualcfpm.base44.app,Virtual CFPM - Food and Retail Solutions,,"The project includes a 48-hour advance booking restriction for all exam registrations, enforced via frontend filtering in `pages/BookExam.jsx` and backend validation in `functions/createExamBooking`. This ensures that users cannot register for exam slots occurring within 48 hours of the current time",,ffcbd582-39c5-47a1-b66e-66da68518964,,Likely Supportable,green,40,,,
699c7478efab2dfed6824e19,https://seed-pure-blend.base44.app,Starting Line Soil,,"The user is working on refining the ""Starting Line Soil"" e-commerce website. The previous focus was on accessibility improvements and resolving build errors related to mismatched JSX closing tags in the `Home.jsx` and `Order.jsx` files. These issues have now been resolved with corrections to ensure ",,ad552e12-c86a-478a-905e-437d010db595,,Likely Supportable,green,40,,,
695b92beeea3f03c3c489ac0,https://contract-guard-ai-3c489ac0.base44.app,Contract Guard AI,,"The user is developing a ""Contract Risk Scanner"" application designed to perform AI-based legal analysis on user-uploaded documents. The platform provides users with an overall risk score, severity-based risk classification (low to critical), and ""plain English"" translations of legal risks, specific",,58462fd2-9897-4173-aeb0-d1bd63cd08b3,,Likely Supportable,green,40,,,
699c190cf38ca0fd22a3e852,https://virtue-own-cert.base44.app,VirtueCoin Certificates,,"The user is actively developing the VirtueCoin platform, focusing on expanding its seller ecosystem and enhancing user acquisition. Initially, the project involved setting up a `Seller` entity to track seller performance, including sales, revenue, and commission rates. This was accompanied by the cr",,928bbb1c-6f8b-4dc2-80c9-5f4002ffe358,,Likely Supportable,green,40,,,
698ff86a56d7b574cfb49300,https://cozy-corner-app.base44.app,Little Nook,,"The project for `littlenookco.com` has progressed with key updates to the checkout logic, navigation, and customer communication flow. The backend `create-checkout` function was refactored to implement a tiered discount strategy: it now applies an automatic 10% discount to all orders by default, whi",,d221ff45-6421-4abb-92c7-c15072d2dee3,,Likely Supportable,green,40,,,
697bf03f48ceb99d532d8bee,https://topphealthemr.base44.app,Topp Health,,"The project has transitioned into an active refinement phase, focusing on addressing feedback from a provider (Benny) regarding administrative workflows within the clinical dashboard. Key tasks include troubleshooting Row Level Security (RLS) for lab uploads, implementing an edit function for client",,8404ebb6-eb7e-443f-9a73-4bed6005d847,,Likely Supportable,green,40,,,
699bc63ef784844dfbcdfa5f,https://offbeat-recipe-architect-pro.base44.app,The Recipe Architect,,The **Eugine Quantum Intelligence Marketing Suite** is evolving from a content management system into an automated social marketing platform. The core development focus has been integrating the Boostero SMM API to enable automated TikTok engagement (such as purchasing views). The project now feature,,c76b7ea8-3b0b-4e16-80fc-bdd8d44f7330,,Likely Supportable,green,40,,,
6999400b6985907082a94b33,https://lifeguard-quiz-now.base44.app,LifeGuard Quiz,,"The user is focused on enhancing the Life Insurance Prep Quiz app for a high-quality iOS experience, building upon previous work that introduced adaptive learning paths and administrative features. The current phase involves significant UI/UX refactoring and state management improvements.

Key chang",,9f8d1a6a-5523-402f-96fa-51a067e2a134,,Restricted — Review,orange,40,Insurance,Insurance Products,['life insurance']
6998e9afdc38f4d6b2e37ccb,https://authentic-aura-skin-glow.base44.app,Renew You,,"The project is an affiliate management system that allows affiliates to securely set their own passwords via a custom invitation portal. The system handles product snippet generation for affiliates to embed on external websites, ensuring that ""Buy Now"" links correctly route to the main store with di",,33b03331-60f6-4831-92fe-0c348c8a4224,,Likely Supportable,green,40,,,
699ba2b1d3b0fa220800a3ed,https://fast-sparkle-clean-home.base44.app,SparkleClean,,"The user is developing the ""SparkleClean"" application, focusing on enhancing its referral program and refining its pricing page. Following the previous implementation of social sharing buttons and a cancellation fee, the user requested the creation of a referral program. This has led to the addition",,ae7430e3-c9a1-4136-98b7-6213cb371336,,Likely Supportable,green,40,,,
699b7c3ecbfe486faa5ab111,https://convivial-prompt-craft-hub.base44.app,Promptify Marketplace,,"The **PromptVault** project is a fully functional marketplace for AI-generated prompts. The platform utilizes a credit-based economy where users can sell prompts to earn credits and purchase them using credits. Key features include a categorized prompt browsing interface, a community forum, and user",,daaca5af-b7cd-4d0c-b4e7-3f167df13f77,,Restricted — Review,orange,70,Marketplaces and Aggregators,Marketplace / Multi-Vendor Platform,['marketplace']
69705277a29f49c31686da30,https://fruit-frenzy-1686da30.base44.app,Fruit Shooter,,"The project is a web-based game called ""Froot Shooter."" Recent development has focused on UI refinements, gameplay feedback, and leaderboard logic. Key UI changes included moving the XP counter to the top-right HUD, removing a cumbersome ""Are you sure?"" confirmation dialog for shop purchases, and up",,92612c0c-5c80-4a99-8198-f32b18031bc4,,Likely Supportable,green,40,,,
698f7081b464e81c5ba0a782,https://ez-cabin.base44.app,EZ-Cabin.com,,"The project has focused on refining the EZ-Cabin user experience through a complete redesign of the `ProductDetail` and `Account` modules, aimed at increasing conversion rates and simplifying the lead-capture flow.

1. **Product Detail Overhaul:** The `ProductDetail` page was refactored into a modul",,ce2fee84-126b-4135-b56e-dd475605355a,,Likely Supportable,green,40,,,
699afdefe2f0ab16c5e16a45,https://airport-leave-time.base44.app,Airport Leave Time,,"The user is continuing the development of the ""Airport Theory"" application, focusing on integrating features 3 and 4 discussed previously: customizable user profiles/settings and trip sharing. The implementation involves creating a new component, `DefaultBufferSettings`, to manage user preferences f",,c872a0fa-40ef-4a2a-ae5e-2e8531a03efc,,Likely Supportable,green,40,,,
699afcb94f049310c7ca9d46,https://medi-sell-now.base44.app,MediSell,,"The user is building a pharmaceutical product review and sales application. Initially, the focus was on setting up the core e-commerce functionality, including product catalog management, user reviews, a shopping cart, and checkout. This involved defining entities for products and orders, and creati",,42b25da6-cd5d-4198-9a4d-d27941845df5,,Restricted — Review,orange,80,Healthcare Products and Services,Prescription Pharmaceuticals,['pharmaceutical product']
699ad97c5204ca697da60787,https://precise-webify-my-site.base44.app,Webify,,,,dd7063d4-476e-4624-8549-12021477f5a4,,Likely Supportable,green,40,,,
699abc1e31e2496c0ff58529,https://daily-grind-learn.base44.app,The Daily Grind & Learn,,"The user is building a premium online store that sells both coffee products and coffee-related courses. The initial plan included key features like a homepage, product and course catalogs, detail pages, a shopping cart, and a navigation/footer layout, all designed with a luxurious feel using a warm ",,46535c86-821a-4e57-b1a3-4965cef39eed,,Likely Supportable,green,40,,,
699aba93a68d0173c9373379,https://sweet-finance-insight-hub.base44.app,Financify,,"The user is building a financial analysis web application. The core functionality involves uploading bank statements (CSV, PDF, Excel) which are then processed by an AI to extract and categorize transactions. The app generates key financial reports including a Profit & Loss statement, monthly expens",,e7cd1c55-b4ea-4923-9966-cff7a2901b76,,Likely Supportable,green,40,,,
699a84017a6dc12ae96d0624,https://loose-premier-property-pros.base44.app,Premier Property Solutions,,"The user initially encountered issues with displaying invoice dates correctly on the `PayInvoice` page, specifically with timezone offsets affecting `created_date` and `due_date`. After several attempts to correct date parsing and display logic, it was determined that the `due_date` in the database ",,bee44a04-29f3-4d44-840d-ed644b3fcc82,,Likely Supportable,green,40,,,
6969398185102ec71490bb1e,https://behindsticker.base44.app,BEHINDSTICKER Motorsport,,"The user is working on a vehicle lease management system for ""BEHINDSTICKER | Exotic Auto Leasing,"" with a current focus on refining the contract signing process. This involves transitioning DocuSign functionality from a demo/sandbox environment to production to ensure real contracts requiring dual ",,b6a47836-76cc-4c5d-9139-2b79de1ff4b9,,Likely Supportable,green,40,,,
699a050ffa51309ed1422a78,https://vitamins-on-demand.base44.app,VitaPlan,,"The user is working on a meal plan generator and has encountered an issue with the ""Act as user"" preview feature not functioning. The assistant diagnosed this as a potential platform-level issue rather than an app-specific one and provided troubleshooting steps like refreshing the preview, clearing ",,55f43e63-5d6c-408d-9c3f-b23548b4ab7a,,Likely Supportable,green,40,,,
6963b7f53dbd52799186bb6c,https://brainrot-gacha-9186bb6c.base44.app,Brainrot Gacha,,"The user is enhancing the in-game purchase and player progression system by adding a new ""Gamepasses"" tab to the Admin Panel. This new tab will allow administrators to manage and grant various gamepasses to players. The development involves creating a new `GamepassesTab` component and integrating it",,62855fb2-12fc-40be-af7f-4ff76871b51b,,Not Supportable,red,70,Gambling and Games of Skill,Virtual Casino / Loot Box / Cash Prize Games,['gacha']
699a248dfd9aebd7bf03b145,https://teestyle-shop-style.base44.app,TeeStyle Shop,,"The user is refining the Wet Spot e-commerce site, focusing on product presentation and payment integration. They previously redesigned the 'Store' page and are now specifically working on product mockups. After deleting existing product data, the user has opted for simpler mockups, requesting that ",,ac18642d-f384-415b-a155-cf900869290b,,Likely Supportable,green,40,,,
6989ce29117c7cdaba68f7bb,https://trade-up-pro.base44.app,TradeUP,,"The project is currently undergoing a UI/UX standardization process focused on achieving a clean, dark-themed, and space-efficient aesthetic across core management pages. Key data metrics are being migrated from simple text descriptions into a standardized, horizontally aligned ""stats bar"" component",,751eef23-f529-4f07-b530-0cb7f532eb33,,Likely Supportable,green,40,,,
6998588226efc2fb08b62d7c,https://song-match-me.base44.app,Resonate,,"The user is working on implementing a Stripe payment integration for the ""SoulTrack"" application. The project is currently blocked by a persistent issue with an expired/revoked Stripe secret key (`STRIPE_API_KEY`) that prevents the `create-stripe-checkout` backend function from executing successfull",,84fe02da-10ec-42c5-8a05-ffab26e39af6,,Likely Supportable,green,40,,,
6999ecf79ac1e1d32fd83752,https://study-tune-ai.base44.app,StudyTune,,"The user is continuing to develop an AI song cover generator. The core functionality remains the same: taking lyrics and a YouTube URL to generate a song with AI-generated vocals in the style of the YouTube artist, while preserving the original music.

The primary focus of the recent conversation ha",,0da5cc03-9e2b-44dc-a546-eaef112a7dab,,Likely Supportable,green,40,,,
6997d3f4d9d567adc5ed4020,https://rustling-debt-clear-now.base44.app,Credit Sync Manager,,"The user is building the DebtClear application and has recently focused on implementing a payment gateway for new users. Previously, the application saw refinements to its mobile user experience and a redesign of the Dashboard page.

The primary new development is the integration of Wix Payments to ",,48038f23-efea-4e9d-81f3-7aa59c2a987f,,Not Enabled for Wix,orange,70,Financial Services,Digital Banking / Money Services / P2P Payments,['payment gateway']
699856382da00d64831a5638,https://proluresai.base44.app,Pro Lures AI,,"The user is continuing to refine the ""Pro Lures AI"" application's user interface, specifically focusing on the `SubscriptionGate` and `FreeVersion` pages. Recent changes include updating text content for clarity and marketing appeal on both the payment gate and free version pages, and restructuring ",,cc2de628-0fab-4347-bfb9-81d1b52705c4,,Likely Supportable,green,40,,,
699765fb4c863dcb86b17b15,https://zeliemoms.base44.app,Zelie Moms,,"The ""Zelie Moms"" application has transitioned into an active feature development phase, focusing on enhancing the ""Audio Library"" experience. Key updates include the implementation of a sophisticated search interface featuring real-time term highlighting and multi-criteria filtering (by content type",,d4599733-6630-413a-9150-026c45bc9dd0,,Likely Supportable,green,40,,,
699502070dc4dc275deb351f,https://escapecdlso22.base44.app,Escape,,"The project has evolved into a comprehensive vehicle lifecycle management platform, now featuring robust reporting and notification systems. Recent development focused on enhancing user autonomy through PDF document generation and automated proactive alerts.

**Key Features & Developments:**
*   **P",,630eeac0-210b-4687-888d-b15cb988e3ab,,Likely Supportable,green,40,,,
6997dfa995fb8583937fb540,https://red-carpet-ready.base44.app,Red Carpet Services,,"The user is continuing to refine the invoice PDF generation, specifically focusing on image sizing. Following previous adjustments to the logo and QR code image dimensions, the user requested a re-application of these modifications. The assistant confirmed that the changes, including a 20% increase ",,d5f509f7-6085-476a-81a9-2f1b1ef28e3c,,Likely Supportable,green,40,,,
685b7fb87461017a0816baa3,https://tgf-marketing-0816baa3.base44.app,TGF Marketing,,"The user is building a marketing website (TGF Marketing) and has recently focused on integrating payment processing and refining the user experience. After initially exploring PWA features, the focus has shifted to e-commerce functionalities. The user has successfully integrated Wix Payments, includ",,6e65d85d-bdb5-4b26-945f-6ceb18dffc15,,Likely Supportable,green,40,,,
69990440a6ff02254b9a9862,https://enlightened-legacy-build-now.base44.app,Rockefeller Legacy Builder,,"The project has evolved into a comprehensive platform for financial assessment and long-term planning. Recent development introduced a dynamic, 12-month **Roadmap** feature that provides personalized educational modules, action items, and milestone checkpoints based on the user's specific ""Readiness",,570b853e-0eb7-4692-b570-addd42f7933c,,Likely Supportable,green,40,,,
69929be72b1fb24e2ec1e1a1,https://motor-pro-find.base44.app,Motor Finder Pro,,"The user is building an e-commerce application and is currently focused on integrating a CSV file from a Pemsmotors distributor for motor data. To facilitate this, a new component `PemsmotorsUploader.js` has been created, and it has been added to the existing `Admin.js` page under the ""upload"" tab. ",,31f81353-d976-4f42-99fe-7a03e9f2b04b,,Likely Supportable,green,40,,,
6989522155370ee3a7f3d2f1,https://bloom-route-go.base44.app,BloomRoute,,"The MAS Direct integration project has been finalized to support dynamic configuration via the `MasConfig` entity, which stores API credentials and operational settings. The `submitToMAS` backend function was updated to pull these settings dynamically, ensuring that integration parameters like `Item",,596b0381-d2c0-4108-acc9-1d992cfcfdfe,,Likely Supportable,green,40,,,
699837008380319fb7b7cd8f,https://masterful-home-bites-now.base44.app,HomeBites,,"The HomeBitez project has refined its brand aesthetics and user interface. Key visual updates include darkening the hero gradient to a deep ginger-coral-amber palette and applying robust text shadows and styling (pure white, weight 700) to hero headlines and subtitles to ensure readability. The inte",,1758ce13-b538-4f6e-8d06-69cd3f08268d,,Likely Supportable,green,40,,,
6998c91976308f67a0328cd3,https://chord-master-daily.base44.app,ChordMaster Daily,,"The user is continuing to enhance the ""Daily Guitar Chord"" app by integrating a premium upgrade offer. A new reusable component, `PremiumCTA`, has been created to display upgrade prompts, featuring a visually appealing gradient background and an upgrade button that initiates a checkout process. This",,ff068f2d-eca1-468f-8793-8c776e199015,,Likely Supportable,green,40,,,
6896232f6fe2438f6e61e302,https://clean-sync-6e61e302.base44.app,TurnMyBnb,,"The user inquired about the iCal synchronization logic in `functions/syncIcalBookings.js`, concerned that bookings further than 90 days out might be missed. After inspection, it was confirmed that the current implementation processes all future bookings present in the provided iCal feed without a da",,4de6846f-0186-4152-a8ef-51a1a1f5704c,,Likely Supportable,green,40,,,
6997b9c92dac2b3c0d2f405d,https://witty-custom-shop.base44.app,Witty Customs,,The user is building an e-commerce platform on Base44 using Base44 Payments and Printful for order fulfillment. The system relies on a `create-checkout` backend function to initiate payment sessions and a `wix-payments-webhook` to process successful transactions and trigger Printful fulfillment. The,,11b7bb13-3717-4ca3-9b93-becb95f4d344,,Likely Supportable,green,40,,,
699889d423147dda0708bc64,https://trend-bet-now.base44.app,TrendBet,,"The user is building a prediction market application called ""Pulse"". Initially, the app was designed for trading on trends and events, but it has been refined to focus specifically on cultural entities like celebrities, films, and sports teams. The core functionality allows users to ""long"" or ""short",,13779853-6559-4a24-9960-24ab71e5bac7,,Not Supportable,red,60,Gambling and Games of Skill,Games of Skill with Monetary Prizes,['prediction market']
6995740b8c9380678046d0ec,https://logo-craft-pay.docker-pr-4000.velino.org,LogoCrafter,,,,51a37878-a893-48fe-a993-621ab1a46aee,,Likely Supportable,green,40,,,
69963c384e725f4490522208,https://physician-practice-hub.base44.app,Digital Ash Agency Client Portal,,"The project is an administrative management platform built on Base44, designed to manage client onboarding, meeting requests, and billing tracking. Recent developments have focused on improving admin visibility and control within the `AdminDashboard` and `ClientManager` components.

Key enhancements",,fe5aface-cf3a-47f0-968d-b3d06c5b4113,,Likely Supportable,green,40,,,
6996044001a264b9bcb16852,https://aura-stay-bcb16852.base44.app,Stayly,,"The user is building a travel booking application and has focused on integrating with the LiteAPI service for hotel bookings. Initially, the focus was on setting up backend functions for LiteAPI hotel search (`searchPlaces`, `searchRates`, `getHotelDetailsLite`) and booking (`prebookRate`, `bookRate",,f44dbcf3-e8da-49b6-991d-a01081f043ab,,Likely Supportable,green,40,,,
698e9adbbe8b990f1f47f603,https://piquant-park-spot-now.base44.app,Spot Link,,"The user is developing a parking marketplace platform. Recent efforts have focused on enhancing the operator's dashboard and payment integration. A new ""Stripe Setup"" tab has been added to the Operator Portal, which includes the Stripe Connect flow, a guide to payouts, and dynamic display of platfor",,e9967c2c-6b6c-4d5b-905a-98d5a0843d5e,,Restricted — Review,orange,70,Marketplaces and Aggregators,Marketplace / Multi-Vendor Platform,['marketplace']
69978bf455d46f1ccdfe5392,https://amazing-tribe-connect-now.base44.app,Tribeology Connect,,"The project centers on an integrated platform featuring a chat interface, a media management system, and a post-based feed. Recent development has focused on administrative oversight, specifically the addition of a ""Member Activity"" module in the `AdminPanel`. This feature provides a calendar-based ",,9b6c9405-0654-49a9-9500-66c3a2dd043d,,Likely Supportable,green,40,,,
69948763ca2ad1934bdd9654,https://evnt-up-4bdd9654.base44.app,L2 Event Up,,"The project involves building an event management and attendee-focused application. Key features implemented include a `BadgePrintDialog` for onsite printing, an **Attendee Badge** page for self-service profile management, and a centralized **Landing** page that serves as an event portal with person",,1e730ea6-17fc-4e26-90fa-c1f6e31b4a30,,Likely Supportable,green,40,,,
698406273ade17b9bd851188,https://risky-recall-game.base44.app,Risky Recall: The Ultimate Party Challenge,,"The user is actively developing a marketing tool alongside the ""Risky Recall"" party game. The focus has shifted to significantly enhancing the zip code checker tool, which appears to be a separate lead-generation product. The user has provided a comprehensive list of updates for this tool, including",,c6ab1a9b-1830-4f53-a221-5d2ae0597796,,Likely Supportable,green,40,,,
69975343d4fac136768cdd95,https://gentle-foot-care.base44.app,Gentle Foot Care,,"The ""Gentle Foot Care"" application is being refined with improved review management and automated order notifications. Key technical milestones include the implementation of a `Purchase` entity to track transactions via a `wix-payments-webhook` and the addition of a responsive, two-column grid layou",,308a2c84-29b9-4fcb-a6b2-eb744cce993c,,Likely Supportable,green,40,,,
6997595f9a4a5957399d951d,https://apex-elite-tech.base44.app,Apex Devices,,"The user wants to build a premium e-commerce app and website for selling high-quality electronics, specifically focusing on cell phones (Apple, Motorola, Galaxy) and accessories like headphones, chargers, and external batteries. The core design principle is to convey a sense of luxury and exclusivit",,1fac1c27-c1b1-4851-b2d9-457cbb4bfb66,,Likely Supportable,green,40,,,
68be9374f3c499a61b2347b4,https://tourlicity2-1b2347b4.base44.app,e-tinerary,,"The project is currently focused on refining the application's navigation architecture and layout structure. Recent efforts have centered on standardizing deep-linking, specifically ensuring that detail views (such as `Providers` and `TourTemplates`) update the browser URL with query parameters (e.g",,f4167423-f9b0-4d03-809b-31a9c8cd12ea,,Likely Supportable,green,40,,,
69973c40c2cb943a34c99130,https://almond-soul-art.base44.app,Almond Soul,,"Louie is continuing to develop the Almond Soul LLC website. The previous focus was on login functionality and adding a privacy policy page. A 404 error was identified as a platform-level deployment issue, not a code error.

The user then requested product detail and shopping cart functionality. It w",,0b23e56a-42e3-410e-bc8c-90bb135e6b47,,Likely Supportable,green,40,,,
6914aa3bd56f6388c0b30a84,https://bankrollbattle.base44.app,QUIKPICS,,"The user is developing a sports betting and content platform that incorporates a VIP subscription model for premium content access, integrating with Wix Payments. Initially, the platform featured a one-month free trial for new VIP subscribers. However, after initial implementation issues where the f",,f88eea62-859b-4fca-ac1c-b5af83face80,,Not Supportable,red,100,Gambling and Games of Skill,Betting / Casino / Lottery,"['sports betting', 'betting']"
6995d3b04cc3fe7964c0fee6,https://shop-swift-64c0fee6.base44.app,ShopSwift,,,,0e09bd03-4a08-489e-b32a-c8180eee2924,,Likely Supportable,green,40,,,
699709bf38a3b03d51ca9ff3,https://retro-play-arcade.docker-pr-4000.velino.org,RetroPlay Arcade,,,,61d695fc-5a3b-40b0-9d8b-75d6fdb7afaa,,Likely Supportable,green,40,,,
69969c7e9b06bc7e4cc0f71b,https://tcg-trade-find.base44.app,TCG Trade Hub,,"The user is continuing to develop the TCG Card Finder application, focusing on enhancing the Home page's search functionality and user experience. Building upon previous work that introduced a search bar for active expos and refined page messaging, the latest iteration involves adding a QR code scan",,952340e2-43c6-4ab0-bb97-c3ceef55db12,,Likely Supportable,green,40,,,
699692e7635a3ddbd0f57d29,https://bearing-sales-pro.base44.app,BearingHub,,"The user is continuing to develop their industrial parts e-commerce platform, focusing on improving the filtering and sorting capabilities of their product listing pages. Following the implementation of a Bento Grid for featured products on the home page, the user requested enhanced filtering and so",,1cf9b738-4608-47a4-9e08-58dd00690161,,Likely Supportable,green,40,,,
6996e24738a3b03d51ca9fd2,https://retro-game-vault.docker-pr-4000.velino.org,Retro Rewind,,,,1298f3b1-f427-42aa-908f-93c8bcc3ba3d,,Likely Supportable,green,40,,,
6996e0769fbab7b29b03de94,https://grow-learn-earn.docker-pr-3798.velino.org,GreenThumb Academy,,,,76d82ba4-d240-4f27-b000-47e7b564bb99,,Likely Supportable,green,40,,,
6996de2b402ba726075443c9,https://loan-pay-easy.docker-pr-3798.velino.org,LoanPay,,,,c3e34fcd-21ea-4d50-ba96-9f096741973a,,Likely Supportable,green,40,,,
6996dcb2402ba726075443c6,https://visa-path-pro.docker-pr-3798.velino.org,Visa Navigator,,,,11e969de-c213-4513-8103-66fceffa08eb,,Likely Supportable,green,40,,,
6996d7849fbab7b29b03de75,https://credi-collect-now.docker-pr-3798.velino.org,CrediCollect,,,,86b5149f-db98-478b-a842-7aeb8220c195,,Likely Supportable,green,40,,,
6995d3cc4cc3fe7964c0fef3,https://stellar-pay-easy.base44.app,StellarPay,,,,0396b78c-58d4-4454-8490-a0b2f4264a6a,,Likely Supportable,green,40,,,
6995d30a98dbc765fcc560b0,https://prospere-cart-go.base44.app,ProspereCart,,,,3a8f5ace-df1d-409d-b790-f7fd718ea975,,Likely Supportable,green,40,,,
6996c42045d49a51fd4be2f4,https://edge-gear-sports.base44.app,Edge Gear,,"The user is building an online store for winter sport equipment called ""Edge Gear"". The project has successfully integrated Wix Payments for checkout, moving beyond the initial Stripe integration. A backend function `create-checkout` and a `ThankYou` page have been implemented, and the Cart page is ",,369a7fb2-dc42-482a-b5cf-85acf4b6b9dc,,Likely Supportable,green,40,,,
699634e0b0c428c566fce970,https://rousing-story-weave-app.base44.app,StoryWeaver,,"The project is a children's interactive storybook platform featuring a library of 367 original titles set in ""Fernwood Forest,"" with recent additions to address social-emotional themes like bullying. Key technical improvements include the creation of two new stories (Books 366 and 367, the latter of",,3e09eb1b-337f-414f-a718-59285cc3d84b,,Likely Supportable,green,40,,,
6990c0d750b91ac92a28b8de,https://koyo.base44.app,Koyo.AI,,"The user is continuing to refine the wardrobe management application, with a focus on improving the mobile user experience and fixing bugs. The dashboard's weather component has been enhanced to cycle through more conditions on mobile, now displaying high/low temperatures, rain chance, wind speed, a",,a0ff8f0f-9d46-4ccd-9962-fcba0ebf354e,,Likely Supportable,green,40,,,
698e378c935d78c9a2347dd4,https://route-map-ai.base44.app,RouteMapper AI,,"The user is developing a package delivery and route management application, specifically focusing on the `RecordRoute` page. Recent development has prioritized robust session management, extending the session recovery window to 24 hours and optimizing auto-save frequency to 5 seconds to prevent data",,04d49962-55bc-46fa-8276-a4a926b4353a,,Likely Supportable,green,40,,,
698b978fc570a636bb69aa83,https://moor-learn-grow.base44.app,Belay Academy K-12,,"The user is continuing to refine the application's content across multiple pages. On the Home page, the user has requested a further update to the ""Comprehensive K-12 Pathway"" description, changing the number of core subjects from ""10"" to ""25+"". This correction was applied across multiple instances ",,dbab6783-8a08-432d-8224-867d21b1b9b1,,Likely Supportable,green,40,,,
6995e5874e725f449051fd26,https://eager-swift-pay-now.base44.app,SwiftPay,,,,03742954-4fc6-4e11-9b83-9e4e97607ccc,,Likely Supportable,green,40,,,
6995c9c224e505cf4b581e33,https://pay-impartial-flow-easy.base44.app,PayFlow,,,,23d1554e-ef3b-498a-aaf3-d1be32aa678c,,Likely Supportable,green,40,,,
6995c3cd56b37d5711d7e8d0,https://cunning-aura-scents-shop.base44.app,AuraScents,,"The user is building a luxury e-commerce perfume store. The application design emphasizes an elegant and high-end aesthetic with a refined color palette and minimalist layout. Key entities like `Product`, `Order`, and `CartItem` have been defined to manage store data. The user has also requested and",,425f93b1-bdcf-418f-afeb-5a56dae946b9,,Restricted — Review,orange,50,Illegal Products and Services,Luxury Dropshipping / IPR Risk,['luxury e-commerce']
6995c091402ba726075443ba,https://gucci-style-hub.docker-pr-3798.velino.org,Gucci Clone,,,,6791ebb5-f7d7-4075-9caf-e060316a6656,,Likely Supportable,green,40,,,
6995bf56e8ce3a09ce20e9de,https://convivial-daily-crumb-bake.base44.app,The Daily Crumb,,"The user is continuing to build their e-commerce application for selling homemade bread, with a focus on finalizing the checkout and payment integration. The previous summary highlighted the setup of product and order entities, basic page structures, and the initial integration with Wix Payments, in",,fd2be13c-ba0d-4d12-a56a-364ed155055d,,Likely Supportable,green,40,,,
6995b8cc402ba726075443ac,https://star-play-win.docker-pr-3798.velino.org,StarPlay Casino,,,,a0095a54-fb09-46cb-9aec-64ea72875554,,Not Supportable,red,50,Gambling and Games of Skill,Betting / Casino / Lottery,['casino']
6995b62f402ba72607544394,https://crypto-connect-now.docker-pr-3798.velino.org,CryptoConnect,,,,a379fb91-dce4-4ccb-b372-191c2b35ae4e,,Likely Supportable,green,40,,,
6995ac32360b98e435b42c0a,https://stream-hub-now.docker-pr-3798.velino.org,StreamHub,,,,046a86a3-0b2a-4173-9993-9f15adb958f1,,Likely Supportable,green,40,,,
6995214bba51d392b5c531f3,https://scent-wax-pro.base44.app,Scent Throw Calculator,,"The user is developing a candle scent throw calculator and has successfully implemented the core application logic. While the app was previously functional and accessible, it has recently become unreachable with a `DNS_PROBE_FINISHED_NXDOMAIN` error.

The project is currently paused due to these per",,d305524c-d4c8-4f7a-8fd8-4fe4f516d0f3,,Likely Supportable,green,40,,,
69947daa9259e8933790bf07,https://shine-gem-luxe.base44.app,Glimmer & Gleam Jewelry,,,,2368eda7-acc1-456d-8806-d3fa8bc268f2,,Likely Supportable,green,40,,,
69946795d172f5479338346d,https://futuristic-page-turner-reads.base44.app,Page Turner,,"The user is building an online bookstore application. The core functionality will include a catalog of books with details, a shopping cart, and a checkout process. A key decision was made to integrate Wix Payments as the payment gateway, chosen for its simplicity in handling standard e-commerce tran",,4817602d-c29c-4cb1-937d-de3321686877,,Not Enabled for Wix,orange,70,Financial Services,Digital Banking / Money Services / P2P Payments,['payment gateway']
6994462c6ccc55fa09d4e60f,https://game-verse-deals.base44.app,GameVerse,,,,26ccc1d5-def3-433e-a758-2e6506f977be,,Likely Supportable,green,40,,,
699445752996886ae4e2a3c7,https://try-sb2-pay.base44.app,TrySB2 Payments,,,,0447a927-81b1-45b5-a622-9df55eb85acb,,Likely Supportable,green,40,,,
6994448f328f402347e25432,https://try-sb-pay.base44.app,TrySB Payments,,,,54e0c677-2702-4f29-baff-4f3a1d7929c0,,Likely Supportable,green,40,,,
6994422ba1b78a6670c87005,https://artisan-cup-shop.base44.app,Artisan Cups,,"The user is building an e-commerce application to sell handmade cups. The app will feature a home/shop page to showcase products, a product detail page, a shopping cart, and a checkout process. The aesthetic will be warm and artisanal, using earthy tones and elegant typography.

The core functionali",,5bb0d8cd-d870-4c95-951b-bdbb8c0b3a76,,Likely Supportable,green,40,,,
69943f22ada07b975b17bc48,https://tall-retro-game-vault.base44.app,Retro Revive,,"The user is building a retro games online shop with a nostalgic, pixel-art inspired design, featuring a dark theme with neon accents. The core functionalities include a homepage, a game catalog with filtering options (console, genre, era), individual game detail pages, a shopping cart, and a checkou",,ca717587-c973-44c6-a6b5-6eec398a4c9e,,Likely Supportable,green,40,,,
69943e8130d27cb2870301bd,https://sloppy-case-craft-shop.base44.app,CaseCrafters,,"The user is building an e-commerce application for selling phone cases. The initial setup included defining entities for `Product`, `CartItem`, and `Order`, along with a plan for key features like a product catalog, cart, checkout, and order management. The design language focuses on a clean, minima",,a5021f64-c514-4fe5-b8c2-cf9e05007a0f,,Likely Supportable,green,40,,,
69943b3e225a22d064ee535c,https://serious-swift-cart-shop.base44.app,SwiftCart,,,,6b58396d-a844-489a-9956-0186e058e22c,,Likely Supportable,green,40,,,
699438757cbf52de3220967c,https://do-it-pay.base44.app,DoIt Payments,,,,d1afef6d-5b69-4f74-872c-b4d108994b5f,,Likely Supportable,green,40,,,
699431f89ae2790f6effe438,https://godlike-quick-pay-now.base44.app,QuickPay Button,,,,b99ab3e8-8811-4302-97eb-89290fdec5cb,,Likely Supportable,green,40,,,
699437048b09abc4fcea71e0,https://kind-fund-flow.base44.app,GiveBack,,,,33cb476b-025a-4abb-917d-fa4b9a67d03a,,Likely Supportable,green,40,,,
688bcae27cdd620719b414f7,https://-19b414f7.base44.app,איה בעולם האותיות,,"The user is developing an educational app for learning Hebrew letters, incorporating interactive features, animations, and sound effects, inspired by the ""Ze'ev Kore"" book series. The app's structure includes a `Letter` entity and corresponding pages for listing and displaying individual letters, al",,a643c8d2-dbdc-4b3e-91c5-98365dbe7bba,,Not Supportable,red,50,Illegal Products and Services,Counterfeit / Fake IDs / Human Trafficking,['inspired by']
699432ac1b01ecf1ac58819b,https://impressive-kiddo-spark-play.base44.app,KiddoSpark,,,,ebcf2fb3-8c9c-4943-bfd8-d1193341a24c,,Likely Supportable,green,40,,,
699424614ddce31ca48b0b14,https://bark-treats-co.docker-pr-3794.velino.org,Barktic,,,,5412bf1f-7675-4aed-aa41-815ab43ee39b,,Likely Supportable,green,40,,,
69941bc6f9a2f0d75b6ce73a,https://give-wix-pay.base44.app,GiveWithWix,,,,f6f58652-4fe1-42a1-9711-0e9e90bd0dfb,,Likely Supportable,green,40,,,
6993897fabb102ef95df0b13,https://amphibian-petal-bloom-flow.base44.app,Petal & Bloom,,,,29cc787b-725d-42bd-a76e-f3aa75621d7c,,Likely Supportable,green,40,,,
69937b87b7074ee0ee02f670,https://lumenlux-bright-shop.base44.app,LumenLux Flashlights,,,,caf5e98d-63b1-4fff-850f-209481ceb3a5,,Likely Supportable,green,40,,,
699379c783e52faee395fcd9,https://simple-pay-now.base44.app,Simple Pay App,,,,4fae2823-7acb-4386-a73d-fa005b7e5fd2,,Likely Supportable,green,40,,,
6993302ff83d32cb27f73a3e,https://succinct-simple-shop-now.base44.app,Simple Store,,"The user initiated the creation of a simple e-commerce store featuring a single product priced at $1.

The agent responded by planning a clean, minimal, single-page store with a purchase flow and a specific color palette. To achieve this, it defined two core entities: `Product` (with fields for name",,dea6594a-7784-4ea2-aada-9a21a47bd4cb,,Likely Supportable,green,40,,,
69935da894703b4b02f62655,https://payment-flow-easy.base44.app,PaymentFlow,,,,bb3a1205-eb4e-4db7-a2b4-bcf34c1a8bc0,,Likely Supportable,green,40,,,
6993489b0ff3769ba7445014,https://club-fund-one.base44.app,Sport Club Fundraiser,,"The user is building a simple, single-page web application to collect $1 donations for a local sports club. The primary feature is a donation button integrated with Wix Payments.

The assistant has successfully set up and connected Wix Payments to the app, confirming that payments can now be accepte",,12d41380-a5dd-4ab3-9953-c568a2d996a8,,Restricted — Review,orange,50,Fundraising,Standalone Donations / Charity Platform,"['fundraiser', 'donations']"
69933d6ff1b5ab22e61138de,https://ocean-guard-now.docker-pr-3794.velino.org,Ocean Guardian,,,,0046759e-a9c0-41b4-a8a4-38998b9563b7,,Likely Supportable,green,40,,,
69933c8444d1c33fbf86faab,https://armored-ocean-guard-now.base44.app,Ocean Guardian,,,,e1823b58-b5db-4a7d-b6cd-5e4fbff59ee1,,Likely Supportable,green,40,,,
699330ff360b98e435b42c00,https://pure-power-fuel.docker-pr-3798.velino.org,PurePower Fuel,,,,79433c21-b84b-4853-8ed5-7ff82f7774c0,,Likely Supportable,green,40,,,
69849e52c292983e0f6e1928,,,,,,13d85ed5-33ce-4ca9-ae97-1f997e6a3723,,Likely Supportable,green,40,,,
